JvmtiExport can_access_local_variables 0
JvmtiExport can_hotswap_or_post_breakpoint 0
JvmtiExport can_post_on_exceptions 0
# 712 ciObject found
instanceKlass com/android/tools/r8/ir/optimize/K
ciInstanceKlass java/lang/Cloneable 1 0 7 100 1 100 1 1 1
instanceKlass com/android/tools/r8/internal/Tg
instanceKlass com/android/tools/r8/internal/ZV
instanceKlass com/android/tools/r8/e
instanceKlass com/android/tools/r8/internal/a9
instanceKlass com/android/tools/r8/internal/We
instanceKlass com/android/tools/r8/internal/St
instanceKlass com/android/tools/r8/internal/Ff
instanceKlass com/android/tools/r8/utils/v0
instanceKlass com/android/tools/r8/internal/pK
instanceKlass com/android/tools/r8/internal/kp
instanceKlass com/android/tools/r8/internal/ep
instanceKlass com/android/tools/r8/internal/mp
instanceKlass com/android/tools/r8/utils/E0
instanceKlass com/android/tools/r8/graph/W0
instanceKlass com/android/tools/r8/utils/F0
instanceKlass com/android/tools/r8/internal/Cs
instanceKlass com/android/tools/r8/internal/MJ
instanceKlass com/android/tools/r8/internal/YJ
instanceKlass com/android/tools/r8/internal/RC
instanceKlass com/android/tools/r8/internal/hB
instanceKlass com/android/tools/r8/internal/aB
instanceKlass com/android/tools/r8/internal/YA
instanceKlass com/android/tools/r8/internal/ZA
instanceKlass com/android/tools/r8/internal/eB
instanceKlass com/android/tools/r8/internal/kI
instanceKlass java/util/AbstractMap$SimpleImmutableEntry
instanceKlass com/android/tools/r8/internal/k3
instanceKlass com/android/tools/r8/internal/RB
instanceKlass com/android/tools/r8/internal/j3
instanceKlass com/android/tools/r8/utils/A2
instanceKlass com/android/tools/r8/synthesis/G
instanceKlass com/android/tools/r8/utils/structural/i
instanceKlass com/android/tools/r8/internal/q
instanceKlass com/android/tools/r8/internal/p
instanceKlass com/android/tools/r8/internal/fl
instanceKlass com/android/tools/r8/internal/gl
instanceKlass com/android/tools/r8/utils/structural/m
instanceKlass com/android/tools/r8/synthesis/e
instanceKlass com/android/tools/r8/synthesis/H
instanceKlass com/android/tools/r8/internal/Re
instanceKlass com/android/tools/r8/internal/k4
instanceKlass com/android/tools/r8/internal/cD
instanceKlass com/android/tools/r8/internal/Gj
instanceKlass com/android/tools/r8/internal/Se
instanceKlass com/android/tools/r8/internal/TG
instanceKlass com/android/tools/r8/internal/EZ
instanceKlass com/android/tools/r8/utils/I1
instanceKlass com/android/tools/r8/ir/optimize/i0
instanceKlass com/android/tools/r8/references/ArrayReference
instanceKlass com/android/tools/r8/internal/Fb
instanceKlass com/android/tools/r8/internal/e6
instanceKlass com/android/tools/r8/internal/g3
instanceKlass com/android/tools/r8/internal/a7
instanceKlass com/android/tools/r8/internal/gD
instanceKlass com/android/tools/r8/internal/CI
instanceKlass com/android/tools/r8/internal/Mf
instanceKlass com/android/tools/r8/utils/G3
instanceKlass com/android/tools/r8/internal/DG
instanceKlass com/android/tools/r8/internal/s0
instanceKlass com/android/tools/r8/internal/CG
instanceKlass com/android/tools/r8/internal/Nd
instanceKlass java/util/stream/MatchOps$BooleanTerminalSink
instanceKlass java/util/stream/MatchOps$MatchOp
instanceKlass java/util/stream/MatchOps
instanceKlass com/android/tools/r8/internal/PC
instanceKlass com/android/tools/r8/internal/Nf
instanceKlass com/android/tools/r8/internal/uq
instanceKlass com/android/tools/r8/internal/E4
instanceKlass com/android/tools/r8/dex/code/W
instanceKlass com/android/tools/r8/internal/D6
instanceKlass com/android/tools/r8/internal/km
instanceKlass com/android/tools/r8/internal/i2
instanceKlass com/android/tools/r8/internal/f9
instanceKlass java/util/AbstractList$SubList$1
instanceKlass com/android/tools/r8/utils/w2
instanceKlass com/android/tools/r8/internal/Df
instanceKlass com/android/tools/r8/internal/cr
instanceKlass com/android/tools/r8/ir/regalloc/g
instanceKlass com/android/tools/r8/ir/regalloc/h
instanceKlass com/android/tools/r8/ir/regalloc/m
instanceKlass com/android/tools/r8/utils/S1
instanceKlass com/android/tools/r8/utils/h2
instanceKlass com/android/tools/r8/internal/CJ
instanceKlass com/android/tools/r8/internal/EJ
instanceKlass java/util/function/BooleanSupplier
instanceKlass java/util/stream/StreamSpliterators
instanceKlass java/util/stream/AbstractSpinedBuffer
instanceKlass java/util/stream/StreamSpliterators$AbstractWrappingSpliterator
instanceKlass java/util/stream/SliceOps
instanceKlass java/util/stream/SortedOps
instanceKlass com/android/tools/r8/internal/HJ
instanceKlass com/android/tools/r8/internal/k20
instanceKlass com/android/tools/r8/internal/j2
instanceKlass com/android/tools/r8/internal/pE
instanceKlass com/android/tools/r8/internal/Il
instanceKlass com/android/tools/r8/androidapi/h
instanceKlass com/android/tools/r8/internal/S0
instanceKlass com/android/tools/r8/internal/AK
instanceKlass com/android/tools/r8/internal/im
instanceKlass com/android/tools/r8/internal/KK
instanceKlass com/android/tools/r8/utils/V1
instanceKlass com/android/tools/r8/internal/P7
instanceKlass com/android/tools/r8/internal/N00
instanceKlass com/android/tools/r8/utils/n1
instanceKlass java/util/Collections$1
instanceKlass com/android/tools/r8/internal/nN
instanceKlass com/android/tools/r8/internal/vV
instanceKlass com/android/tools/r8/internal/O20
instanceKlass com/android/tools/r8/internal/LI
instanceKlass com/android/tools/r8/graph/e1
instanceKlass com/android/tools/r8/ir/optimize/U
instanceKlass com/android/tools/r8/ir/optimize/M
instanceKlass com/android/tools/r8/graph/R0
instanceKlass com/android/tools/r8/graph/V0
instanceKlass com/android/tools/r8/graph/T2
instanceKlass com/android/tools/r8/internal/OR
instanceKlass com/android/tools/r8/graph/Q0
instanceKlass com/android/tools/r8/dex/code/a
instanceKlass com/android/tools/r8/internal/I6
instanceKlass com/android/tools/r8/internal/Of
instanceKlass com/android/tools/r8/ir/optimize/c0
instanceKlass com/android/tools/r8/ir/optimize/g0
instanceKlass com/android/tools/r8/ir/regalloc/a
instanceKlass com/android/tools/r8/ir/regalloc/n
instanceKlass com/android/tools/r8/ir/regalloc/d
instanceKlass com/android/tools/r8/internal/Ml
instanceKlass java/util/TimSort
instanceKlass java/util/Arrays$LegacyMergeSort
instanceKlass com/android/tools/r8/ir/regalloc/e
instanceKlass com/android/tools/r8/ir/regalloc/c
instanceKlass com/android/tools/r8/internal/L4
instanceKlass com/android/tools/r8/ir/regalloc/j
instanceKlass com/android/tools/r8/internal/BG
instanceKlass com/android/tools/r8/ir/regalloc/b
instanceKlass com/android/tools/r8/ir/optimize/v0
instanceKlass com/android/tools/r8/ir/regalloc/f
instanceKlass com/android/tools/r8/utils/H
instanceKlass com/android/tools/r8/internal/K6$a
instanceKlass com/android/tools/r8/internal/K6
instanceKlass com/android/tools/r8/ir/optimize/J
instanceKlass com/android/tools/r8/synthesis/C
instanceKlass com/android/tools/r8/internal/kg
instanceKlass com/android/tools/r8/internal/G4
instanceKlass com/android/tools/r8/ir/optimize/y
instanceKlass com/android/tools/r8/internal/M0
instanceKlass com/android/tools/r8/internal/IJ
instanceKlass com/android/tools/r8/ir/optimize/p0
instanceKlass com/android/tools/r8/ir/optimize/n0
instanceKlass com/android/tools/r8/ir/optimize/z
instanceKlass com/android/tools/r8/internal/Be
instanceKlass com/android/tools/r8/internal/K4
instanceKlass com/android/tools/r8/internal/m20
instanceKlass com/android/tools/r8/ir/optimize/u
instanceKlass com/android/tools/r8/ir/optimize/l0
instanceKlass com/android/tools/r8/ir/optimize/m0
instanceKlass com/android/tools/r8/ir/optimize/o0
instanceKlass com/android/tools/r8/ir/optimize/r0
instanceKlass com/android/tools/r8/internal/W
instanceKlass com/android/tools/r8/internal/f6
instanceKlass com/android/tools/r8/internal/h6
instanceKlass java/util/stream/ForEachOps$ForEachOp
instanceKlass java/util/stream/ForEachOps
instanceKlass java/util/HashMap$HashMapSpliterator
instanceKlass com/android/tools/r8/internal/tE
instanceKlass java/util/BitSet
instanceKlass com/android/tools/r8/internal/XV
instanceKlass com/android/tools/r8/internal/cY
instanceKlass com/android/tools/r8/internal/dY
instanceKlass com/android/tools/r8/utils/r0
instanceKlass com/android/tools/r8/internal/Ps
instanceKlass com/android/tools/r8/internal/w1
instanceKlass com/android/tools/r8/internal/Jb
instanceKlass com/android/tools/r8/internal/Kb
instanceKlass com/android/tools/r8/internal/sk
instanceKlass com/android/tools/r8/internal/hk
instanceKlass com/android/tools/r8/internal/Lb
instanceKlass com/android/tools/r8/ir/optimize/t
instanceKlass com/android/tools/r8/internal/Pl
instanceKlass com/android/tools/r8/internal/Ol
instanceKlass com/android/tools/r8/internal/MZ
instanceKlass com/android/tools/r8/internal/Ll
instanceKlass com/android/tools/r8/ir/optimize/r
instanceKlass com/android/tools/r8/utils/Q3
instanceKlass com/android/tools/r8/internal/I00
instanceKlass com/android/tools/r8/internal/N4
instanceKlass com/android/tools/r8/ir/optimize/a
instanceKlass com/android/tools/r8/internal/Nl
instanceKlass com/android/tools/r8/internal/Ul
instanceKlass com/android/tools/r8/internal/Md
instanceKlass com/android/tools/r8/internal/Mo
instanceKlass com/android/tools/r8/internal/M4
instanceKlass java/util/LinkedList$ListItr
instanceKlass com/android/tools/r8/internal/wE
instanceKlass com/android/tools/r8/internal/Gr
instanceKlass com/android/tools/r8/internal/Jo
instanceKlass com/android/tools/r8/internal/d10
instanceKlass com/android/tools/r8/internal/r20
instanceKlass com/android/tools/r8/internal/Jl
instanceKlass com/android/tools/r8/dex/code/B1
instanceKlass com/android/tools/r8/internal/hr
instanceKlass com/android/tools/r8/graph/proto/b
instanceKlass com/android/tools/r8/internal/Zp
instanceKlass com/android/tools/r8/internal/Jf
instanceKlass com/android/tools/r8/ir/optimize/D
instanceKlass com/android/tools/r8/internal/kB
instanceKlass com/android/tools/r8/internal/d20
instanceKlass com/android/tools/r8/internal/tR
instanceKlass com/android/tools/r8/internal/qs
instanceKlass com/android/tools/r8/internal/xI
instanceKlass com/android/tools/r8/internal/k9
instanceKlass com/android/tools/r8/internal/b9
instanceKlass com/android/tools/r8/internal/c9
instanceKlass com/android/tools/r8/internal/ES
instanceKlass com/android/tools/r8/internal/Lr
instanceKlass com/android/tools/r8/internal/V6
instanceKlass com/android/tools/r8/internal/No
instanceKlass com/android/tools/r8/internal/fN
instanceKlass com/android/tools/r8/internal/J4
instanceKlass com/android/tools/r8/internal/Fl
instanceKlass com/android/tools/r8/internal/Xl
instanceKlass com/android/tools/r8/internal/Jq
instanceKlass com/android/tools/r8/internal/D
instanceKlass com/android/tools/r8/internal/Zq
instanceKlass com/android/tools/r8/internal/HI
instanceKlass com/android/tools/r8/internal/oq
instanceKlass com/android/tools/r8/internal/v
instanceKlass com/android/tools/r8/internal/fp
instanceKlass com/android/tools/r8/internal/Uo
instanceKlass com/android/tools/r8/graph/proto/d
instanceKlass com/android/tools/r8/graph/proto/c
instanceKlass com/android/tools/r8/graph/proto/j
instanceKlass com/android/tools/r8/internal/jr
instanceKlass com/android/tools/r8/internal/Kl
instanceKlass com/android/tools/r8/internal/S6
instanceKlass com/android/tools/r8/internal/q9
instanceKlass com/android/tools/r8/internal/k1
instanceKlass com/android/tools/r8/internal/Er
instanceKlass com/android/tools/r8/internal/d9
instanceKlass com/android/tools/r8/utils/e1
instanceKlass com/android/tools/r8/internal/p20
instanceKlass com/android/tools/r8/internal/qp
instanceKlass com/android/tools/r8/internal/g7
instanceKlass com/android/tools/r8/internal/j7
instanceKlass com/android/tools/r8/internal/R7
instanceKlass com/android/tools/r8/internal/Q7
instanceKlass com/android/tools/r8/internal/O7
instanceKlass com/android/tools/r8/graph/D
instanceKlass com/android/tools/r8/internal/Wl
instanceKlass com/android/tools/r8/graph/M4
instanceKlass com/android/tools/r8/b0
instanceKlass com/android/tools/r8/references/ClassReference
instanceKlass com/android/tools/r8/references/PrimitiveReference
instanceKlass com/android/tools/r8/references/Reference
instanceKlass com/android/tools/r8/position/MethodPosition
instanceKlass com/android/tools/r8/utils/B0
instanceKlass com/android/tools/r8/utils/j3
instanceKlass com/android/tools/r8/utils/k3
instanceKlass com/android/tools/r8/utils/i3
instanceKlass com/android/tools/r8/utils/h3
instanceKlass com/android/tools/r8/ProgramResource$ByteResource
instanceKlass com/android/tools/r8/FeatureSplit
instanceKlass com/android/tools/r8/graph/e
instanceKlass com/android/tools/r8/graph/x4
instanceKlass com/android/tools/r8/graph/R4
instanceKlass com/android/tools/r8/graph/O4
instanceKlass com/android/tools/r8/graph/P4
instanceKlass com/android/tools/r8/internal/y4
instanceKlass java/lang/Character$CharacterCache
instanceKlass java/io/Bits
instanceKlass java/io/ObjectOutputStream$ReplaceTable
instanceKlass java/io/ObjectOutputStream$HandleTable
instanceKlass java/io/ObjectStreamConstants
instanceKlass java/io/ObjectOutput
instanceKlass com/android/tools/r8/graph/x0
instanceKlass com/android/tools/r8/internal/bB
instanceKlass com/android/tools/r8/shaking/T1
instanceKlass com/android/tools/r8/internal/ib
instanceKlass com/android/tools/r8/internal/hR
instanceKlass java/util/Collections$UnmodifiableCollection$1
instanceKlass com/android/tools/r8/internal/LN
instanceKlass com/android/tools/r8/internal/s7
instanceKlass com/android/tools/r8/internal/oa
instanceKlass com/android/tools/r8/internal/uj
instanceKlass com/android/tools/r8/internal/i8
instanceKlass com/android/tools/r8/internal/E2
instanceKlass com/android/tools/r8/internal/yf
instanceKlass com/android/tools/r8/internal/PZ
instanceKlass com/android/tools/r8/internal/u7
instanceKlass com/android/tools/r8/internal/pf
instanceKlass com/android/tools/r8/internal/Af
instanceKlass com/android/tools/r8/internal/Xg
instanceKlass com/android/tools/r8/internal/KG
instanceKlass com/android/tools/r8/internal/W4
instanceKlass com/android/tools/r8/internal/JG
instanceKlass com/android/tools/r8/internal/Ak
instanceKlass com/android/tools/r8/internal/Ds
instanceKlass com/android/tools/r8/internal/yN
instanceKlass com/android/tools/r8/internal/cB
instanceKlass com/android/tools/r8/ir/optimize/u0
instanceKlass com/android/tools/r8/errors/UnsupportedFeatureDiagnostic
instanceKlass com/android/tools/r8/internal/P10
instanceKlass com/android/tools/r8/internal/S10
instanceKlass com/android/tools/r8/internal/u20
instanceKlass com/android/tools/r8/internal/t20
instanceKlass com/android/tools/r8/internal/q6
instanceKlass com/android/tools/r8/internal/qt
instanceKlass com/android/tools/r8/internal/pt
instanceKlass com/android/tools/r8/internal/nd
instanceKlass com/android/tools/r8/internal/od
instanceKlass com/android/tools/r8/graph/f
instanceKlass com/android/tools/r8/internal/ss
instanceKlass com/android/tools/r8/internal/ws
instanceKlass com/android/tools/r8/internal/Wg
instanceKlass com/android/tools/r8/internal/ys
instanceKlass com/android/tools/r8/utils/W2
instanceKlass com/android/tools/r8/internal/dB
instanceKlass com/android/tools/r8/internal/fB
instanceKlass com/android/tools/r8/internal/iY
instanceKlass com/android/tools/r8/utils/z1
instanceKlass com/android/tools/r8/graph/W
instanceKlass com/android/tools/r8/utils/W
instanceKlass com/android/tools/r8/graph/T
instanceKlass com/android/tools/r8/internal/ff
instanceKlass com/android/tools/r8/internal/Ye
instanceKlass com/android/tools/r8/internal/kf
instanceKlass com/android/tools/r8/internal/f10
instanceKlass com/android/tools/r8/internal/WV
instanceKlass com/android/tools/r8/internal/Yb
instanceKlass com/android/tools/r8/internal/vE
instanceKlass com/android/tools/r8/internal/uE
instanceKlass com/android/tools/r8/internal/pg
instanceKlass com/android/tools/r8/internal/L5
instanceKlass com/android/tools/r8/internal/oj
instanceKlass com/android/tools/r8/internal/x4
instanceKlass com/android/tools/r8/internal/t4
instanceKlass com/android/tools/r8/internal/KI
instanceKlass com/android/tools/r8/internal/l4
instanceKlass com/android/tools/r8/internal/o4
instanceKlass com/android/tools/r8/internal/p4
instanceKlass com/android/tools/r8/internal/q4
instanceKlass com/android/tools/r8/internal/j4
instanceKlass com/android/tools/r8/internal/w4
instanceKlass com/android/tools/r8/internal/ZG
instanceKlass com/android/tools/r8/internal/XG
instanceKlass java/util/Collections$2
instanceKlass com/android/tools/r8/internal/Nk
instanceKlass com/android/tools/r8/ir/optimize/K
instanceKlass com/android/tools/r8/ir/optimize/d
instanceKlass com/android/tools/r8/ir/optimize/e
instanceKlass com/android/tools/r8/internal/f20
instanceKlass com/android/tools/r8/ir/optimize/E
instanceKlass com/android/tools/r8/internal/lY
instanceKlass com/android/tools/r8/ir/optimize/w
instanceKlass com/android/tools/r8/ir/optimize/b
instanceKlass com/android/tools/r8/ir/optimize/x
instanceKlass com/android/tools/r8/graph/d
instanceKlass com/android/tools/r8/shaking/j
instanceKlass com/android/tools/r8/graph/n5
instanceKlass com/android/tools/r8/graph/k5
instanceKlass com/android/tools/r8/shaking/i1
instanceKlass com/android/tools/r8/internal/H0
instanceKlass com/android/tools/r8/internal/QI
instanceKlass com/android/tools/r8/graph/C4
instanceKlass com/android/tools/r8/internal/na
instanceKlass com/android/tools/r8/internal/us
instanceKlass com/android/tools/r8/internal/Qd
instanceKlass com/android/tools/r8/internal/Q8
instanceKlass com/android/tools/r8/internal/xf
instanceKlass com/android/tools/r8/internal/zf
instanceKlass com/android/tools/r8/internal/Bf
instanceKlass com/android/tools/r8/internal/zs
instanceKlass com/android/tools/r8/internal/qf
instanceKlass com/android/tools/r8/internal/of
instanceKlass com/android/tools/r8/graph/V2
instanceKlass com/android/tools/r8/internal/JL
instanceKlass com/android/tools/r8/internal/sn
instanceKlass com/android/tools/r8/internal/g20
instanceKlass com/android/tools/r8/ir/optimize/W
instanceKlass com/android/tools/r8/internal/wF
instanceKlass com/android/tools/r8/ir/optimize/L0
instanceKlass com/android/tools/r8/ir/optimize/y0
instanceKlass com/android/tools/r8/internal/Ao
instanceKlass com/android/tools/r8/internal/rh
instanceKlass com/android/tools/r8/ir/optimize/c
instanceKlass com/android/tools/r8/internal/ko
instanceKlass com/android/tools/r8/internal/qz
instanceKlass com/android/tools/r8/internal/o
instanceKlass com/android/tools/r8/internal/Lo
instanceKlass com/android/tools/r8/internal/gH
instanceKlass com/android/tools/r8/internal/p6
instanceKlass com/android/tools/r8/internal/Q1
instanceKlass com/android/tools/r8/internal/Ui
instanceKlass com/android/tools/r8/internal/io
instanceKlass com/android/tools/r8/internal/Wh
instanceKlass com/android/tools/r8/internal/cF
instanceKlass com/android/tools/r8/internal/KC
instanceKlass com/android/tools/r8/internal/Ib
instanceKlass com/android/tools/r8/internal/Rf
instanceKlass com/android/tools/r8/internal/BF
instanceKlass com/android/tools/r8/internal/uF
instanceKlass com/android/tools/r8/internal/KE
instanceKlass com/android/tools/r8/internal/mh
instanceKlass com/android/tools/r8/internal/mL
instanceKlass com/android/tools/r8/internal/f8
instanceKlass com/android/tools/r8/internal/Vl
instanceKlass com/android/tools/r8/shaking/M
instanceKlass com/android/tools/r8/internal/LL
instanceKlass com/android/tools/r8/internal/S1
instanceKlass com/android/tools/r8/internal/vo
instanceKlass com/android/tools/r8/internal/B4
instanceKlass com/android/tools/r8/internal/Lk
instanceKlass com/android/tools/r8/internal/z9
instanceKlass com/android/tools/r8/internal/P20
instanceKlass com/android/tools/r8/internal/N7
instanceKlass com/android/tools/r8/internal/Fp
instanceKlass com/android/tools/r8/internal/Qr
instanceKlass com/android/tools/r8/internal/y
instanceKlass com/android/tools/r8/internal/Mp
instanceKlass com/android/tools/r8/internal/JM
instanceKlass com/android/tools/r8/internal/Ej
instanceKlass com/android/tools/r8/internal/Tn
instanceKlass com/android/tools/r8/internal/mN
instanceKlass com/android/tools/r8/internal/Pn
instanceKlass com/android/tools/r8/internal/ls
instanceKlass com/android/tools/r8/internal/tq
instanceKlass com/android/tools/r8/internal/L7$a
instanceKlass com/android/tools/r8/internal/o9
instanceKlass com/android/tools/r8/position/TextRange
instanceKlass com/android/tools/r8/graph/E$a
instanceKlass com/android/tools/r8/graph/g0
instanceKlass com/android/tools/r8/internal/x
instanceKlass com/android/tools/r8/internal/yV
instanceKlass com/android/tools/r8/internal/C4
instanceKlass com/android/tools/r8/internal/rq
instanceKlass com/android/tools/r8/internal/J6
instanceKlass com/android/tools/r8/internal/Np
instanceKlass com/android/tools/r8/position/TextPosition
instanceKlass com/android/tools/r8/utils/structural/u
instanceKlass com/android/tools/r8/internal/VV
instanceKlass com/android/tools/r8/graph/U5
instanceKlass com/android/tools/r8/internal/W6
instanceKlass com/android/tools/r8/internal/S7
instanceKlass com/android/tools/r8/internal/t1
instanceKlass com/android/tools/r8/internal/DZ
instanceKlass com/android/tools/r8/internal/I
instanceKlass com/android/tools/r8/internal/n9
instanceKlass com/android/tools/r8/dex/code/d
instanceKlass com/android/tools/r8/dex/code/b
instanceKlass com/android/tools/r8/internal/Yr
instanceKlass com/android/tools/r8/internal/Mr
instanceKlass com/android/tools/r8/internal/Tr
instanceKlass com/android/tools/r8/internal/KM
instanceKlass com/android/tools/r8/internal/Fj
instanceKlass com/android/tools/r8/internal/Xr
instanceKlass com/android/tools/r8/internal/A9
instanceKlass com/android/tools/r8/internal/vM
instanceKlass com/android/tools/r8/internal/vM$a
instanceKlass com/android/tools/r8/graph/h4
instanceKlass com/android/tools/r8/internal/bL
instanceKlass com/android/tools/r8/internal/SR
instanceKlass com/android/tools/r8/internal/GR
instanceKlass com/android/tools/r8/graph/g4
instanceKlass com/android/tools/r8/utils/J1
instanceKlass com/android/tools/r8/utils/m1
instanceKlass com/android/tools/r8/utils/q3
instanceKlass com/android/tools/r8/utils/p3
instanceKlass com/android/tools/r8/utils/d1
instanceKlass com/android/tools/r8/utils/T1
instanceKlass com/android/tools/r8/references/MethodReference
instanceKlass com/android/tools/r8/internal/d8
instanceKlass com/android/tools/r8/dex/code/c
instanceKlass com/android/tools/r8/ir/optimize/info/m
instanceKlass com/android/tools/r8/internal/oF
instanceKlass com/android/tools/r8/internal/Ki
instanceKlass com/android/tools/r8/internal/Yg
instanceKlass com/android/tools/r8/internal/bh
instanceKlass com/android/tools/r8/internal/qR
instanceKlass com/android/tools/r8/internal/h1
instanceKlass com/android/tools/r8/internal/oR
instanceKlass com/android/tools/r8/internal/Li
instanceKlass com/android/tools/r8/ir/optimize/f
instanceKlass com/android/tools/r8/synthesis/b
instanceKlass com/android/tools/r8/internal/bf
instanceKlass com/android/tools/r8/internal/c4
instanceKlass java/lang/invoke/MethodHandle$1
instanceKlass com/android/tools/r8/internal/o2
instanceKlass com/android/tools/r8/internal/n2
instanceKlass com/android/tools/r8/internal/l2
instanceKlass com/android/tools/r8/internal/m2
instanceKlass com/android/tools/r8/androidapi/c
instanceKlass com/android/tools/r8/androidapi/f$a
instanceKlass com/android/tools/r8/androidapi/a
instanceKlass com/android/tools/r8/internal/oQ
instanceKlass com/android/tools/r8/utils/g3
instanceKlass com/android/tools/r8/internal/HB
instanceKlass com/android/tools/r8/internal/GX
instanceKlass com/android/tools/r8/internal/Do
instanceKlass com/android/tools/r8/internal/vi
instanceKlass com/android/tools/r8/internal/TW
instanceKlass com/android/tools/r8/internal/IB
instanceKlass com/android/tools/r8/internal/GB
instanceKlass com/android/tools/r8/internal/KB
instanceKlass com/android/tools/r8/internal/Kn
instanceKlass com/android/tools/r8/internal/lg
instanceKlass com/android/tools/r8/internal/uc
instanceKlass com/android/tools/r8/internal/Cg
instanceKlass com/android/tools/r8/internal/d5
instanceKlass com/android/tools/r8/internal/Z4
instanceKlass com/android/tools/r8/internal/V4
instanceKlass com/android/tools/r8/internal/X4
instanceKlass com/android/tools/r8/internal/ol
instanceKlass com/android/tools/r8/internal/ME
instanceKlass com/android/tools/r8/internal/wI
instanceKlass com/android/tools/r8/internal/Lp
instanceKlass com/android/tools/r8/internal/Ko
instanceKlass com/android/tools/r8/internal/K00
instanceKlass com/android/tools/r8/internal/Oo
instanceKlass com/android/tools/r8/internal/t
instanceKlass com/android/tools/r8/internal/oV
instanceKlass com/android/tools/r8/internal/jo
instanceKlass com/android/tools/r8/internal/y1
instanceKlass com/android/tools/r8/internal/Sf
instanceKlass com/android/tools/r8/internal/xE
instanceKlass com/android/tools/r8/internal/b4
instanceKlass com/android/tools/r8/utils/a2
instanceKlass com/android/tools/r8/utils/F
instanceKlass com/android/tools/r8/shaking/k
instanceKlass com/android/tools/r8/internal/MK
instanceKlass com/android/tools/r8/shaking/l
instanceKlass com/android/tools/r8/startup/StartupProfileBuilder
instanceKlass com/android/tools/r8/utils/M
instanceKlass com/android/tools/r8/profile/art/ArtProfileBuilder
instanceKlass com/android/tools/r8/shaking/d4
instanceKlass com/android/tools/r8/internal/Dk
instanceKlass com/android/tools/r8/internal/oc
instanceKlass com/android/tools/r8/internal/U4
instanceKlass com/android/tools/r8/internal/J3
instanceKlass com/android/tools/r8/internal/cL
instanceKlass com/android/tools/r8/utils/K
instanceKlass com/android/tools/r8/synthesis/z
instanceKlass com/android/tools/r8/synthesis/l
instanceKlass com/android/tools/r8/SyntheticInfoConsumerData
instanceKlass com/android/tools/r8/synthesis/d
instanceKlass com/android/tools/r8/synthesis/U
instanceKlass com/android/tools/r8/synthesis/T
instanceKlass com/android/tools/r8/synthesis/m
instanceKlass com/android/tools/r8/synthesis/a
instanceKlass com/android/tools/r8/synthesis/c
instanceKlass com/android/tools/r8/graph/P5
instanceKlass com/android/tools/r8/graph/z4
instanceKlass com/android/tools/r8/shaking/L1
instanceKlass com/android/tools/r8/shaking/N1
instanceKlass com/android/tools/r8/synthesis/D
instanceKlass com/android/tools/r8/synthesis/n
instanceKlass com/android/tools/r8/synthesis/w
instanceKlass com/android/tools/r8/synthesis/u
instanceKlass com/android/tools/r8/synthesis/y
instanceKlass com/android/tools/r8/utils/r3
instanceKlass java/util/concurrent/ConcurrentLinkedQueue$Itr
instanceKlass com/android/tools/r8/dex/W
instanceKlass com/android/tools/r8/graph/z3
instanceKlass com/android/tools/r8/internal/R00
instanceKlass com/android/tools/r8/internal/Od
instanceKlass com/android/tools/r8/utils/B
instanceKlass com/android/tools/r8/graph/x3$f
instanceKlass com/android/tools/r8/graph/A3
instanceKlass com/android/tools/r8/dex/t
instanceKlass com/android/tools/r8/utils/structural/j
instanceKlass com/android/tools/r8/graph/i1
instanceKlass com/android/tools/r8/internal/go
instanceKlass com/android/tools/r8/internal/fK
instanceKlass com/android/tools/r8/internal/hK
instanceKlass com/android/tools/r8/internal/CK
instanceKlass com/android/tools/r8/internal/rK
instanceKlass com/android/tools/r8/internal/wK
instanceKlass com/android/tools/r8/internal/IK
instanceKlass com/android/tools/r8/internal/P0
instanceKlass com/android/tools/r8/internal/kK
instanceKlass com/android/tools/r8/graph/i3
instanceKlass com/android/tools/r8/graph/h3
instanceKlass com/android/tools/r8/graph/I4
instanceKlass com/android/tools/r8/graph/J4
instanceKlass com/android/tools/r8/graph/I4$a
instanceKlass com/android/tools/r8/utils/F3
instanceKlass com/android/tools/r8/internal/Nt
instanceKlass com/android/tools/r8/internal/tj
instanceKlass com/android/tools/r8/internal/Et
instanceKlass com/android/tools/r8/graph/f1$a
instanceKlass com/android/tools/r8/internal/jV
instanceKlass com/android/tools/r8/internal/Ea
instanceKlass com/android/tools/r8/internal/uo
instanceKlass com/android/tools/r8/internal/ph
instanceKlass com/android/tools/r8/ir/optimize/info/a
instanceKlass com/android/tools/r8/graph/X2
instanceKlass com/android/tools/r8/graph/x2
instanceKlass com/android/tools/r8/naming/U$c
instanceKlass com/android/tools/r8/ir/optimize/info/g
instanceKlass com/android/tools/r8/graph/x3$h
instanceKlass com/android/tools/r8/graph/x3$g
instanceKlass com/android/tools/r8/androidapi/g
instanceKlass com/android/tools/r8/androidapi/e
instanceKlass com/android/tools/r8/internal/tA
instanceKlass com/android/tools/r8/internal/wA
instanceKlass com/android/tools/r8/internal/Gz
instanceKlass com/android/tools/r8/shaking/E2
instanceKlass com/android/tools/r8/internal/uA
instanceKlass com/android/tools/r8/internal/ug
instanceKlass com/android/tools/r8/graph/c1$a
instanceKlass com/android/tools/r8/internal/Xz
instanceKlass com/android/tools/r8/internal/hA
instanceKlass com/android/tools/r8/shaking/b0
instanceKlass com/android/tools/r8/ir/optimize/info/e
instanceKlass com/android/tools/r8/ir/optimize/info/f
instanceKlass com/android/tools/r8/androidapi/f
instanceKlass com/android/tools/r8/internal/Sh
instanceKlass com/android/tools/r8/synthesis/f
instanceKlass com/android/tools/r8/internal/Xe
instanceKlass com/android/tools/r8/internal/YQ
instanceKlass com/android/tools/r8/graph/M
instanceKlass com/android/tools/r8/internal/XQ
instanceKlass com/android/tools/r8/internal/ZQ
instanceKlass com/android/tools/r8/internal/MG
instanceKlass com/android/tools/r8/internal/WQ
instanceKlass com/android/tools/r8/internal/K8
instanceKlass com/android/tools/r8/internal/p7
instanceKlass com/android/tools/r8/internal/e8
instanceKlass com/android/tools/r8/graph/U3
instanceKlass com/android/tools/r8/internal/Th
instanceKlass com/android/tools/r8/internal/RZ
instanceKlass com/android/tools/r8/utils/C
instanceKlass java/util/function/ToIntFunction
instanceKlass com/android/tools/r8/utils/structural/w
instanceKlass com/android/tools/r8/utils/structural/y
instanceKlass com/android/tools/r8/utils/structural/t
instanceKlass com/android/tools/r8/utils/structural/h
instanceKlass com/android/tools/r8/utils/structural/v
instanceKlass com/android/tools/r8/internal/Jd
instanceKlass com/android/tools/r8/graph/x3$i
instanceKlass com/android/tools/r8/graph/x3
instanceKlass com/android/tools/r8/graph/d4
instanceKlass com/android/tools/r8/internal/Wi
instanceKlass com/android/tools/r8/internal/FF
instanceKlass com/android/tools/r8/internal/B2
instanceKlass com/android/tools/r8/internal/UQ
instanceKlass com/android/tools/r8/internal/ld
instanceKlass com/android/tools/r8/internal/OA
instanceKlass com/android/tools/r8/internal/TY
instanceKlass com/android/tools/r8/internal/g4
instanceKlass com/android/tools/r8/internal/fb
instanceKlass java/util/concurrent/ForkJoinPool$DefaultForkJoinWorkerThreadFactory$1
instanceKlass jdk/internal/util/random/RandomSupport
instanceKlass java/util/Random
instanceKlass java/util/random/RandomGenerator
instanceKlass java/util/concurrent/ForkJoinTask$Aux
instanceKlass java/util/concurrent/ForkJoinTask
instanceKlass java/util/concurrent/RunnableFuture
instanceKlass java/util/concurrent/Future
instanceKlass java/util/concurrent/Callable
instanceKlass com/android/tools/r8/synthesis/F
instanceKlass com/android/tools/r8/graph/z2$a
instanceKlass com/android/tools/r8/graph/x3$b
instanceKlass com/android/tools/r8/graph/x3$d
instanceKlass com/android/tools/r8/graph/Z2
instanceKlass com/android/tools/r8/graph/i5
instanceKlass com/android/tools/r8/graph/Q
instanceKlass com/android/tools/r8/graph/S
instanceKlass com/android/tools/r8/graph/e4
instanceKlass java/io/RandomAccessFile$1
instanceKlass com/android/tools/r8/utils/k2
instanceKlass com/android/tools/r8/ProgramResource
instanceKlass com/android/tools/r8/internal/Us
instanceKlass com/android/tools/r8/internal/y6
instanceKlass com/android/tools/r8/graph/z
instanceKlass com/android/tools/r8/graph/X3
instanceKlass com/android/tools/r8/graph/t0
instanceKlass com/android/tools/r8/graph/u0
instanceKlass java/util/concurrent/ConcurrentLinkedQueue$Node
instanceKlass com/android/tools/r8/utils/c0
instanceKlass com/android/tools/r8/internal/C0
instanceKlass com/android/tools/r8/internal/xG
instanceKlass com/android/tools/r8/dex/m
instanceKlass com/android/tools/r8/dex/a
instanceKlass com/android/tools/r8/graph/n4
instanceKlass com/android/tools/r8/graph/o4
instanceKlass java/util/concurrent/atomic/AtomicReference
instanceKlass com/android/tools/r8/graph/c0
instanceKlass com/android/tools/r8/graph/Z
instanceKlass com/android/tools/r8/graph/e0
instanceKlass com/android/tools/r8/dex/c
instanceKlass com/android/tools/r8/utils/v3
instanceKlass com/android/tools/r8/utils/y3
instanceKlass com/android/tools/r8/utils/A3
instanceKlass java/util/concurrent/ForkJoinPool$WorkQueue
instanceKlass java/util/concurrent/ForkJoinPool$DefaultCommonPoolForkJoinWorkerThreadFactory
instanceKlass java/util/concurrent/ForkJoinPool$1
instanceKlass java/util/concurrent/ForkJoinPool$DefaultForkJoinWorkerThreadFactory
instanceKlass java/util/concurrent/ForkJoinPool$ForkJoinWorkerThreadFactory
instanceKlass java/util/concurrent/AbstractExecutorService
instanceKlass java/util/concurrent/Executors
instanceKlass com/android/tools/r8/utils/f3
instanceKlass com/android/tools/r8/utils/U1
instanceKlass com/android/tools/r8/internal/O3
instanceKlass com/android/tools/r8/utils/E2
instanceKlass com/android/tools/r8/internal/qg$a
instanceKlass com/android/tools/r8/internal/qg
instanceKlass com/android/tools/r8/dex/b
instanceKlass com/android/tools/r8/ClassConflictResolver
instanceKlass com/android/tools/r8/utils/X
instanceKlass com/android/tools/r8/internal/eo
instanceKlass com/android/tools/r8/inspector/Inspector
instanceKlass com/android/tools/r8/AssertionsConfiguration$Builder
instanceKlass com/android/tools/r8/AssertionsConfiguration
instanceKlass com/android/tools/r8/utils/D
instanceKlass com/android/tools/r8/utils/Y1
instanceKlass com/android/tools/r8/retrace/ProguardMapProducer
instanceKlass com/android/tools/r8/Y
instanceKlass java/util/logging/Logger$SystemLoggerHelper$1
instanceKlass java/util/logging/Logger$SystemLoggerHelper
instanceKlass java/util/logging/LogManager$4
instanceKlass jdk/internal/logger/BootstrapLogger$BootstrapExecutors
instanceKlass java/io/FilePermission$1
instanceKlass jdk/internal/access/JavaIOFilePermissionAccess
instanceKlass jdk/internal/logger/LoggerFinderLoader
instanceKlass java/util/stream/Streams
instanceKlass java/util/stream/Stream$Builder
instanceKlass java/util/stream/Streams$AbstractStreamBuilderImpl
instanceKlass java/util/stream/FindOps$FindOp
instanceKlass java/util/stream/FindOps$FindSink
instanceKlass java/util/stream/FindOps
instanceKlass java/util/ArrayList$ArrayListSpliterator
instanceKlass java/util/Hashtable$Enumerator
instanceKlass java/util/Collections$SynchronizedCollection
instanceKlass java/util/Properties$EntrySet
instanceKlass java/util/Collections$3
instanceKlass java/util/logging/LogManager$LoggerContext$1
instanceKlass java/util/logging/LogManager$VisitedLoggers
instanceKlass java/util/logging/LogManager$2
instanceKlass sun/security/util/FilePermCompat
instanceKlass java/util/logging/LogManager$LoggingProviderAccess
instanceKlass java/lang/Shutdown$Lock
instanceKlass java/lang/Shutdown
instanceKlass java/lang/ApplicationShutdownHooks$1
instanceKlass java/lang/ApplicationShutdownHooks
instanceKlass java/util/logging/LogManager$LogNode
instanceKlass java/util/logging/LogManager$LoggerContext
instanceKlass java/util/logging/LogManager$1
instanceKlass java/util/logging/LogManager
instanceKlass java/util/logging/Logger$ConfigurationData
instanceKlass java/util/logging/Logger$LoggerBundle
instanceKlass java/util/logging/Level
instanceKlass java/util/logging/Handler
instanceKlass java/util/logging/Logger
instanceKlass com/android/tools/r8/internal/jM
instanceKlass java/util/IdentityHashMap$IdentityHashMapIterator
instanceKlass com/android/tools/r8/internal/KD
instanceKlass com/android/tools/r8/internal/LD
instanceKlass com/android/tools/r8/internal/ND
instanceKlass com/android/tools/r8/utils/A1$p$b
instanceKlass com/android/tools/r8/utils/A1$p$a
instanceKlass com/android/tools/r8/utils/I3
instanceKlass com/android/tools/r8/utils/j0
instanceKlass com/android/tools/r8/graph/w
instanceKlass com/android/tools/r8/shaking/H1
instanceKlass com/android/tools/r8/graph/V3
instanceKlass com/android/tools/r8/graph/h
instanceKlass com/android/tools/r8/shaking/g1
instanceKlass com/android/tools/r8/internal/iT
instanceKlass com/android/tools/r8/internal/jT
instanceKlass com/android/tools/r8/dex/t0
instanceKlass com/android/tools/r8/dex/Y
instanceKlass com/android/tools/r8/utils/g1
instanceKlass com/android/tools/r8/internal/TM
instanceKlass com/android/tools/r8/internal/Q2
instanceKlass com/android/tools/r8/internal/tC
instanceKlass com/android/tools/r8/utils/i1
instanceKlass com/android/tools/r8/internal/S2
instanceKlass com/android/tools/r8/utils/A1$p
instanceKlass com/android/tools/r8/internal/DW
instanceKlass com/android/tools/r8/internal/MM
instanceKlass com/android/tools/r8/internal/FW
instanceKlass com/android/tools/r8/internal/R3
instanceKlass com/android/tools/r8/utils/A1$k
instanceKlass com/android/tools/r8/utils/A1$f
instanceKlass com/android/tools/r8/utils/A1$a
instanceKlass com/android/tools/r8/utils/C1
instanceKlass com/android/tools/r8/internal/kR
instanceKlass com/android/tools/r8/utils/A1$o
instanceKlass com/android/tools/r8/utils/A1$l
instanceKlass com/android/tools/r8/utils/A1$h
instanceKlass sun/util/logging/PlatformLogger
instanceKlass sun/util/logging/PlatformLogger$ConfigurableBridge$LoggerConfiguration
instanceKlass jdk/internal/logger/BootstrapLogger$RedirectedLoggers
instanceKlass jdk/internal/logger/LazyLoggers$LazyLoggerAccessor
instanceKlass jdk/internal/logger/LazyLoggers$LoggerAccessor
instanceKlass jdk/internal/logger/AbstractLoggerWrapper
instanceKlass java/util/ServiceLoader$ProviderImpl
instanceKlass java/util/ServiceLoader$Provider
instanceKlass java/util/ServiceLoader$1
instanceKlass sun/util/logging/internal/LoggingProviderImpl$LogManagerAccess
instanceKlass java/util/concurrent/CopyOnWriteArrayList$COWIterator
instanceKlass jdk/internal/loader/URLClassPath$1
instanceKlass java/lang/CompoundEnumeration
instanceKlass jdk/internal/loader/BuiltinClassLoader$1
instanceKlass java/util/Collections$EmptyEnumeration
instanceKlass java/util/ServiceLoader$3
instanceKlass java/util/ServiceLoader$2
instanceKlass java/util/ServiceLoader$LazyClassPathLookupIterator
instanceKlass java/util/Spliterators$1Adapter
instanceKlass java/util/Spliterators$ArraySpliterator
instanceKlass java/util/ServiceLoader$ModuleServicesLookupIterator
instanceKlass java/util/ServiceLoader
instanceKlass jdk/internal/logger/BootstrapLogger$DetectBackend$1
instanceKlass jdk/internal/logger/BootstrapLogger$DetectBackend
instanceKlass jdk/internal/logger/BootstrapLogger
instanceKlass sun/util/logging/PlatformLogger$ConfigurableBridge
instanceKlass sun/util/logging/PlatformLogger$Bridge
instanceKlass jdk/internal/logger/DefaultLoggerFinder$1
instanceKlass java/lang/System$LoggerFinder
instanceKlass jdk/internal/logger/LazyLoggers$LazyLoggerFactories
instanceKlass jdk/internal/logger/LazyLoggers$1
instanceKlass jdk/internal/logger/LazyLoggers
instanceKlass jdk/internal/misc/ThreadTracker
instanceKlass jdk/internal/event/EventHelper$ThreadTrackHolder
instanceKlass sun/security/util/MemoryCache$QueueCacheEntry
instanceKlass sun/net/www/MessageHeader
instanceKlass sun/net/www/protocol/jar/JarFileFactory
instanceKlass sun/net/www/protocol/jar/URLJarFile$URLJarFileCloseController
instanceKlass java/net/URLConnection
instanceKlass jdk/internal/loader/BuiltinClassLoader$2
instanceKlass com/android/tools/r8/utils/N3
instanceKlass com/android/tools/r8/Version
instanceKlass com/android/tools/r8/utils/A1$i
instanceKlass com/android/tools/r8/utils/A1$e
instanceKlass com/android/tools/r8/utils/A1$d
instanceKlass com/android/tools/r8/utils/A1$c
instanceKlass com/android/tools/r8/utils/F1
instanceKlass com/android/tools/r8/utils/e3
instanceKlass com/android/tools/r8/internal/J1
instanceKlass com/android/tools/r8/utils/A1$m
instanceKlass com/android/tools/r8/utils/D1
instanceKlass java/util/concurrent/atomic/AtomicBoolean
instanceKlass com/android/tools/r8/utils/H0
instanceKlass com/android/tools/r8/internal/C9
instanceKlass com/android/tools/r8/graph/z5
instanceKlass com/android/tools/r8/internal/U00
instanceKlass com/android/tools/r8/internal/GD
instanceKlass com/android/tools/r8/internal/cu
instanceKlass com/android/tools/r8/utils/A1
instanceKlass com/android/tools/r8/shaking/L0
instanceKlass com/android/tools/r8/InputDependencyGraphConsumer
instanceKlass com/android/tools/r8/shaking/P2
instanceKlass com/android/tools/r8/internal/ul
instanceKlass com/android/tools/r8/internal/Cl
instanceKlass com/android/tools/r8/internal/pl
instanceKlass com/android/tools/r8/internal/wz
instanceKlass com/android/tools/r8/internal/vz
instanceKlass com/android/tools/r8/internal/uz
instanceKlass java/util/stream/Sink$ChainedInt
instanceKlass java/util/stream/Sink$OfInt
instanceKlass java/util/function/IntConsumer
instanceKlass java/util/function/IntFunction
instanceKlass java/util/stream/Streams$RangeIntSpliterator
instanceKlass java/util/stream/IntStream
instanceKlass com/android/tools/r8/internal/J0
instanceKlass com/android/tools/r8/internal/fJ
instanceKlass com/android/tools/r8/internal/UI
instanceKlass com/android/tools/r8/internal/tz
instanceKlass com/android/tools/r8/internal/xz
instanceKlass java/util/stream/Sink$ChainedReference
instanceKlass java/util/stream/ReduceOps$AccumulatingSink
instanceKlass java/util/stream/TerminalSink
instanceKlass java/util/stream/Sink
instanceKlass java/util/stream/ReduceOps$Box
instanceKlass java/util/stream/ReduceOps$ReduceOp
instanceKlass java/util/stream/TerminalOp
instanceKlass java/util/stream/ReduceOps
instanceKlass java/util/function/BinaryOperator
instanceKlass java/util/function/BiConsumer
instanceKlass java/util/stream/Collectors$CollectorImpl
instanceKlass java/util/stream/Collector
instanceKlass java/util/stream/Collectors
instanceKlass sun/reflect/annotation/AnnotationParser
instanceKlass java/lang/Class$3
instanceKlass java/util/EnumMap$1
instanceKlass java/util/stream/StreamOpFlag$MaskBuilder
instanceKlass java/util/stream/Stream
instanceKlass java/util/stream/BaseStream
instanceKlass java/util/stream/PipelineHelper
instanceKlass java/util/stream/StreamSupport
instanceKlass java/util/Spliterators$IteratorSpliterator
instanceKlass java/util/Spliterator$OfDouble
instanceKlass java/util/Spliterator$OfLong
instanceKlass java/util/Spliterator$OfInt
instanceKlass java/util/Spliterator$OfPrimitive
instanceKlass java/util/Spliterators$EmptySpliterator
instanceKlass java/util/Spliterators
instanceKlass com/android/tools/r8/internal/Wk
instanceKlass com/android/tools/r8/internal/QK
instanceKlass com/android/tools/r8/internal/el
instanceKlass com/android/tools/r8/synthesis/L$b
instanceKlass com/android/tools/r8/synthesis/K
instanceKlass com/android/tools/r8/internal/bl
instanceKlass com/android/tools/r8/synthesis/L
instanceKlass com/android/tools/r8/graph/j2
instanceKlass com/android/tools/r8/graph/g2
instanceKlass com/android/tools/r8/graph/a2
instanceKlass com/android/tools/r8/graph/S1
instanceKlass com/android/tools/r8/graph/e2
instanceKlass com/android/tools/r8/graph/c2
instanceKlass com/android/tools/r8/graph/x1
instanceKlass com/android/tools/r8/graph/d2
instanceKlass com/android/tools/r8/graph/J1
instanceKlass com/android/tools/r8/graph/Z1
instanceKlass com/android/tools/r8/graph/M1
instanceKlass com/android/tools/r8/graph/P1
instanceKlass com/android/tools/r8/graph/N1
instanceKlass com/android/tools/r8/graph/O1
instanceKlass com/android/tools/r8/graph/t1
instanceKlass com/android/tools/r8/graph/g
instanceKlass com/android/tools/r8/graph/G1
instanceKlass com/android/tools/r8/graph/E1
instanceKlass com/android/tools/r8/graph/D1
instanceKlass com/android/tools/r8/graph/w1
instanceKlass com/android/tools/r8/graph/y1$d
instanceKlass com/android/tools/r8/graph/f2
instanceKlass com/android/tools/r8/graph/A1
instanceKlass com/android/tools/r8/graph/y1$b
instanceKlass com/android/tools/r8/graph/b2
instanceKlass com/android/tools/r8/utils/j1
instanceKlass com/android/tools/r8/graph/i2
instanceKlass com/android/tools/r8/references/TypeReference
instanceKlass com/android/tools/r8/graph/t4
instanceKlass com/android/tools/r8/graph/y4
instanceKlass com/android/tools/r8/graph/B0
instanceKlass java/lang/invoke/LambdaFormEditor$1
instanceKlass java/lang/StrictMath
instanceKlass com/android/tools/r8/internal/cl
instanceKlass com/android/tools/r8/internal/is
instanceKlass com/android/tools/r8/internal/Nr
instanceKlass com/android/tools/r8/internal/EK
instanceKlass com/android/tools/r8/internal/sK
instanceKlass com/android/tools/r8/internal/yS
instanceKlass com/android/tools/r8/internal/ZU
instanceKlass com/android/tools/r8/internal/Pt
instanceKlass com/android/tools/r8/internal/qK
instanceKlass com/android/tools/r8/utils/structural/a
instanceKlass com/android/tools/r8/utils/structural/z
instanceKlass com/android/tools/r8/utils/structural/o
instanceKlass com/android/tools/r8/utils/structural/n
instanceKlass com/android/tools/r8/dex/X
instanceKlass com/android/tools/r8/utils/L
instanceKlass com/android/tools/r8/internal/ar
instanceKlass com/android/tools/r8/internal/C
instanceKlass com/android/tools/r8/internal/Pq
instanceKlass com/android/tools/r8/internal/Tj
instanceKlass com/android/tools/r8/internal/O00
instanceKlass com/android/tools/r8/graph/X1
instanceKlass com/android/tools/r8/graph/y1
instanceKlass com/android/tools/r8/utils/structural/r
instanceKlass com/android/tools/r8/utils/S0$a
instanceKlass com/android/tools/r8/utils/O
instanceKlass com/android/tools/r8/utils/J0
instanceKlass com/android/tools/r8/utils/P2
instanceKlass com/android/tools/r8/internal/qM
instanceKlass com/android/tools/r8/position/Position
instanceKlass com/android/tools/r8/shaking/K0
instanceKlass com/android/tools/r8/utils/ArchiveResourceProvider
instanceKlass com/android/tools/r8/DataResourceProvider
instanceKlass java/lang/invoke/MethodHandles$1
instanceKlass java/lang/Long$LongCache
instanceKlass com/android/tools/r8/b
instanceKlass com/android/tools/r8/internal/Pb
instanceKlass com/android/tools/r8/internal/v0
instanceKlass com/android/tools/r8/internal/fk
instanceKlass com/android/tools/r8/internal/fL
instanceKlass com/android/tools/r8/internal/Fm
instanceKlass com/android/tools/r8/internal/S4
instanceKlass com/android/tools/r8/utils/u0
instanceKlass com/android/tools/r8/utils/R3
instanceKlass java/util/zip/ZipFile$ZipEntryIterator
instanceKlass java/util/function/Predicate
instanceKlass com/android/tools/r8/utils/q1
instanceKlass com/android/tools/r8/utils/Y0
instanceKlass sun/nio/fs/WindowsPath$1
instanceKlass com/android/tools/r8/utils/b3
instanceKlass com/android/tools/r8/utils/b1
instanceKlass java/util/function/Consumer
instanceKlass com/android/tools/r8/internal/rm
instanceKlass java/util/Spliterator
instanceKlass com/android/tools/r8/r$a
instanceKlass com/android/tools/r8/r
instanceKlass java/util/function/BiPredicate
instanceKlass com/android/tools/r8/utils/p$a
instanceKlass com/android/tools/r8/DataResource
instanceKlass com/android/tools/r8/DataResourceProvider$Visitor
instanceKlass com/android/tools/r8/internal/nb
instanceKlass com/android/tools/r8/utils/p
instanceKlass com/android/tools/r8/utils/Q2
instanceKlass com/android/tools/r8/q
instanceKlass com/android/tools/r8/GlobalSyntheticsConsumer
instanceKlass com/android/tools/r8/PartitionMapConsumer
instanceKlass com/android/tools/r8/internal/sf
instanceKlass com/android/tools/r8/ClassFileConsumer$ForwardingConsumer
instanceKlass com/android/tools/r8/ClassFileConsumer
instanceKlass com/android/tools/r8/DexFilePerClassFileConsumer$ForwardingConsumer
instanceKlass com/android/tools/r8/DexFilePerClassFileConsumer
instanceKlass com/android/tools/r8/U
instanceKlass com/android/tools/r8/DataResourceConsumer
instanceKlass com/android/tools/r8/DexIndexedConsumer$ForwardingConsumer
instanceKlass com/android/tools/r8/DexIndexedConsumer
instanceKlass com/android/tools/r8/ByteBufferProvider
instanceKlass com/android/tools/r8/ProgramConsumer
instanceKlass com/android/tools/r8/internal/LM
instanceKlass com/android/tools/r8/internal/G10
instanceKlass com/android/tools/r8/internal/hl
instanceKlass com/android/tools/r8/internal/bs
instanceKlass com/android/tools/r8/internal/cs
instanceKlass com/android/tools/r8/internal/in
instanceKlass com/android/tools/r8/profile/art/ArtProfileProvider
instanceKlass com/android/tools/r8/profile/art/ArtProfileConsumer
instanceKlass com/android/tools/r8/StringConsumer
instanceKlass com/android/tools/r8/m0
instanceKlass com/android/tools/r8/Resource
instanceKlass com/android/tools/r8/ClassFileResourceProvider
instanceKlass com/android/tools/r8/o
instanceKlass com/android/tools/r8/naming/P
instanceKlass com/android/tools/r8/M
instanceKlass com/android/tools/r8/utils/P0
instanceKlass com/android/tools/r8/DiagnosticsHandler
instanceKlass com/android/tools/r8/utils/S0
instanceKlass com/android/tools/r8/utils/T0
instanceKlass java/lang/PublicMethods$Key
instanceKlass java/lang/PublicMethods$MethodList
instanceKlass java/util/concurrent/ExecutorService
instanceKlass java/util/concurrent/Executor
instanceKlass com/android/tools/r8/internal/GW
instanceKlass com/android/tools/r8/internal/b1
instanceKlass com/android/tools/r8/internal/qd
instanceKlass com/android/tools/r8/internal/x1
instanceKlass com/android/tools/r8/graph/h5
instanceKlass com/android/tools/r8/graph/r0
instanceKlass com/android/tools/r8/ProgramResourceProvider
instanceKlass com/android/tools/r8/dex/k
instanceKlass com/android/tools/r8/Diagnostic
instanceKlass com/android/tools/r8/internal/Im
instanceKlass com/android/tools/r8/graph/s0
instanceKlass com/android/tools/r8/graph/Z0
instanceKlass com/android/tools/r8/utils/structural/x
instanceKlass com/android/tools/r8/utils/structural/s
instanceKlass com/android/tools/r8/utils/structural/k
instanceKlass com/android/tools/r8/graph/B5
instanceKlass com/android/tools/r8/graph/w5
instanceKlass com/android/tools/r8/graph/C5
instanceKlass com/android/tools/r8/graph/x5
instanceKlass com/android/tools/r8/graph/j1
instanceKlass com/android/tools/r8/graph/Y
instanceKlass com/android/tools/r8/graph/O
instanceKlass com/android/tools/r8/graph/j0
instanceKlass jdk/internal/reflect/ClassDefiner$1
instanceKlass jdk/internal/reflect/ClassDefiner
instanceKlass jdk/internal/reflect/MethodAccessorGenerator$1
instanceKlass jdk/internal/reflect/Label$PatchInfo
instanceKlass jdk/internal/reflect/Label
instanceKlass jdk/internal/reflect/UTF8
instanceKlass jdk/internal/reflect/ClassFileAssembler
instanceKlass jdk/internal/reflect/ByteVectorImpl
instanceKlass jdk/internal/reflect/ByteVector
instanceKlass jdk/internal/reflect/ByteVectorFactory
instanceKlass jdk/internal/reflect/AccessorGenerator
instanceKlass jdk/internal/reflect/ClassFileConstants
instanceKlass com/android/tools/r8/BaseCommand$Builder
instanceKlass com/android/tools/r8/origin/Origin
instanceKlass com/android/tools/r8/naming/p0
instanceKlass com/android/tools/r8/BaseCommand
instanceKlass com/android/tools/r8/D8
instanceKlass java/security/SecureClassLoader$DebugHolder
instanceKlass java/security/PermissionCollection
instanceKlass java/security/SecureClassLoader$1
instanceKlass java/security/SecureClassLoader$CodeSourceKey
instanceKlass java/util/zip/Checksum$1
instanceKlass java/util/zip/CRC32
instanceKlass java/util/zip/Checksum
instanceKlass sun/nio/ByteBuffered
instanceKlass sun/security/util/ManifestEntryVerifier$SunProviderHolder
instanceKlass java/lang/Package$VersionInfo
instanceKlass java/lang/NamedPackage
instanceKlass java/util/LinkedList$Node
instanceKlass java/util/Base64$Encoder
instanceKlass java/util/Base64$Decoder
instanceKlass java/util/Base64
instanceKlass javax/crypto/SecretKey
instanceKlass sun/security/util/Length
instanceKlass sun/security/util/KeyUtil
instanceKlass java/security/interfaces/XECKey
instanceKlass java/security/interfaces/ECKey
instanceKlass sun/security/util/JarConstraintsParameters
instanceKlass sun/security/util/ConstraintsParameters
instanceKlass java/security/Timestamp
instanceKlass sun/security/timestamp/TimestampToken
instanceKlass java/security/cert/CertPath
instanceKlass java/math/MutableBigInteger
instanceKlass sun/security/rsa/RSAPadding
instanceKlass sun/security/rsa/RSACore
instanceKlass java/security/interfaces/RSAPrivateCrtKey
instanceKlass sun/security/pkcs/PKCS8Key
instanceKlass java/security/interfaces/RSAPrivateKey
instanceKlass java/security/PrivateKey
instanceKlass javax/security/auth/Destroyable
instanceKlass java/security/Signature$1
instanceKlass jdk/internal/access/JavaSecuritySignatureAccess
instanceKlass java/security/SignatureSpi
instanceKlass jdk/internal/icu/util/CodePointTrie$Data
instanceKlass jdk/internal/icu/util/CodePointTrie$1
instanceKlass jdk/internal/icu/util/CodePointMap
instanceKlass jdk/internal/icu/util/VersionInfo
instanceKlass jdk/internal/jimage/ImageLocation
instanceKlass jdk/internal/jimage/decompressor/Decompressor
instanceKlass jdk/internal/jimage/ImageStringsReader
instanceKlass jdk/internal/jimage/ImageStrings
instanceKlass jdk/internal/jimage/ImageHeader
instanceKlass jdk/internal/jimage/NativeImageBuffer$1
instanceKlass jdk/internal/jimage/NativeImageBuffer
instanceKlass jdk/internal/jimage/BasicImageReader$1
instanceKlass jdk/internal/jimage/BasicImageReader
instanceKlass jdk/internal/jimage/ImageReader
instanceKlass jdk/internal/jimage/ImageReaderFactory$1
instanceKlass java/nio/file/FileSystems$DefaultFileSystemHolder$1
instanceKlass java/nio/file/FileSystems$DefaultFileSystemHolder
instanceKlass java/nio/file/FileSystems
instanceKlass java/nio/file/Paths
instanceKlass jdk/internal/jimage/ImageReaderFactory
instanceKlass jdk/internal/module/SystemModuleFinders$SystemImage
instanceKlass jdk/internal/module/SystemModuleFinders$SystemModuleReader
instanceKlass java/lang/module/ModuleReader
instanceKlass jdk/internal/loader/BuiltinClassLoader$5
instanceKlass jdk/internal/module/Checks
instanceKlass jdk/internal/module/Resources
instanceKlass jdk/internal/icu/impl/ICUBinary$1
instanceKlass jdk/internal/icu/impl/ICUBinary
instanceKlass jdk/internal/icu/impl/NormalizerImpl$IsAcceptable
instanceKlass jdk/internal/icu/impl/ICUBinary$Authenticate
instanceKlass jdk/internal/icu/impl/NormalizerImpl
instanceKlass jdk/internal/icu/impl/Norm2AllModes$Norm2AllModesSingleton
instanceKlass jdk/internal/icu/impl/Norm2AllModes$NFKCSingleton
instanceKlass jdk/internal/icu/impl/Norm2AllModes
instanceKlass jdk/internal/icu/text/Normalizer2
instanceKlass jdk/internal/icu/text/NormalizerBase$ModeImpl
instanceKlass jdk/internal/icu/text/NormalizerBase$NFKDModeImpl
instanceKlass jdk/internal/icu/text/NormalizerBase$1
instanceKlass jdk/internal/icu/text/NormalizerBase$Mode
instanceKlass jdk/internal/icu/text/NormalizerBase
instanceKlass java/text/Normalizer
instanceKlass sun/security/x509/AVAKeyword
instanceKlass java/util/StringJoiner
instanceKlass sun/security/util/SignatureUtil
instanceKlass java/lang/constant/DynamicConstantDesc
instanceKlass java/lang/constant/DirectMethodHandleDesc$1
instanceKlass java/lang/constant/DirectMethodHandleDescImpl$1
instanceKlass java/lang/constant/DirectMethodHandleDescImpl
instanceKlass java/lang/constant/DirectMethodHandleDesc
instanceKlass java/lang/constant/MethodHandleDesc$1
instanceKlass java/lang/constant/MethodHandleDesc
instanceKlass java/lang/constant/MethodTypeDescImpl
instanceKlass java/lang/constant/MethodTypeDesc
instanceKlass java/lang/constant/ReferenceClassDescImpl
instanceKlass java/lang/constant/ConstantUtils
instanceKlass java/lang/constant/ClassDesc
instanceKlass java/lang/constant/ConstantDescs
instanceKlass java/lang/invoke/VarHandle$2
instanceKlass java/lang/invoke/VarHandle$TypesAndInvokers
instanceKlass java/lang/invoke/VarHandle$AccessDescriptor
instanceKlass java/lang/invoke/VarHandleByteArrayBase
instanceKlass sun/security/provider/ByteArrayAccess$BE
instanceKlass sun/security/provider/ByteArrayAccess
instanceKlass sun/security/util/MessageDigestSpi2
instanceKlass sun/security/util/SecurityProperties
instanceKlass sun/security/util/CryptoAlgorithmConstraints$CryptoHolder
instanceKlass java/security/MessageDigestSpi
instanceKlass sun/security/pkcs/ESSCertId
instanceKlass sun/security/pkcs/SigningCertificateInfo
instanceKlass java/lang/Byte$ByteCache
instanceKlass sun/security/pkcs/PKCS9Attribute
instanceKlass sun/security/pkcs/PKCS9Attributes
instanceKlass java/time/Instant
instanceKlass java/time/zone/ZoneOffsetTransition
instanceKlass java/time/LocalTime
instanceKlass java/time/temporal/ValueRange
instanceKlass java/time/Duration
instanceKlass java/time/temporal/TemporalAmount
instanceKlass java/time/temporal/TemporalUnit
instanceKlass java/time/temporal/TemporalField
instanceKlass java/time/LocalDate
instanceKlass java/time/chrono/ChronoLocalDate
instanceKlass java/time/ZonedDateTime
instanceKlass java/time/chrono/ChronoZonedDateTime
instanceKlass java/time/LocalDateTime
instanceKlass java/time/chrono/ChronoLocalDateTime
instanceKlass java/time/temporal/Temporal
instanceKlass java/time/zone/ZoneOffsetTransitionRule
instanceKlass java/time/zone/ZoneRules
instanceKlass java/time/temporal/TemporalAdjuster
instanceKlass java/time/temporal/TemporalAccessor
instanceKlass java/time/ZoneId
instanceKlass java/util/regex/Pattern$BmpCharPredicate
instanceKlass java/util/regex/CharPredicates
instanceKlass sun/security/util/DisabledAlgorithmConstraints$Constraints$Holder
instanceKlass sun/security/util/DisabledAlgorithmConstraints$1
instanceKlass sun/security/util/DisabledAlgorithmConstraints$Constraint
instanceKlass java/util/StringTokenizer
instanceKlass java/security/spec/ECFieldF2m
instanceKlass java/security/spec/ECParameterSpec
instanceKlass java/security/spec/ECPoint
instanceKlass java/security/spec/EllipticCurve
instanceKlass java/security/spec/ECFieldFp
instanceKlass java/security/spec/ECField
instanceKlass sun/security/util/CurveDB
instanceKlass sun/security/util/DisabledAlgorithmConstraints$Constraints
instanceKlass java/util/regex/IntHashSet
instanceKlass java/util/regex/Matcher
instanceKlass java/util/regex/MatchResult
instanceKlass java/util/TreeMap$PrivateEntryIterator
instanceKlass java/util/NavigableSet
instanceKlass java/util/SortedSet
instanceKlass sun/security/util/AbstractAlgorithmConstraints$1
instanceKlass sun/security/util/AlgorithmDecomposer
instanceKlass sun/security/util/DisabledAlgorithmConstraints$JarHolder
instanceKlass java/util/regex/Pattern$TreeInfo
instanceKlass java/util/regex/Pattern$CharPredicate
instanceKlass java/util/regex/ASCII
instanceKlass java/util/regex/Pattern$Node
instanceKlass java/util/regex/Pattern
instanceKlass sun/security/util/AbstractAlgorithmConstraints
instanceKlass java/security/AlgorithmConstraints
instanceKlass sun/security/pkcs/SignerInfo
instanceKlass java/security/cert/PolicyQualifierInfo
instanceKlass sun/security/x509/CertificatePolicyId
instanceKlass sun/security/x509/PolicyInformation
instanceKlass sun/security/x509/DistributionPoint
instanceKlass sun/security/util/HostnameChecker
instanceKlass sun/security/x509/DNSName
instanceKlass java/net/URI$Parser
instanceKlass sun/security/x509/URIName
instanceKlass sun/security/x509/GeneralName
instanceKlass sun/security/x509/AccessDescription
instanceKlass sun/security/x509/GeneralNames
instanceKlass java/lang/invoke/VarForm
instanceKlass java/lang/invoke/VarHandleGuards
instanceKlass jdk/internal/util/Preconditions$1
instanceKlass java/util/function/BiFunction
instanceKlass java/lang/invoke/VarHandle$1
instanceKlass java/lang/invoke/VarHandles
instanceKlass java/lang/System$Logger
instanceKlass jdk/internal/event/EventHelper
instanceKlass sun/security/jca/JCAUtil
instanceKlass sun/security/util/MemoryCache$CacheEntry
instanceKlass sun/security/x509/X509AttributeName
instanceKlass sun/security/x509/KeyIdentifier
instanceKlass java/util/TreeMap$Entry
instanceKlass sun/security/x509/OIDMap$OIDInfo
instanceKlass sun/security/x509/PKIXExtensions
instanceKlass sun/security/x509/OIDMap
instanceKlass sun/security/x509/Extension
instanceKlass java/security/cert/Extension
instanceKlass java/util/Collections$SynchronizedMap
instanceKlass java/util/NavigableMap
instanceKlass java/util/SortedMap
instanceKlass sun/security/x509/CertificateExtensions
instanceKlass sun/security/rsa/RSAUtil
instanceKlass sun/security/util/IOUtils
instanceKlass java/security/interfaces/RSAPublicKey
instanceKlass java/security/interfaces/RSAKey
instanceKlass java/security/spec/PSSParameterSpec
instanceKlass java/security/spec/AlgorithmParameterSpec
instanceKlass java/security/spec/RSAPrivateKeySpec
instanceKlass java/security/spec/RSAPublicKeySpec
instanceKlass java/security/KeyFactorySpi
instanceKlass sun/security/rsa/SunRsaSignEntries
instanceKlass sun/security/jca/ProviderList$ServiceList$1
instanceKlass java/security/KeyFactory
instanceKlass java/security/spec/EncodedKeySpec$1
instanceKlass jdk/internal/access/JavaSecuritySpecAccess
instanceKlass java/security/spec/EncodedKeySpec
instanceKlass java/security/spec/KeySpec
instanceKlass sun/security/util/BitArray
instanceKlass sun/security/x509/X509Key
instanceKlass java/security/PublicKey
instanceKlass java/security/Key
instanceKlass sun/security/x509/CertificateX509Key
instanceKlass java/util/Date
instanceKlass sun/util/calendar/CalendarUtils
instanceKlass sun/util/calendar/CalendarDate
instanceKlass sun/util/calendar/CalendarSystem$GregorianHolder
instanceKlass sun/util/calendar/CalendarSystem
instanceKlass sun/security/x509/CertificateValidity
instanceKlass sun/security/x509/AVA
instanceKlass sun/security/x509/RDN
instanceKlass javax/security/auth/x500/X500Principal
instanceKlass sun/security/x509/X500Name$1
instanceKlass sun/security/x509/X500Name
instanceKlass sun/security/x509/GeneralNameInterface
instanceKlass sun/security/x509/CertificateAlgorithmId
instanceKlass sun/security/x509/SerialNumber
instanceKlass sun/security/x509/CertificateSerialNumber
instanceKlass sun/security/x509/CertificateVersion
instanceKlass sun/security/x509/X509CertInfo
instanceKlass sun/security/x509/CertAttrSet
instanceKlass sun/security/util/Cache$EqualByteArray
instanceKlass java/security/cert/X509Extension
instanceKlass sun/security/jca/GetInstance$Instance
instanceKlass sun/security/util/Cache
instanceKlass jdk/internal/event/Event
instanceKlass sun/security/jca/GetInstance
instanceKlass java/security/cert/CertificateFactorySpi
instanceKlass java/security/cert/CertificateFactory
instanceKlass sun/security/x509/AlgorithmId
instanceKlass sun/security/util/ByteArrayTagOrder
instanceKlass sun/security/util/ByteArrayLexOrder
instanceKlass sun/security/util/DerEncoder
instanceKlass sun/security/util/DerValue
instanceKlass sun/security/util/ObjectIdentifier
instanceKlass sun/security/pkcs/ContentInfo
instanceKlass sun/security/util/DerInputStream
instanceKlass sun/security/pkcs/PKCS7
instanceKlass java/util/Collections$EmptyIterator
instanceKlass java/util/LinkedHashMap$LinkedHashIterator
instanceKlass sun/security/util/SecurityProviderConstants
instanceKlass java/security/Provider$UString
instanceKlass java/security/Provider$Service
instanceKlass sun/security/provider/NativePRNG$NonBlocking
instanceKlass sun/security/provider/NativePRNG$Blocking
instanceKlass sun/security/provider/NativePRNG
instanceKlass sun/security/provider/SunEntries$1
instanceKlass sun/security/provider/SunEntries
instanceKlass sun/security/util/SecurityConstants
instanceKlass java/security/Security$2
instanceKlass jdk/internal/access/JavaSecurityPropertiesAccess
instanceKlass java/util/concurrent/ConcurrentHashMap$MapEntry
instanceKlass java/io/FileInputStream$1
instanceKlass java/util/Properties$LineReader
instanceKlass java/security/Security$1
instanceKlass java/security/Security
instanceKlass sun/security/jca/ProviderList$2
instanceKlass jdk/internal/math/FloatingDecimal$ASCIIToBinaryBuffer
instanceKlass jdk/internal/math/FloatingDecimal$PreparedASCIIToBinaryBuffer
instanceKlass jdk/internal/math/FloatingDecimal$ASCIIToBinaryConverter
instanceKlass jdk/internal/math/FloatingDecimal$BinaryToASCIIBuffer
instanceKlass jdk/internal/math/FloatingDecimal$ExceptionalBinaryToASCIIBuffer
instanceKlass jdk/internal/math/FloatingDecimal$BinaryToASCIIConverter
instanceKlass jdk/internal/math/FloatingDecimal
instanceKlass javax/security/auth/login/Configuration$Parameters
instanceKlass java/security/Policy$Parameters
instanceKlass java/security/cert/CertStoreParameters
instanceKlass java/security/SecureRandomParameters
instanceKlass java/security/Provider$EngineDescription
instanceKlass java/security/Provider$ServiceKey
instanceKlass sun/security/jca/ProviderConfig
instanceKlass sun/security/jca/ProviderList
instanceKlass sun/security/jca/Providers
instanceKlass jdk/internal/org/objectweb/asm/FieldVisitor
instanceKlass java/lang/invoke/InvokerBytecodeGenerator$ClassData
instanceKlass jdk/internal/org/objectweb/asm/Frame
instanceKlass java/lang/invoke/LambdaFormBuffer
instanceKlass java/lang/invoke/LambdaFormEditor$TransformKey
instanceKlass java/lang/invoke/LambdaFormEditor
instanceKlass sun/invoke/util/Wrapper$1
instanceKlass java/lang/invoke/DelegatingMethodHandle$Holder
instanceKlass java/lang/invoke/DirectMethodHandle$2
instanceKlass sun/invoke/empty/Empty
instanceKlass sun/invoke/util/VerifyType
instanceKlass java/lang/invoke/ClassSpecializer$Factory
instanceKlass java/lang/invoke/ClassSpecializer$SpeciesData
instanceKlass java/lang/invoke/ClassSpecializer$1
instanceKlass java/lang/invoke/ClassSpecializer
instanceKlass java/lang/invoke/InnerClassLambdaMetafactory$1
instanceKlass java/lang/invoke/MethodHandles$Lookup$ClassDefiner
instanceKlass jdk/internal/org/objectweb/asm/ClassReader
instanceKlass java/lang/invoke/MethodHandles$Lookup$ClassFile
instanceKlass jdk/internal/org/objectweb/asm/AnnotationVisitor
instanceKlass jdk/internal/org/objectweb/asm/Attribute
instanceKlass jdk/internal/org/objectweb/asm/Handler
instanceKlass jdk/internal/org/objectweb/asm/Label
instanceKlass jdk/internal/org/objectweb/asm/MethodVisitor
instanceKlass java/lang/invoke/LambdaProxyClassArchive
instanceKlass jdk/internal/org/objectweb/asm/ByteVector
instanceKlass jdk/internal/org/objectweb/asm/Symbol
instanceKlass jdk/internal/org/objectweb/asm/SymbolTable
instanceKlass jdk/internal/org/objectweb/asm/ClassVisitor
instanceKlass java/lang/invoke/InfoFromMemberName
instanceKlass java/lang/invoke/MethodHandleInfo
instanceKlass jdk/internal/org/objectweb/asm/ConstantDynamic
instanceKlass sun/invoke/util/BytecodeDescriptor
instanceKlass jdk/internal/org/objectweb/asm/Handle
instanceKlass sun/security/action/GetBooleanAction
instanceKlass jdk/internal/org/objectweb/asm/Type
instanceKlass java/lang/invoke/AbstractValidatingLambdaMetafactory
instanceKlass java/lang/invoke/MethodHandleImpl$1
instanceKlass jdk/internal/access/JavaLangInvokeAccess
instanceKlass java/lang/invoke/Invokers$Holder
instanceKlass java/lang/invoke/BootstrapMethodInvoker
instanceKlass java/lang/invoke/InvokerBytecodeGenerator$2
instanceKlass java/lang/invoke/InvokerBytecodeGenerator
instanceKlass java/lang/invoke/LambdaForm$Holder
instanceKlass java/lang/invoke/LambdaForm$Name
instanceKlass java/lang/invoke/Invokers
instanceKlass java/lang/invoke/MethodHandleImpl
instanceKlass sun/invoke/util/ValueConversions
instanceKlass java/lang/invoke/DirectMethodHandle$Holder
instanceKlass java/lang/invoke/LambdaForm$NamedFunction
instanceKlass sun/invoke/util/Wrapper$Format
instanceKlass java/lang/invoke/MethodTypeForm
instanceKlass java/lang/Void
instanceKlass java/lang/invoke/MethodType$ConcurrentWeakInternSet
instanceKlass java/lang/invoke/LambdaMetafactory
instanceKlass sun/security/util/ManifestDigester$Section
instanceKlass sun/security/util/ManifestDigester$Entry
instanceKlass sun/security/util/ManifestDigester$Position
instanceKlass sun/security/util/ManifestDigester
instanceKlass sun/security/util/ManifestEntryVerifier
instanceKlass java/util/jar/Attributes$Name
instanceKlass java/util/jar/Attributes
instanceKlass java/security/CodeSigner
instanceKlass java/util/jar/JarVerifier
instanceKlass jdk/internal/loader/Resource
instanceKlass java/util/ArrayList$Itr
instanceKlass sun/security/action/GetIntegerAction
instanceKlass sun/security/util/Debug
instanceKlass sun/security/util/SignatureFileVerifier
instanceKlass java/util/zip/ZipFile$InflaterCleanupAction
instanceKlass java/util/zip/Inflater$InflaterZStreamRef
instanceKlass java/util/zip/Inflater
instanceKlass java/util/zip/ZipEntry
instanceKlass jdk/internal/util/jar/JarIndex
instanceKlass java/nio/Bits$1
instanceKlass jdk/internal/misc/VM$BufferPool
instanceKlass java/nio/Bits
instanceKlass sun/nio/ch/DirectBuffer
instanceKlass jdk/internal/perf/PerfCounter$CoreCounters
instanceKlass jdk/internal/perf/Perf
instanceKlass jdk/internal/perf/Perf$GetPerfAction
instanceKlass jdk/internal/perf/PerfCounter
instanceKlass java/nio/file/attribute/FileTime
instanceKlass java/util/zip/ZipUtils
instanceKlass java/util/zip/ZipFile$Source$End
instanceKlass java/io/RandomAccessFile$2
instanceKlass jdk/internal/access/JavaIORandomAccessFileAccess
instanceKlass java/io/RandomAccessFile
instanceKlass java/io/DataInput
instanceKlass java/io/DataOutput
instanceKlass sun/nio/fs/WindowsNativeDispatcher$CompletionStatus
instanceKlass sun/nio/fs/WindowsNativeDispatcher$AclInformation
instanceKlass sun/nio/fs/WindowsNativeDispatcher$Account
instanceKlass sun/nio/fs/WindowsNativeDispatcher$DiskFreeSpace
instanceKlass sun/nio/fs/WindowsNativeDispatcher$VolumeInformation
instanceKlass sun/nio/fs/WindowsNativeDispatcher$FirstStream
instanceKlass sun/nio/fs/WindowsNativeDispatcher$FirstFile
instanceKlass java/util/Enumeration
instanceKlass java/util/concurrent/ConcurrentHashMap$Traverser
instanceKlass java/util/concurrent/ConcurrentHashMap$CollectionView
instanceKlass jdk/internal/loader/NativeLibraries$NativeLibraryImpl
instanceKlass jdk/internal/loader/NativeLibrary
instanceKlass java/util/ArrayDeque$DeqIterator
instanceKlass jdk/internal/loader/NativeLibraries$1
instanceKlass jdk/internal/loader/NativeLibraries$LibraryPaths
instanceKlass sun/nio/fs/WindowsNativeDispatcher
instanceKlass sun/nio/fs/NativeBuffer$Deallocator
instanceKlass sun/nio/fs/NativeBuffer
instanceKlass java/lang/ThreadLocal$ThreadLocalMap
instanceKlass sun/nio/fs/NativeBuffers
instanceKlass sun/nio/fs/WindowsFileAttributes
instanceKlass java/nio/file/attribute/DosFileAttributes
instanceKlass sun/nio/fs/AbstractBasicFileAttributeView
instanceKlass sun/nio/fs/DynamicFileAttributeView
instanceKlass sun/nio/fs/WindowsFileAttributeViews
instanceKlass sun/nio/fs/Util
instanceKlass java/nio/file/attribute/BasicFileAttributeView
instanceKlass java/nio/file/attribute/FileAttributeView
instanceKlass java/nio/file/attribute/AttributeView
instanceKlass java/nio/file/Files
instanceKlass java/nio/file/CopyOption
instanceKlass java/nio/file/attribute/BasicFileAttributes
instanceKlass sun/nio/fs/WindowsPath
instanceKlass java/nio/file/Path
instanceKlass java/nio/file/Watchable
instanceKlass java/util/zip/ZipFile$Source$Key
instanceKlass sun/nio/fs/WindowsPathParser$Result
instanceKlass sun/nio/fs/WindowsPathParser
instanceKlass java/util/Collections$UnmodifiableCollection
instanceKlass java/util/Arrays$ArrayItr
instanceKlass java/nio/file/FileSystem
instanceKlass java/nio/file/OpenOption
instanceKlass java/nio/file/spi/FileSystemProvider
instanceKlass sun/nio/fs/DefaultFileSystemProvider
instanceKlass java/util/zip/ZipFile$Source
instanceKlass java/lang/ref/Cleaner$Cleanable
instanceKlass jdk/internal/ref/CleanerImpl
instanceKlass java/lang/ref/Cleaner$1
instanceKlass java/lang/ref/Cleaner
instanceKlass jdk/internal/ref/CleanerFactory$1
instanceKlass java/util/concurrent/ThreadFactory
instanceKlass jdk/internal/ref/CleanerFactory
instanceKlass java/util/zip/ZipCoder
instanceKlass java/util/zip/ZipFile$CleanableResource
instanceKlass java/lang/Runtime$Version
instanceKlass java/util/jar/JavaUtilJarAccessImpl
instanceKlass jdk/internal/access/JavaUtilJarAccess
instanceKlass java/nio/charset/CoderResult
instanceKlass java/lang/Readable
instanceKlass jdk/internal/loader/FileURLMapper
instanceKlass jdk/internal/loader/URLClassPath$JarLoader$1
instanceKlass java/util/zip/ZipFile$1
instanceKlass jdk/internal/access/JavaUtilZipFileAccess
instanceKlass java/util/zip/ZipFile
instanceKlass java/util/zip/ZipConstants
instanceKlass jdk/internal/loader/URLClassPath$Loader
instanceKlass jdk/internal/loader/URLClassPath$3
instanceKlass java/security/PrivilegedExceptionAction
instanceKlass sun/util/locale/LocaleUtils
instanceKlass sun/util/locale/BaseLocale
instanceKlass java/util/Locale
instanceKlass sun/net/util/URLUtil
instanceKlass java/lang/StringCoding
instanceKlass sun/nio/cs/ArrayDecoder
instanceKlass java/nio/charset/CharsetDecoder
instanceKlass sun/launcher/LauncherHelper
instanceKlass java/lang/reflect/Array
instanceKlass java/lang/invoke/StringConcatFactory$3
instanceKlass java/lang/invoke/StringConcatFactory$2
instanceKlass java/lang/invoke/StringConcatFactory$1
instanceKlass java/lang/invoke/StringConcatFactory
instanceKlass java/lang/ModuleLayer$Controller
instanceKlass java/util/concurrent/CopyOnWriteArrayList
instanceKlass jdk/internal/module/ServicesCatalog$ServiceProvider
instanceKlass jdk/internal/loader/AbstractClassLoaderValue$Memoizer
instanceKlass java/util/ImmutableCollections$ListItr
instanceKlass java/util/ListIterator
instanceKlass java/lang/ModuleLayer
instanceKlass jdk/internal/module/ModuleLoaderMap$Modules
instanceKlass jdk/internal/module/ModuleLoaderMap$Mapper
instanceKlass java/util/function/Function
instanceKlass jdk/internal/module/ModuleLoaderMap
instanceKlass java/util/AbstractMap$1$1
instanceKlass java/lang/module/ResolvedModule
instanceKlass java/lang/module/Configuration
instanceKlass jdk/internal/loader/BuiltinClassLoader$LoadedModule
instanceKlass jdk/internal/loader/AbstractClassLoaderValue
instanceKlass jdk/internal/module/ServicesCatalog
instanceKlass jdk/internal/util/Preconditions
instanceKlass sun/net/util/IPAddressUtil
instanceKlass java/net/URLStreamHandler
instanceKlass java/util/HexFormat
instanceKlass sun/net/www/ParseUtil
instanceKlass java/net/URL$3
instanceKlass jdk/internal/access/JavaNetURLAccess
instanceKlass java/net/URL$DefaultFactory
instanceKlass java/net/URLStreamHandlerFactory
instanceKlass jdk/internal/loader/URLClassPath
instanceKlass java/security/Principal
instanceKlass java/security/ProtectionDomain$Key
instanceKlass java/security/ProtectionDomain$JavaSecurityAccessImpl
instanceKlass jdk/internal/access/JavaSecurityAccess
instanceKlass java/lang/ClassLoader$ParallelLoaders
instanceKlass java/security/cert/Certificate
instanceKlass jdk/internal/loader/ArchivedClassLoaders
instanceKlass java/util/Deque
instanceKlass java/util/Queue
instanceKlass jdk/internal/loader/ClassLoaderHelper
instanceKlass jdk/internal/loader/NativeLibraries
instanceKlass jdk/internal/loader/BootLoader
instanceKlass java/util/Optional
instanceKlass jdk/internal/module/SystemModuleFinders$SystemModuleFinder
instanceKlass java/lang/module/ModuleFinder
instanceKlass jdk/internal/module/SystemModuleFinders$3
instanceKlass jdk/internal/module/ModuleHashes$HashSupplier
instanceKlass jdk/internal/module/SystemModuleFinders$2
instanceKlass java/util/function/Supplier
instanceKlass java/lang/module/ModuleReference
instanceKlass jdk/internal/module/ModuleResolution
instanceKlass java/util/Collections$UnmodifiableMap
instanceKlass jdk/internal/module/ModuleHashes$Builder
instanceKlass jdk/internal/module/ModuleHashes
instanceKlass jdk/internal/module/ModuleTarget
instanceKlass java/util/ImmutableCollections$Set12$1
instanceKlass java/lang/Enum
instanceKlass java/lang/module/ModuleDescriptor$Version
instanceKlass java/lang/module/ModuleDescriptor$Provides
instanceKlass java/lang/module/ModuleDescriptor$Opens
instanceKlass java/util/ImmutableCollections$SetN$SetNIterator
instanceKlass java/lang/module/ModuleDescriptor$Exports
instanceKlass java/lang/module/ModuleDescriptor$Requires
instanceKlass jdk/internal/module/Builder
instanceKlass jdk/internal/module/SystemModules$default
instanceKlass jdk/internal/module/SystemModules
instanceKlass jdk/internal/module/SystemModulesMap
instanceKlass java/net/URI$1
instanceKlass jdk/internal/access/JavaNetUriAccess
instanceKlass java/net/URI
instanceKlass jdk/internal/module/SystemModuleFinders
instanceKlass jdk/internal/module/ArchivedModuleGraph
instanceKlass jdk/internal/module/ArchivedBootLayer
instanceKlass jdk/internal/module/ModuleBootstrap$Counters
instanceKlass jdk/internal/module/ModulePatcher
instanceKlass java/io/FileSystem
instanceKlass java/io/DefaultFileSystem
instanceKlass java/io/File
instanceKlass java/lang/module/ModuleDescriptor$1
instanceKlass jdk/internal/access/JavaLangModuleAccess
instanceKlass sun/invoke/util/VerifyAccess
instanceKlass java/lang/module/ModuleDescriptor
instanceKlass jdk/internal/module/ModuleBootstrap
instanceKlass java/lang/invoke/MethodHandleStatics
instanceKlass java/util/Collections
instanceKlass sun/io/Win32ErrorMode
instanceKlass jdk/internal/misc/OSEnvironment
instanceKlass jdk/internal/misc/Signal$NativeHandler
instanceKlass java/util/Hashtable$Entry
instanceKlass jdk/internal/misc/Signal
instanceKlass java/lang/Terminator$1
instanceKlass jdk/internal/misc/Signal$Handler
instanceKlass java/lang/Terminator
instanceKlass java/nio/ByteOrder
instanceKlass java/nio/Buffer$1
instanceKlass jdk/internal/access/JavaNioAccess
instanceKlass jdk/internal/misc/ScopedMemoryAccess
instanceKlass java/nio/charset/CodingErrorAction
instanceKlass sun/nio/cs/SingleByte
instanceKlass java/lang/StringUTF16
instanceKlass sun/nio/cs/MS1252$Holder
instanceKlass sun/nio/cs/ArrayEncoder
instanceKlass java/nio/charset/CharsetEncoder
instanceKlass java/lang/reflect/Modifier
instanceKlass java/lang/Class$1
instanceKlass java/lang/Class$Atomic
instanceKlass java/lang/Class$ReflectionData
instanceKlass jdk/internal/util/ArraysSupport
instanceKlass java/nio/charset/StandardCharsets
instanceKlass sun/nio/cs/HistoricallyNamedCharset
instanceKlass sun/security/action/GetPropertyAction
instanceKlass java/lang/ThreadLocal
instanceKlass java/nio/charset/spi/CharsetProvider
instanceKlass java/nio/charset/Charset
instanceKlass java/io/Writer
instanceKlass java/io/OutputStream
instanceKlass java/io/Flushable
instanceKlass java/io/FileDescriptor$1
instanceKlass jdk/internal/access/JavaIOFileDescriptorAccess
instanceKlass java/io/FileDescriptor
instanceKlass jdk/internal/util/StaticProperty
instanceKlass java/util/HashMap$HashIterator
instanceKlass java/lang/Integer$IntegerCache
instanceKlass java/lang/CharacterData
instanceKlass java/util/Arrays
instanceKlass java/lang/VersionProps
instanceKlass java/lang/StringConcatHelper
instanceKlass jdk/internal/misc/VM
instanceKlass jdk/internal/util/SystemProps$Raw
instanceKlass jdk/internal/util/SystemProps
instanceKlass java/lang/System$2
instanceKlass jdk/internal/access/JavaLangAccess
instanceKlass java/lang/ref/Reference$1
instanceKlass jdk/internal/access/JavaLangRefAccess
instanceKlass java/lang/ref/ReferenceQueue$Lock
instanceKlass java/lang/ref/ReferenceQueue
instanceKlass jdk/internal/reflect/ReflectionFactory
instanceKlass jdk/internal/reflect/ReflectionFactory$GetReflectionFactoryAction
instanceKlass java/security/PrivilegedAction
instanceKlass java/util/concurrent/locks/LockSupport
instanceKlass java/util/concurrent/ConcurrentHashMap$Node
instanceKlass java/util/concurrent/ConcurrentHashMap$CounterCell
instanceKlass java/util/concurrent/locks/ReentrantLock
instanceKlass java/util/concurrent/locks/Lock
instanceKlass java/lang/Runtime
instanceKlass java/util/HashMap$Node
instanceKlass java/util/KeyValueHolder
instanceKlass java/util/Map$Entry
instanceKlass java/util/ImmutableCollections$MapN$MapNIterator
instanceKlass java/lang/Math
instanceKlass jdk/internal/reflect/Reflection
instanceKlass java/lang/invoke/MethodHandles$Lookup
instanceKlass java/lang/StringLatin1
instanceKlass java/security/Permission
instanceKlass java/security/Guard
instanceKlass java/lang/invoke/MemberName$Factory
instanceKlass java/lang/invoke/MethodHandles
instanceKlass jdk/internal/access/SharedSecrets
instanceKlass java/lang/reflect/ReflectAccess
instanceKlass jdk/internal/access/JavaLangReflectAccess
instanceKlass java/util/ImmutableCollections
instanceKlass java/util/Objects
instanceKlass java/util/Set
instanceKlass jdk/internal/misc/CDS
instanceKlass java/lang/Module$ArchivedData
instanceKlass java/lang/String$CaseInsensitiveComparator
instanceKlass java/util/Comparator
instanceKlass java/io/ObjectStreamField
instanceKlass jdk/internal/vm/vector/VectorSupport$VectorPayload
instanceKlass jdk/internal/vm/vector/VectorSupport
instanceKlass java/lang/reflect/RecordComponent
instanceKlass java/util/Iterator
instanceKlass java/lang/Number
instanceKlass java/lang/Character
instanceKlass java/lang/Boolean
instanceKlass java/util/concurrent/locks/AbstractOwnableSynchronizer
instanceKlass java/lang/LiveStackFrame
instanceKlass java/lang/StackFrameInfo
instanceKlass java/lang/StackWalker$StackFrame
instanceKlass java/lang/StackStreamFactory$AbstractStackWalker
instanceKlass java/lang/StackWalker
instanceKlass java/nio/Buffer
instanceKlass java/lang/StackTraceElement
instanceKlass java/util/RandomAccess
instanceKlass java/util/List
instanceKlass java/util/AbstractCollection
instanceKlass java/util/Collection
instanceKlass java/lang/Iterable
instanceKlass java/util/concurrent/ConcurrentMap
instanceKlass java/util/AbstractMap
instanceKlass java/security/CodeSource
instanceKlass jdk/internal/loader/ClassLoaders
instanceKlass java/util/jar/Manifest
instanceKlass java/net/URL
instanceKlass java/io/InputStream
instanceKlass java/io/Closeable
instanceKlass java/lang/AutoCloseable
instanceKlass jdk/internal/module/Modules
instanceKlass jdk/internal/misc/Unsafe
instanceKlass jdk/internal/misc/UnsafeConstants
instanceKlass java/lang/AbstractStringBuilder
instanceKlass java/lang/Appendable
instanceKlass java/lang/AssertionStatusDirectives
instanceKlass java/lang/invoke/MethodHandleNatives$CallSiteContext
instanceKlass jdk/internal/invoke/NativeEntryPoint
instanceKlass java/lang/invoke/CallSite
instanceKlass java/lang/invoke/MethodType
instanceKlass java/lang/invoke/TypeDescriptor$OfMethod
instanceKlass java/lang/invoke/LambdaForm
instanceKlass java/lang/invoke/MethodHandleNatives
instanceKlass java/lang/invoke/ResolvedMethodName
instanceKlass java/lang/invoke/MemberName
instanceKlass java/lang/invoke/VarHandle
instanceKlass java/lang/invoke/MethodHandle
instanceKlass jdk/internal/reflect/CallerSensitive
instanceKlass java/lang/annotation/Annotation
instanceKlass jdk/internal/reflect/FieldAccessor
instanceKlass jdk/internal/reflect/ConstantPool
instanceKlass jdk/internal/reflect/ConstructorAccessor
instanceKlass jdk/internal/reflect/MethodAccessor
instanceKlass jdk/internal/reflect/MagicAccessorImpl
instanceKlass java/lang/reflect/Parameter
instanceKlass java/lang/reflect/Member
instanceKlass java/lang/reflect/AccessibleObject
instanceKlass java/lang/Module
instanceKlass java/util/Map
instanceKlass java/util/Dictionary
instanceKlass java/lang/ThreadGroup
instanceKlass java/lang/Thread$UncaughtExceptionHandler
instanceKlass java/lang/Thread
instanceKlass java/lang/Runnable
instanceKlass java/lang/ref/Reference
instanceKlass java/lang/Record
instanceKlass java/security/AccessController
instanceKlass java/security/AccessControlContext
instanceKlass java/security/ProtectionDomain
instanceKlass java/lang/SecurityManager
instanceKlass java/lang/Throwable
instanceKlass java/lang/System
instanceKlass java/lang/ClassLoader
instanceKlass java/lang/Cloneable
instanceKlass java/lang/Class
instanceKlass java/lang/invoke/TypeDescriptor$OfField
instanceKlass java/lang/invoke/TypeDescriptor
instanceKlass java/lang/reflect/Type
instanceKlass java/lang/reflect/GenericDeclaration
instanceKlass java/lang/reflect/AnnotatedElement
instanceKlass java/lang/String
instanceKlass java/lang/constant/ConstantDesc
instanceKlass java/lang/constant/Constable
instanceKlass java/lang/CharSequence
instanceKlass java/lang/Comparable
instanceKlass java/io/Serializable
ciInstanceKlass java/lang/Object 1 1 92 100 1 10 12 1 1 10 7 12 1 1 1 10 100 12 1 1 1 10 12 1 1 8 1 10 12 1 1 10 100 12 1 1 1 10 12 1 10 12 1 1 100 1 8 1 10 12 1 3 8 1 100 1 5 0 1 1 1 1 1 1 1 1 1 1 1 1 1 1 1 1 100 1 1 1 100 1 1 1 1 1 1 1 100 1 1 1 1 1 1 1
ciMethod java/lang/Object equals (Ljava/lang/Object;)Z 768 0 745816 0 -1
ciMethod java/lang/Object hashCode ()I 256 0 128 0 -1
ciInstanceKlass java/lang/Class 1 1 1600 10 7 12 1 1 1 9 7 12 1 1 1 9 12 1 1 7 1 10 10 12 1 1 8 1 10 12 1 8 1 8 1 10 12 1 1 10 12 1 1 10 12 1 10 10 12 1 10 12 1 1 10 12 1 1 10 100 12 1 1 10 12 1 10 12 1 10 12 1 8 1 10 12 1 8 1 10 12 1 8 1 8 1 10 12 1 1 10 100 12 1 1 1 18 12 1 1 11 100 12 1 1 1 8 1 8 1 8 1 10 100 12 1 1 1 11 12 1 1 7 1 8 1 10 12 1 11 100 12 1 1 1 10 12 1 1 11 8 1 18 8 1 10 12 1 10 7 12 1 1 10 7 12 1 1 1 10 12 1 1 10 7 12 1 1 1 9 100 12 1 1 1 10 100 12 1 1 1 10 7 12 1 1 1 10 12 1 1 18 12 1 1 10 7 12 1 1 1 10 7 12 1 1 10 12 1 1 10 7 1 100 1 10 12 1 1 9 12 1 1 100 1 8 1 10 12 1 10 12 1 1 10 12 1 1 10 7 12 1 1 1 7 1 10 12 1 100 1 100 1 10 10 12 1 1 10 12 1 1 100 1 10 100 12 1 1 1 10 12 1 1 10 12 1 1 9 12 1 1 10 12 1 10 12 1 10 12 1 1 9 12 1 1 9 12 1 1 10 12 1 1 10 100 1 10 12 1 10 12 1 10 12 1 1 10 9 12 1 10 12 1 8 1 10 12 1 1 10 12 1 1 10 12 1 10 12 1 1 10 12 1 1 10 12 1 1 9 7 12 1 1 1 10 100 12 1 1 10 12 10 12 1 10 12 1 1 10 100 12 1 1 10 12 1 10 12 1 1 10 100 12 1 1 1 10 12 1 10 12 1 1 10 12 1 10 12 1 10 12 1 1 10 7 1 10 10 10 12 1 1 10 12 1 1 10 12 10 12 1 1 100 1 8 1 10 10 12 1 1 10 12 1 100 1 11 12 1 10 100 12 1 1 10 12 1 10 12 1 10 100 12 1 1 10 10 12 1 1 8 1 10 12 1 10 12 1 1 8 1 9 12 1 10 12 1 10 12 1 10 12 1 10 12 100 1 9 12 1 10 12 1 9 12 1 10 12 1 10 12 1 10 12 1 10 10 12 1 10 12 1 10 12 1 10 12 1 10 12 1 10 12 1 100 1 10 12 1 10 12 1 1 10 12 1 1 10 12 1 1 10 12 1 1 10 12 1 1 10 12 1 1 100 1 10 10 12 1 1 10 12 1 1 10 12 1 1 10 10 12 1 10 12 1 1 10 12 1 1 10 12 1 1 10 12 1 1 7 1 10 10 12 11 100 12 1 1 10 12 1 1 10 12 1 10 7 12 1 1 1 10 12 1 1 10 10 12 1 1 100 1 10 10 12 1 1 10 100 12 1 1 1 100 1 100 1 10 12 1 1 10 12 1 10 10 12 1 1 10 12 1 10 12 1 10 12 1 10 100 12 1 1 1 11 100 12 1 1 10 12 1 10 12 1 9 12 1 10 12 1 1 10 12 1 9 100 12 1 1 1 9 12 1 10 100 12 1 1 1 10 12 1 10 12 1 10 100 12 1 1 1 10 12 1 10 12 10 12 1 1 100 1 10 8 1 10 12 1 11 11 12 1 1 11 100 12 1 1 11 12 1 8 1 10 12 1 10 12 1 1 9 12 1 9 12 1 1 10 7 12 1 1 9 12 1 10 12 1 1 10 10 12 1 10 7 12 1 1 1 10 100 12 1 1 10 100 12 1 1 9 12 1 1 10 12 1 9 12 1 10 12 1 10 12 1 1 9 12 1 1 9 12 1 10 12 1 10 12 1 1 9 12 1 100 1 10 10 12 1 1 7 1 10 12 1 1 100 11 100 1 9 12 1 1 9 12 1 100 1 10 12 1 9 12 1 1 9 12 1 10 12 1 10 12 1 1 9 12 1 100 1 10 10 12 1 1 10 10 12 1 1 10 12 10 10 12 1 9 12 1 10 12 1 1 10 7 12 1 1 1 10 12 1 1 10 12 1 8 10 7 8 1 18 8 1 8 1 10 12 1 9 12 1 9 12 1 1 10 12 1 7 1 100 1 10 12 1 9 12 1 1 7 1 10 10 12 1 10 7 1 9 12 1 8 1 10 12 1 7 1 10 12 1 10 12 1 1 9 12 1 100 1 8 1 10 7 1 4 10 10 12 11 7 12 1 1 1 10 12 1 100 1 10 12 1 1 10 8 1 8 1 10 12 1 1 9 100 12 1 1 11 12 100 1 11 100 12 1 1 9 12 1 10 100 12 1 1 1 10 100 12 1 1 10 12 1 1 9 12 1 9 10 12 1 1 10 12 1 1 10 12 1 1 10 12 1 1 10 12 1 1 11 12 1 100 1 11 12 1 10 100 12 1 1 1 10 12 1 100 1 11 12 1 10 100 12 1 1 1 10 12 1 10 11 12 1 11 12 1 1 10 12 1 10 12 1 1 9 12 1 1 9 100 12 1 1 10 12 1 10 100 12 1 1 1 10 12 1 1 10 12 1 10 12 1 10 12 1 10 7 12 1 1 1 10 12 1 8 1 10 12 1 10 12 1 10 12 1 10 100 12 1 1 1 11 100 12 1 1 1 10 12 1 1 10 12 1 18 12 1 1 11 12 1 1 18 11 12 1 18 12 1 11 12 1 10 12 1 1 10 12 1 10 12 1 10 12 10 12 1 8 1 10 12 1 7 1 9 12 1 1 100 1 100 1 100 1 100 1 100 1 1 1 3 1 3 1 3 1 1 1 1 1 1 1 5 0 1 1 1 1 1 1 1 1 1 1 1 1 1 1 1 1 1 1 1 1 1 1 1 100 1 1 1 1 1 1 1 100 1 1 1 1 1 1 100 1 1 1 1 1 1 1 1 1 1 1 1 1 1 1 1 1 1 1 1 1 1 1 1 1 1 1 1 1 1 1 1 1 1 1 1 1 1 100 1 1 1 1 1 1 1 1 1 1 1 1 1 1 1 1 1 1 1 1 1 1 1 1 1 1 1 1 100 1 1 1 1 1 1 1 1 1 1 1 1 1 1 1 1 1 1 1 1 1 1 1 1 1 1 1 1 1 1 1 1 1 1 1 1 1 1 1 1 1 1 1 1 1 1 1 1 1 1 1 1 1 100 1 100 1 1 1 1 1 1 1 100 1 1 1 1 1 1 1 1 1 1 1 1 1 1 1 1 1 1 1 1 1 1 1 1 1 1 1 1 1 1 1 1 1 1 1 1 1 1 1 1 1 1 1 1 1 1 1 1 1 1 1 1 1 1 1 100 1 1 1 1 1 1 1 1 1 1 1 1 1 1 1 1 1 1 1 1 1 1 1 1 1 1 1 1 1 1 1 1 1 1 1 1 1 1 1 1 1 1 1 1 1 1 1 1 1 1 1 1 1 1 1 1 1 1 1 1 1 1 1 1 1 1 1 1 15 10 100 12 1 1 1 16 15 10 12 16 15 11 12 16 1 16 15 16 15 10 12 16 16 15 10 12 16 15 16 1 15 10 12 16 1 1 1 1 1 1 1 1 1 100 1 1 100 1 100 1 1 100 1 100 1 1
staticfield java/lang/Class EMPTY_CLASS_ARRAY [Ljava/lang/Class; 0 [Ljava/lang/Class;
staticfield java/lang/Class serialPersistentFields [Ljava/io/ObjectStreamField; 0 [Ljava/io/ObjectStreamField;
ciInstanceKlass java/io/Serializable 1 0 7 100 1 100 1 1 1
instanceKlass jdk/internal/vm/vector/VectorSupport$VectorShuffle
instanceKlass jdk/internal/vm/vector/VectorSupport$VectorMask
instanceKlass jdk/internal/vm/vector/VectorSupport$Vector
ciInstanceKlass jdk/internal/vm/vector/VectorSupport$VectorPayload 0 0 32 10 100 12 1 1 1 9 100 12 1 1 1 10 100 12 1 1 1 1 1 1 1 1 1 1 1 1 1 1 1 1
ciInstanceKlass jdk/internal/vm/vector/VectorSupport$VectorShuffle 0 0 28 10 100 12 1 1 1 100 1 1 1 1 1 1 1 1 1 1 1 1 1 1 1 100 1 1 1 1
ciInstanceKlass jdk/internal/vm/vector/VectorSupport$VectorMask 0 0 28 10 100 12 1 1 1 100 1 1 1 1 1 1 1 1 1 1 1 1 1 1 1 100 1 1 1 1
ciInstanceKlass jdk/internal/vm/vector/VectorSupport$Vector 0 0 28 10 100 12 1 1 1 100 1 1 1 1 1 1 1 1 1 1 1 1 1 1 1 100 1 1 1 1
ciInstanceKlass jdk/internal/vm/vector/VectorSupport 0 0 487 100 1 10 100 12 1 1 1 9 12 1 1 10 12 1 1 100 1 10 12 1 11 100 12 1 1 1 11 100 12 1 1 1 11 100 12 1 1 11 100 12 1 1 1 11 100 1 100 1 10 12 1 1 11 100 12 1 1 11 100 12 1 1 100 1 11 100 12 1 1 11 100 12 1 1 11 100 12 1 1 1 11 100 12 1 1 1 11 100 12 1 1 1 11 100 12 1 1 1 100 1 10 12 1 1 11 100 12 1 1 100 1 11 100 12 1 1 11 100 12 1 1 11 100 12 1 1 11 100 1 100 1 9 12 1 1 10 100 12 1 1 11 100 12 1 1 10 12 1 1 10 100 12 1 1 1 10 12 1 10 12 1 1 10 12 1 1 1 1 1 3 1 3 1 3 1 3 1 3 1 3 1 3 1 3 1 3 1 3 1 3 1 3 1 3 1 3 1 3 1 3 1 3 1 3 1 3 1 3 1 3 1 3 1 3 1 3 1 3 1 3 1 3 1 3 1 3 1 3 1 3 1 3 1 3 1 3 1 3 1 3 1 3 1 3 1 3 1 1 1 1 1 3 1 1 1 1 1 1 3 1 1 1 1 1 1 1 1 1 1 1 1 1 1 1 1 1 1 1 1 1 1 1 1 1 1 1 1 1 1 1 1 1 1 1 1 1 1 1 1 1 1 1 1 1 1 1 1 1 1 1 1 1 1 1 1 1 1 1 1 1 1 1 1 1 1 1 1 1 1 1 1 1 1 1 1 1 1 1 1 1 1 1 1 1 1 1 1 1 1 1 1 1 1 1 1 1 1 1 1 1 1 1 1 1 1 1 1 1 1 1 1 1 1 1 1 1 1 1 1 1 1 1 1 1 1 1 1 1 1 1 1 1 1 1 1 1 1 1 1 1 1 1 1 1 1 1 1 1 1 1 1 1 1 1 1 1 1 1 1 1 1 1 1 1 1 1 1 1 1 1 1 1 1 1 1 1 1 1 1 1 1 1 1 1 1 1 1 1 1 1 1 1 1 1 1 1 1 1 100 1 100 1 1 1 1 1 1 1 1 1 1 1 1 1 1 1 1 1 1 1 1 1 1 1 1
ciInstanceKlass java/lang/reflect/RecordComponent 0 0 196 10 100 12 1 1 1 9 100 12 1 1 1 9 12 1 1 9 12 1 10 12 1 1 10 12 1 1 10 100 12 1 1 1 10 12 1 1 9 12 1 1 10 12 1 1 10 12 1 1 10 12 1 10 100 12 1 1 10 100 12 1 1 9 12 1 1 10 100 12 1 1 1 11 100 12 1 1 1 10 9 100 12 1 1 1 10 100 12 1 1 1 9 12 1 1 10 100 12 1 1 1 10 12 1 1 11 100 12 1 1 10 100 12 1 1 100 1 9 12 1 9 12 1 1 9 12 1 10 100 12 1 1 1 10 12 1 1 10 12 1 1 100 1 10 10 12 1 10 12 1 1 8 1 10 12 1 10 12 1 9 12 1 100 1 1 1 1 1 1 1 1 1 1 1 1 1 1 1 1 1 1 1 1 1 1 100 1 1 1 1 1 1 100 1 1
ciInstanceKlass java/util/Iterator 1 1 53 100 1 8 1 10 12 1 1 10 7 12 1 1 1 11 7 12 1 1 1 11 12 1 1 11 7 12 1 1 1 100 1 1 1 1 1 1 1 1 1 1 1 1 1 1 1 1 1 1 1 1 1
ciInstanceKlass java/lang/System 1 1 803 10 100 12 1 1 1 9 7 12 1 1 1 10 12 1 10 12 1 1 10 12 1 1 10 12 1 9 12 1 1 10 7 12 1 1 1 11 100 12 1 1 1 10 100 12 1 1 1 10 12 1 1 10 12 1 1 100 1 8 1 10 12 1 10 100 12 1 1 1 10 7 12 1 1 1 18 12 1 1 10 100 12 1 1 1 100 1 10 12 1 1 10 100 12 1 1 1 10 12 1 10 7 12 1 1 1 9 100 12 1 1 1 10 100 12 1 1 1 11 7 12 1 1 1 10 12 1 1 10 7 12 1 1 1 100 1 10 10 12 1 1 8 1 10 12 1 8 1 10 12 1 9 12 1 1 8 1 10 7 12 1 1 1 10 12 1 1 100 1 8 1 10 9 12 1 1 8 1 10 12 1 1 10 100 12 1 1 1 8 1 10 12 1 100 1 10 12 1 8 1 10 12 1 10 12 1 1 100 1 10 12 10 12 1 9 12 1 1 9 12 1 1 10 7 12 1 1 1 10 7 12 1 1 1 10 12 1 1 10 12 1 10 12 1 10 7 12 1 1 1 10 12 1 100 1 100 1 8 1 10 12 1 10 12 1 1 7 1 10 12 1 100 1 8 1 10 10 12 1 100 1 8 1 10 8 1 10 100 12 1 1 8 1 10 12 100 1 8 1 10 10 12 1 1 10 7 12 1 1 1 100 1 18 12 1 100 1 9 100 12 1 1 1 10 12 1 100 1 10 12 1 1 10 12 1 1 10 7 12 1 1 1 10 12 1 1 10 12 1 10 12 1 10 12 1 1 10 12 1 7 1 10 12 1 10 12 1 100 1 10 12 1 10 7 12 1 1 1 100 1 8 1 10 9 12 1 9 12 1 10 12 1 10 100 12 1 1 10 12 1 10 12 1 1 8 1 10 12 1 1 8 1 11 12 1 10 12 11 12 1 1 11 7 12 1 1 1 11 7 12 1 1 11 12 1 1 7 1 11 12 1 10 12 1 8 1 10 12 1 1 8 1 8 1 8 1 8 1 11 12 1 10 12 1 10 12 1 10 12 1 10 7 12 1 1 8 1 7 1 9 7 12 1 1 1 10 12 1 7 1 9 12 10 9 12 7 1 10 12 8 1 10 12 1 1 8 1 10 7 12 1 1 10 12 1 10 7 12 1 1 1 10 12 1 1 10 7 12 1 1 1 10 12 10 7 12 1 1 1 9 12 1 1 100 1 8 1 10 12 1 1 10 7 12 1 1 1 7 1 10 12 1 1 8 1 10 8 1 8 1 8 1 8 1 10 10 7 12 1 1 10 12 1 1 10 12 1 1 10 12 1 1 10 12 1 10 100 12 1 1 1 10 100 1 8 1 10 10 10 12 1 1 10 12 1 1 8 1 10 12 1 8 1 10 12 1 10 12 1 1 7 1 10 10 12 1 10 12 1 9 12 1 1 1 3 1 3 1 1 1 1 1 1 1 1 1 1 1 1 100 1 1 100 1 1 1 1 1 1 1 1 1 1 1 100 1 100 1 1 1 1 1 1 1 1 1 1 1 1 1 1 1 1 1 1 1 1 1 1 1 1 1 1 1 1 1 1 1 1 1 1 1 1 1 1 1 1 1 1 1 1 1 1 1 1 1 1 1 1 1 1 1 1 1 1 100 1 1 1 1 1 1 1 1 1 1 1 1 1 1 1 1 1 1 1 1 1 1 1 1 1 1 1 1 1 1 1 1 1 100 1 1 15 10 100 12 1 1 1 16 15 10 12 1 1 16 15 10 12 16 1 1 1 1 1 1 1 100 1 100 1 1
staticfield java/lang/System in Ljava/io/InputStream; java/io/BufferedInputStream
staticfield java/lang/System out Ljava/io/PrintStream; java/io/PrintStream
staticfield java/lang/System err Ljava/io/PrintStream; java/io/PrintStream
instanceKlass jdk/internal/reflect/DelegatingClassLoader
instanceKlass java/security/SecureClassLoader
ciInstanceKlass java/lang/ClassLoader 1 1 1098 9 7 12 1 1 1 10 7 12 1 1 1 9 12 1 1 10 7 12 1 1 1 7 1 10 12 1 1 10 12 1 1 9 12 1 1 10 12 1 1 100 1 10 12 1 10 12 1 1 10 7 12 1 1 1 100 1 8 1 10 12 1 10 7 12 1 1 1 10 100 12 1 10 7 1 10 7 1 7 1 7 1 10 12 1 10 12 1 9 12 1 1 10 10 7 12 1 1 1 9 12 1 1 9 12 1 9 12 1 1 9 12 1 9 12 1 1 9 12 1 1 7 1 10 12 1 9 12 1 1 10 12 1 1 10 7 12 1 1 1 9 12 1 9 12 1 1 9 12 1 10 12 1 1 9 12 10 12 1 1 7 1 10 8 1 10 12 1 1 10 12 1 10 7 1 7 1 10 12 1 1 10 7 12 1 1 1 8 1 10 12 1 10 12 1 10 12 1 1 10 12 1 1 10 12 1 1 10 12 1 1 10 12 1 1 10 12 1 100 1 10 12 1 10 100 12 1 1 1 10 12 1 1 10 12 1 10 12 1 10 12 1 10 12 1 10 12 1 1 10 10 12 1 10 12 1 10 100 12 1 1 10 12 1 1 10 12 1 1 10 12 1 100 1 10 12 1 100 1 10 12 1 10 100 12 1 1 1 10 10 12 1 1 10 12 1 1 100 1 8 1 10 8 1 10 12 1 10 12 1 100 1 8 1 10 12 1 1 10 12 1 1 10 10 12 1 1 10 12 1 1 10 12 1 1 10 7 1 10 12 1 1 10 12 1 1 10 12 1 1 10 12 1 1 10 12 1 1 10 12 1 1 10 12 1 10 100 12 1 1 1 10 12 1 10 12 1 10 12 1 1 10 12 1 10 12 1 10 12 1 10 12 1 1 10 12 1 10 12 1 1 8 1 9 12 1 10 12 1 1 8 1 8 1 10 7 12 1 1 100 1 10 10 12 10 12 1 10 12 1 10 12 1 10 12 1 1 10 7 12 1 1 10 12 1 10 7 1 7 1 10 12 1 1 10 12 1 10 7 1 10 12 1 100 1 18 12 1 10 100 12 1 1 1 10 100 12 1 1 1 10 7 12 1 1 10 12 1 1 10 12 1 10 12 1 1 100 1 10 12 1 10 12 1 1 10 7 12 1 1 10 12 1 8 1 100 1 10 10 12 1 9 12 1 10 7 12 1 1 10 12 1 100 1 8 1 10 12 1 10 8 1 8 1 10 12 1 1 10 12 1 1 10 12 1 1 10 100 12 1 1 1 100 1 100 1 10 12 1 1 100 1 100 1 10 100 12 1 1 10 12 1 10 12 1 1 10 12 1 10 12 1 1 10 12 1 1 9 100 12 1 1 1 10 12 1 1 10 12 1 10 12 1 10 12 1 1 10 12 1 8 1 10 12 1 7 1 18 12 1 1 10 12 1 1 10 12 1 10 12 1 10 12 1 8 1 10 12 1 10 12 1 18 12 1 11 100 12 1 1 1 100 1 10 12 1 1 10 12 1 10 11 12 1 1 10 18 10 12 1 1 11 100 12 1 18 12 1 11 12 1 1 10 12 10 12 1 1 10 12 1 1 100 1 8 1 10 10 12 1 8 1 8 1 10 100 12 1 1 10 12 1 100 1 10 10 12 1 8 1 8 1 8 1 10 12 1 10 12 1 1 10 12 1 10 100 12 1 1 1 11 100 12 1 1 100 1 10 11 10 12 1 10 12 1 10 12 1 1 9 100 12 1 1 9 12 1 1 9 12 9 12 1 9 12 1 9 12 1 8 10 12 1 1 10 7 12 1 1 1 10 12 1 1 10 12 1 1 10 12 1 10 10 12 1 11 12 1 1 10 100 12 1 1 1 100 1 10 12 1 10 12 1 10 12 1 1 1 1 1 1 1 1 1 1 1 1 1 1 1 1 1 1 1 1 1 1 1 1 1 1 1 1 100 1 1 1 1 1 1 1 1 1 1 1 1 1 1 1 1 1 1 1 1 1 100 1 1 1 1 1 1 1 1 1 1 100 1 1 1 1 1 1 1 1 1 1 1 1 1 1 1 1 1 1 1 1 1 1 1 1 1 1 1 1 1 1 1 1 1 1 1 1 1 1 1 1 1 100 1 1 1 1 1 1 1 1 1 1 1 1 1 1 1 1 1 1 100 1 1 1 1 1 1 1 1 1 1 1 1 1 1 1 1 1 1 1 1 1 1 1 1 1 1 1 1 1 1 1 1 1 1 1 1 1 1 1 1 1 1 1 1 1 1 1 1 1 1 1 100 1 1 1 1 1 1 1 1 1 1 1 1 1 1 1 1 1 1 1 1 1 1 1 1 1 1 1 1 1 1 1 1 1 1 1 1 1 1 1 1 1 1 1 1 1 1 15 10 100 12 1 1 1 16 1 15 10 12 16 1 16 15 10 12 16 1 16 1 15 10 12 16 15 10 12 16 15 10 12 16 1 1 100 1 100 1 1
staticfield java/lang/ClassLoader nocerts [Ljava/security/cert/Certificate; 0 [Ljava/security/cert/Certificate;
staticfield java/lang/ClassLoader $assertionsDisabled Z 1
ciInstanceKlass jdk/internal/reflect/DelegatingClassLoader 1 1 18 10 7 12 1 1 1 100 1 1 1 1 1 1 1 1 1 1
instanceKlass jdk/internal/loader/BuiltinClassLoader
ciInstanceKlass java/security/SecureClassLoader 1 1 102 10 7 12 1 1 1 7 1 10 12 1 9 7 12 1 1 1 10 12 1 10 12 1 10 12 1 1 10 12 1 1 10 12 1 7 1 10 7 1 10 12 1 7 1 10 12 1 11 7 12 1 1 1 7 1 11 12 1 10 12 1 1 1 1 1 1 1 1 1 1 1 1 1 1 1 1 1 1 1 1 1 1 1 1 1 1 1 1 1 1 1 1 1 1 1 1 100 1 1 1 1
instanceKlass jdk/internal/loader/ClassLoaders$BootClassLoader
instanceKlass jdk/internal/loader/ClassLoaders$PlatformClassLoader
instanceKlass jdk/internal/loader/ClassLoaders$AppClassLoader
ciInstanceKlass jdk/internal/loader/BuiltinClassLoader 1 1 737 9 7 12 1 1 1 10 7 12 1 1 1 10 7 12 1 1 1 9 12 1 1 9 12 1 1 7 1 10 12 1 9 12 1 10 12 1 9 12 1 10 7 12 1 1 1 10 7 12 1 1 1 10 7 12 1 1 1 11 7 12 1 1 1 100 1 100 1 10 10 12 1 1 8 1 10 12 1 10 12 7 1 10 12 1 10 12 1 1 11 7 12 1 1 1 11 7 12 1 1 1 11 12 1 1 7 1 8 1 8 1 10 9 12 1 1 10 7 12 1 1 11 12 1 1 10 12 1 1 10 12 1 1 10 12 1 1 10 7 12 1 1 1 10 12 1 10 100 12 1 1 1 10 12 1 1 11 7 12 1 1 1 10 7 12 1 1 7 1 10 7 12 1 1 1 10 12 1 100 1 8 1 10 12 1 1 10 8 1 10 12 1 1 10 12 1 1 10 12 1 1 11 7 12 1 1 11 12 1 7 1 10 11 12 1 1 11 10 12 1 1 7 1 10 12 1 10 7 12 1 10 12 1 7 1 10 12 1 10 7 12 1 1 1 100 1 10 12 1 1 11 12 1 100 1 100 1 10 12 1 10 12 1 1 100 1 100 1 10 12 1 10 12 1 18 12 1 1 10 12 1 10 12 1 1 18 100 1 10 7 12 1 1 1 100 1 10 10 12 1 1 10 12 1 1 10 12 1 1 10 12 1 9 12 1 1 100 1 10 10 12 1 1 10 12 1 1 10 12 1 10 12 10 12 1 1 10 12 1 1 10 12 1 1 10 12 1 10 12 1 1 18 12 1 7 1 10 12 1 1 10 12 1 10 12 1 1 10 12 1 100 1 10 12 1 100 1 10 12 1 10 7 12 1 1 1 10 12 1 11 12 1 100 1 10 12 1 7 1 100 1 10 12 1 10 12 1 11 12 1 1 10 12 1 1 10 12 1 1 10 12 1 1 10 12 1 1 10 12 1 10 12 1 10 12 1 10 12 1 8 1 10 12 1 1 10 7 12 1 1 10 12 1 100 1 8 1 8 1 10 10 12 1 8 1 8 1 10 7 12 1 1 1 11 7 12 1 1 1 9 7 12 1 1 1 10 7 12 1 1 1 9 12 1 9 12 1 9 12 1 9 12 1 9 12 1 9 12 1 10 7 12 1 1 1 8 1 10 12 1 7 1 10 12 1 1 10 12 1 7 1 10 11 12 1 1 10 12 10 12 1 10 12 1 100 1 10 12 1 10 12 1 10 10 12 1 10 7 12 1 1 8 1 10 7 12 1 1 10 12 1 1 1 1 1 1 1 1 1 1 1 1 1 1 1 1 1 1 1 1 1 1 1 1 1 1 1 1 1 1 1 1 1 1 1 1 1 1 1 1 1 1 1 1 1 1 1 1 1 1 1 1 1 1 1 1 100 1 1 1 1 1 1 1 1 1 1 1 1 1 1 1 1 1 1 100 1 100 1 1 1 1 1 1 1 1 1 1 1 1 1 1 1 1 1 1 1 1 1 1 1 1 1 1 1 1 1 1 1 1 1 1 1 1 1 1 1 1 1 1 1 1 1 1 1 1 1 1 1 100 1 1 15 10 100 12 1 1 1 16 15 10 12 16 15 10 12 16 15 10 12 16 1 1 1 100 1 1 1 1 1 100 1 100 1 1
staticfield jdk/internal/loader/BuiltinClassLoader packageToModule Ljava/util/Map; java/util/concurrent/ConcurrentHashMap
staticfield jdk/internal/loader/BuiltinClassLoader $assertionsDisabled Z 1
ciInstanceKlass java/security/AccessController 1 1 295 10 100 12 1 1 1 10 7 12 1 1 1 10 7 12 1 1 1 10 12 1 1 10 12 1 1 10 7 12 1 1 1 10 12 1 1 10 12 1 10 12 1 1 10 12 1 100 1 8 1 10 12 1 10 12 1 10 12 1 1 10 12 1 100 1 100 1 10 12 1 1 10 12 1 10 12 1 10 12 1 1 10 7 12 1 1 1 10 12 1 1 9 100 12 1 1 1 10 100 12 1 1 1 10 12 1 10 12 1 9 100 12 1 1 1 10 12 1 10 12 1 1 9 12 1 1 10 100 1 10 11 7 12 1 1 1 10 7 12 1 1 11 7 1 100 1 10 12 1 10 12 1 10 12 1 8 1 10 12 1 1 8 1 10 100 12 1 1 1 8 1 100 1 10 10 12 1 1 10 12 1 10 7 12 1 1 1 10 12 1 8 1 10 100 12 1 1 8 1 8 1 10 12 1 8 1 10 12 1 10 12 1 1 10 12 1 1 1 1 1 1 1 1 1 1 1 1 1 1 1 1 1 1 1 1 1 1 1 1 1 1 1 1 100 1 1 1 1 1 1 1 1 1 1 1 1 1 1 1 1 1 1 1 1 1 1 1 1 1 1 1 1 1 1 1 1 1 1 100 1 100 1 1 1 1 1 1 1 1 1 3 1 1 1
staticfield java/security/AccessController $assertionsDisabled Z 1
instanceKlass jdk/internal/reflect/GeneratedConstructorAccessor2
instanceKlass jdk/internal/reflect/BootstrapConstructorAccessorImpl
instanceKlass jdk/internal/reflect/GeneratedConstructorAccessor1
instanceKlass jdk/internal/reflect/DelegatingConstructorAccessorImpl
instanceKlass jdk/internal/reflect/NativeConstructorAccessorImpl
ciInstanceKlass jdk/internal/reflect/ConstructorAccessorImpl 1 1 27 10 7 12 1 1 1 100 1 100 1 1 1 1 1 1 1 1 1 100 1 100 1 100 1 1 1
instanceKlass jdk/internal/reflect/FieldAccessorImpl
instanceKlass jdk/internal/reflect/ConstructorAccessorImpl
instanceKlass jdk/internal/reflect/MethodAccessorImpl
ciInstanceKlass jdk/internal/reflect/MagicAccessorImpl 1 1 16 10 7 12 1 1 1 100 1 1 1 1 1 1 1 1
instanceKlass jdk/internal/reflect/DelegatingMethodAccessorImpl
instanceKlass jdk/internal/reflect/NativeMethodAccessorImpl
ciInstanceKlass jdk/internal/reflect/MethodAccessorImpl 1 1 25 10 7 12 1 1 1 100 1 100 1 1 1 1 1 1 1 1 1 100 1 100 1 1 1
ciInstanceKlass java/lang/Module 1 1 959 10 7 12 1 1 1 9 7 12 1 1 1 10 7 12 1 1 1 9 12 1 9 12 1 1 9 12 1 1 10 12 1 1 10 12 1 10 12 1 1 10 7 12 1 1 1 7 1 10 7 12 1 1 1 10 12 1 1 11 7 12 1 1 1 10 12 1 1 10 7 12 1 1 1 10 12 1 1 10 7 12 1 1 1 9 100 12 1 1 1 10 100 12 1 1 1 10 12 1 8 1 10 7 12 1 1 1 10 7 12 1 1 1 9 12 1 1 9 12 1 1 10 12 1 9 12 1 1 11 12 1 9 100 12 1 1 10 100 12 1 1 1 10 100 12 1 1 1 10 12 1 1 100 1 100 1 10 10 12 1 1 8 1 10 12 1 10 12 10 12 1 10 12 1 1 10 12 1 1 10 12 1 1 9 100 12 1 1 1 10 12 1 1 10 12 1 1 9 12 1 10 12 1 10 12 1 9 12 1 1 11 7 12 1 1 10 12 1 1 9 12 1 9 12 1 10 12 1 10 12 1 100 1 8 1 10 10 12 1 1 10 12 1 8 1 10 12 1 1 8 1 8 1 10 12 1 1 10 12 1 10 12 1 1 18 12 1 1 10 12 1 1 11 12 1 9 12 1 11 12 10 100 12 1 1 100 1 8 1 10 7 1 11 12 1 1 10 12 1 10 12 1 10 12 1 1 11 12 1 1 11 7 12 1 1 11 12 1 1 9 12 1 11 12 1 10 12 1 1 10 12 1 1 9 12 1 10 12 10 7 12 1 1 10 7 12 1 1 10 7 1 18 12 1 1 11 100 12 1 1 1 18 12 1 11 12 1 1 10 100 12 1 1 1 11 12 1 1 10 7 12 1 1 4 7 1 11 12 1 7 1 7 1 10 10 7 12 1 1 1 10 11 7 12 1 8 1 10 10 12 1 1 10 7 12 1 1 10 12 1 10 12 1 7 1 10 12 1 10 11 12 1 1 10 12 10 12 1 1 9 12 1 100 1 10 10 12 1 1 11 100 1 10 12 1 1 11 12 1 10 10 12 1 11 10 12 1 1 10 12 1 1 10 12 1 1 10 7 12 1 1 10 12 1 10 12 1 1 10 10 12 1 1 10 12 1 18 12 1 11 12 1 18 12 1 10 12 1 10 12 1 10 12 7 1 10 12 1 10 12 1 10 12 1 9 12 1 7 1 10 10 10 10 12 1 10 12 1 10 12 1 10 12 1 1 10 12 1 1 10 12 1 9 12 1 18 12 1 1 10 100 12 1 1 1 100 1 8 1 10 12 1 1 10 12 1 1 10 100 12 1 1 100 1 10 12 1 1 100 1 8 1 100 1 10 100 1 100 1 3 10 12 1 100 1 10 12 1 10 12 1 1 10 12 1 1 100 1 10 12 1 10 12 1 1 100 1 100 1 10 12 8 1 10 12 1 1 10 12 1 1 10 100 12 1 1 10 12 1 1 10 12 1 10 12 10 12 1 1 100 1 10 10 12 1 1 10 100 12 1 1 1 100 1 8 1 10 12 1 1 10 100 12 1 1 8 1 10 12 1 8 1 10 12 1 10 12 10 12 1 8 1 10 10 100 12 1 1 100 1 10 10 12 1 10 7 12 1 1 9 12 1 9 12 1 9 12 1 9 12 1 10 12 11 12 1 10 12 1 100 1 1 1 1 1 1 1 1 1 1 1 1 1 1 1 1 100 1 1 1 1 1 1 1 1 1 1 1 1 1 1 1 1 1 1 1 1 1 1 1 1 1 1 1 1 1 1 1 1 1 1 1 1 1 1 1 1 1 1 1 1 1 1 1 1 1 1 1 1 1 1 1 1 1 1 1 1 1 1 1 1 1 1 1 1 1 1 1 1 1 1 1 1 1 1 1 1 1 1 1 100 100 1 1 1 1 1 1 1 1 1 1 1 1 1 1 1 1 1 1 1 1 1 1 1 1 1 1 1 1 1 1 1 1 1 1 100 1 100 1 100 1 1 1 1 1 1 1 1 1 1 1 1 1 1 1 1 1 1 1 1 1 1 1 1 1 1 1 1 15 10 100 12 1 1 1 16 15 10 12 16 16 15 10 12 16 16 15 10 16 1 15 10 12 16 1 15 10 12 16 1 16 15 10 12 16 1 1 1 1 1 1 1 100 1 100 1 1
staticfield java/lang/Module ALL_UNNAMED_MODULE Ljava/lang/Module; java/lang/Module
staticfield java/lang/Module ALL_UNNAMED_MODULE_SET Ljava/util/Set; java/util/ImmutableCollections$Set12
staticfield java/lang/Module EVERYONE_MODULE Ljava/lang/Module; java/lang/Module
staticfield java/lang/Module EVERYONE_SET Ljava/util/Set; java/util/ImmutableCollections$Set12
staticfield java/lang/Module $assertionsDisabled Z 1
ciInstanceKlass java/util/ArrayList 1 1 492 10 7 12 1 1 1 7 1 9 7 12 1 1 1 9 12 1 100 1 100 1 10 8 1 10 12 1 1 10 12 1 10 12 1 1 10 12 1 9 12 1 11 7 12 1 1 1 9 12 1 1 10 12 1 1 7 10 7 12 1 1 1 9 12 1 10 12 1 10 12 1 1 10 7 12 1 1 1 10 7 12 1 1 1 10 12 1 1 10 12 1 1 10 12 1 1 10 12 1 10 12 1 1 100 1 100 1 10 12 1 10 7 12 1 1 1 10 7 12 1 1 10 12 1 10 12 10 12 1 1 10 12 1 1 10 12 1 1 7 1 10 12 1 1 10 12 1 1 10 12 1 100 1 10 11 12 1 1 11 100 12 1 1 1 11 12 1 10 12 1 10 12 1 10 12 1 1 100 1 10 12 1 1 10 10 12 1 1 10 12 1 8 1 8 1 8 1 8 1 10 12 1 1 10 12 1 1 11 12 1 100 1 10 100 12 1 1 10 12 1 10 12 1 1 10 100 12 1 1 10 12 1 10 100 12 1 1 1 11 100 12 1 1 1 10 12 1 100 1 8 1 10 7 1 10 12 1 7 1 10 12 1 10 12 1 1 7 1 10 12 1 10 12 1 1 11 7 12 1 1 7 1 10 12 1 10 12 1 1 11 100 12 1 1 10 12 1 1 10 12 1 1 10 12 1 1 10 12 1 1 11 100 12 1 1 10 12 1 1 100 1 100 1 100 1 1 1 1 5 0 1 3 1 1 1 1 1 1 1 1 1 1 1 1 1 1 1 1 1 1 1 1 1 1 1 1 1 1 1 1 1 1 1 1 1 1 1 1 1 1 1 1 1 1 1 1 1 1 1 1 1 1 1 1 1 1 1 1 1 1 1 1 1 1 1 1 1 1 1 1 1 1 1 1 1 1 1 1 1 1 1 1 1 1 1 1 1 1 1 1 1 1 1 1 1 1 1 1 100 1 1 1 1 100 1 1 1 1 1 1 1 1 1 1 1 1 1 1 1 1 1 1 1 1 1 1 1 1 1 1 1 1 1 100 1 1 1 1 1 1 1 1 1 1 1 1 1 1 1 1 1 1 100 1 100 1 1 1 1 1 1
staticfield java/util/ArrayList EMPTY_ELEMENTDATA [Ljava/lang/Object; 0 [Ljava/lang/Object;
staticfield java/util/ArrayList DEFAULTCAPACITY_EMPTY_ELEMENTDATA [Ljava/lang/Object; 0 [Ljava/lang/Object;
ciInstanceKlass java/util/concurrent/ConcurrentHashMap 1 1 1210 7 1 7 1 3 10 12 1 1 3 100 1 10 7 12 1 1 1 100 1 10 100 12 1 1 1 100 1 11 12 1 1 11 12 1 11 12 1 1 9 12 1 1 9 12 1 1 9 12 1 10 7 12 1 1 1 7 1 10 12 1 1 10 12 1 1 10 7 12 1 1 1 4 10 12 1 9 12 1 10 12 1 1 100 1 10 5 0 10 12 1 10 12 1 1 5 0 10 12 1 1 10 12 1 9 12 1 1 10 12 1 1 9 12 1 9 12 1 1 10 12 1 1 9 12 1 10 12 1 1 9 12 1 1 10 12 1 1 100 1 10 7 1 10 12 1 10 12 1 1 10 12 1 1 10 12 1 1 10 12 1 10 12 1 1 10 12 1 1 100 1 10 12 1 1 7 1 100 1 8 1 10 12 1 10 12 1 1 10 12 1 1 11 7 12 1 1 10 12 1 1 11 12 1 1 11 7 12 1 1 1 11 7 12 1 1 1 11 12 1 7 1 11 12 1 11 12 1 10 12 1 1 10 12 1 1 9 12 1 1 10 100 12 1 1 1 9 10 12 1 1 9 12 1 10 12 1 1 5 0 9 12 1 1 7 1 10 12 1 9 12 1 1 7 1 10 12 1 9 12 1 7 1 10 100 1 10 10 12 1 1 8 1 10 12 1 10 12 1 1 11 100 1 10 12 1 10 100 12 1 1 1 8 1 10 100 12 1 1 1 8 1 10 12 1 8 1 10 12 1 10 12 1 1 10 100 12 1 1 10 12 1 10 12 1 10 12 1 9 12 1 9 10 12 1 9 12 1 1 11 7 12 1 1 1 11 100 12 1 1 1 100 1 10 12 11 100 12 1 1 10 11 7 12 1 10 12 1 100 1 10 12 1 100 1 10 10 9 7 12 1 1 1 10 12 3 10 100 12 1 1 9 12 1 10 12 1 1 9 12 1 1 9 12 1 10 12 1 1 10 7 12 1 1 9 12 1 9 7 12 1 1 10 12 1 1 10 12 1 3 9 12 1 9 12 1 10 12 1 1 7 1 9 3 9 12 1 100 1 10 12 1 9 12 1 10 12 1 9 12 1 10 12 1 9 12 1 10 100 12 1 1 1 100 10 12 1 100 1 5 0 10 100 12 1 1 100 1 10 12 1 1 10 12 1 10 12 1 100 1 10 12 1 10 100 1 100 1 10 10 12 1 10 100 1 10 12 1 10 100 1 10 12 1 10 100 1 10 12 1 1 100 1 10 12 1 10 10 12 1 100 1 10 12 1 10 10 12 1 100 1 10 12 1 10 100 1 10 12 1 10 100 1 10 12 1 10 100 1 10 12 1 10 100 1 10 12 1 10 100 1 10 12 1 10 100 1 10 12 1 10 100 1 10 12 1 10 100 1 10 10 100 1 10 10 100 1 10 10 100 1 10 12 1 10 100 1 10 12 1 10 100 1 10 12 1 10 100 1 10 12 1 10 100 1 10 12 1 10 100 1 10 10 100 1 10 10 100 1 10 10 100 1 10 12 1 10 100 1 10 12 1 10 100 1 10 12 1 10 100 1 10 12 1 10 100 1 10 12 1 10 10 12 1 10 7 12 1 1 1 10 12 1 7 1 7 1 10 12 1 9 12 1 1 9 12 1 1 10 12 1 1 8 10 12 1 1 8 8 8 8 7 10 12 1 1 10 12 1 100 1 8 1 10 7 1 100 1 100 1 1 1 5 0 1 1 3 1 3 1 1 1 1 3 1 3 1 3 1 1 1 1 1 3 1 3 1 3 1 1 1 1 1 1 1 1 1 1 1 1 1 1 1 1 1 1 1 1 1 1 1 1 1 100 1 1 1 1 1 1 1 1 1 1 1 1 1 1 1 1 1 1 1 1 1 1 1 1 1 1 1 1 1 1 1 1 1 1 1 1 1 1 1 1 1 1 1 1 1 1 1 1 1 1 1 1 1 1 1 1 1 1 1 1 1 1 1 1 1 1 1 1 1 1 1 1 1 1 1 1 1 1 1 1 1 1 1 1 100 1 1 1 1 1 1 1 1 1 1 1 100 1 1 1 1 1 1 1 1 1 1 1 1 1 1 1 1 1 1 1 1 1 1 1 1 1 1 1 1 1 1 1 1 1 1 1 1 1 1 1 1 1 1 1 1 1 1 1 1 1 1 1 1 1 1 1 1 1 1 1 1 1 1 1 1 1 1 1 1 1 1 1 1 1 1 1 1 1 1 1 1 1 1 1 1 1 1 1 1 1 1 1 1 1 1 1 1 1 1 1 1 1 1 1 1 1 1 1 1 1 1 1 1 1 1 1 1 1 1 1 1 1 1 1 1 1 1 1 1 1 1 1 1 1 1 1 1 1 1 1 1 1 1 1 1 1 1 1 1 1 1 1 1 1 1 1 1 1 1 1 1 1 1 1 1 1 1 1 1 1 1 1 1 1 1 1 1 1 1 1 1 1 1 1 1 1 1 1 1 1 1 1 1 1 1 1 1 1 1 1 1 1 1 1 1 1 1 1 1 1 1 1 1 1 1 1 1 1 1 1 1 1 1 1 100 1 100 1 100 1 100 1 100 1 100 1 100 1 100 1 100 1 1 1 1 1 1 1 1 1 1 1 1 1 1 1 1 1 1 1 1 1 1 1 1 1 1 1 1 1 1 1 1 1 1 1 1 1 1 1 1 1 1 1 1 1 1 1 1 1 1 1 1 1 1 1 1 1 1
staticfield java/util/concurrent/ConcurrentHashMap NCPU I 4
staticfield java/util/concurrent/ConcurrentHashMap serialPersistentFields [Ljava/io/ObjectStreamField; 3 [Ljava/io/ObjectStreamField;
staticfield java/util/concurrent/ConcurrentHashMap U Ljdk/internal/misc/Unsafe; jdk/internal/misc/Unsafe
staticfield java/util/concurrent/ConcurrentHashMap SIZECTL J 20
staticfield java/util/concurrent/ConcurrentHashMap TRANSFERINDEX J 32
staticfield java/util/concurrent/ConcurrentHashMap BASECOUNT J 24
staticfield java/util/concurrent/ConcurrentHashMap CELLSBUSY J 36
staticfield java/util/concurrent/ConcurrentHashMap CELLVALUE J 144
staticfield java/util/concurrent/ConcurrentHashMap ABASE I 16
staticfield java/util/concurrent/ConcurrentHashMap ASHIFT I 2
ciInstanceKlass java/lang/String 1 1 1396 10 7 12 1 1 1 8 1 9 7 12 1 1 1 9 12 1 1 9 12 1 1 10 12 1 10 12 1 1 10 12 1 1 9 12 1 1 10 7 12 1 1 1 10 7 1 10 7 12 1 1 1 10 12 1 1 10 12 1 1 10 12 1 10 12 1 1 10 12 1 10 7 12 1 1 1 9 7 12 1 1 1 10 7 12 1 1 1 10 12 1 1 10 12 1 1 10 12 1 1 10 12 1 1 10 12 1 1 9 7 12 1 1 10 12 9 7 12 1 1 3 10 7 12 1 1 1 7 1 11 12 1 1 11 12 1 11 12 1 1 10 100 12 1 1 1 10 12 1 1 9 100 12 1 1 1 10 12 1 1 10 12 1 11 12 1 1 10 12 1 1 10 12 10 12 1 1 10 100 12 1 1 1 10 7 12 1 1 1 10 12 1 1 100 1 100 1 10 12 1 10 12 1 10 12 1 1 100 1 10 12 1 1 100 1 10 12 1 1 10 12 1 1 10 10 12 1 100 1 100 1 100 1 10 12 1 10 12 1 1 10 12 1 1 10 12 1 10 12 1 1 10 12 1 1 10 100 12 1 1 100 1 11 11 12 1 11 12 1 10 12 1 1 10 12 1 10 12 10 12 1 1 10 10 100 12 1 1 1 10 100 12 1 1 10 12 1 1 10 100 12 1 1 10 12 1 10 12 1 1 10 12 1 1 10 12 1 10 12 1 10 12 1 1 100 1 10 12 1 1 10 12 10 12 1 10 12 1 1 10 100 12 1 1 1 10 12 1 10 12 1 1 10 12 1 10 12 1 3 3 10 12 1 10 12 1 1 10 12 1 1 10 12 1 1 10 12 1 10 12 1 1 10 12 1 1 10 12 1 10 12 1 10 12 1 10 12 1 1 10 12 1 10 12 1 10 12 1 10 12 1 10 12 1 10 12 1 10 100 1 10 8 1 10 12 1 1 10 12 1 8 1 10 12 1 1 10 12 10 12 1 8 1 10 10 12 1 1 10 12 1 1 10 12 1 10 12 1 1 10 12 10 100 1 10 10 12 1 10 12 1 10 12 1 10 10 12 1 10 12 1 1 10 12 1 100 1 10 10 12 1 100 1 10 10 12 1 10 12 1 1 10 12 1 10 12 1 1 10 10 12 1 1 10 100 1 10 10 12 1 10 12 1 1 10 12 1 1 10 100 1 10 12 1 10 12 1 10 12 1 10 12 1 1 10 12 1 11 7 1 11 12 10 12 1 10 12 1 1 10 12 1 1 10 10 12 1 10 12 1 9 12 1 1 11 7 12 1 1 1 10 10 12 1 10 12 1 1 10 10 12 1 10 12 1 10 12 1 1 9 12 1 10 12 1 1 10 10 12 1 1 10 12 10 10 12 1 10 12 10 10 12 10 10 12 1 10 12 1 10 12 10 10 12 10 12 1 10 12 10 12 10 10 12 1 10 12 1 1 10 12 1 10 10 12 1 10 7 12 1 1 1 10 12 1 1 10 10 100 12 1 1 1 11 10 12 1 10 12 1 1 10 12 1 1 10 100 12 1 1 1 10 12 1 10 10 12 1 10 12 1 10 12 1 10 100 12 1 1 10 12 1 100 1 100 1 8 1 10 10 10 12 1 8 1 10 12 1 3 3 7 1 10 10 12 1 10 12 1 10 12 1 1 10 12 1 1 11 7 12 1 1 1 7 1 10 12 1 1 10 12 1 10 12 1 1 10 12 1 1 8 1 10 12 1 1 10 12 1 11 100 12 1 1 1 11 100 12 1 1 11 12 1 1 10 12 1 10 12 1 1 10 10 7 12 1 1 1 10 12 1 10 12 1 10 10 12 10 12 1 1 10 10 12 1 10 10 12 1 10 10 12 1 10 10 12 1 10 12 1 1 10 10 12 1 8 1 10 12 1 1 18 12 1 1 11 100 12 1 1 1 100 1 3 18 12 1 18 12 1 8 1 10 100 12 1 1 1 11 12 1 1 10 12 10 10 12 1 10 11 12 1 1 10 12 1 1 11 12 1 18 3 11 10 12 1 11 11 10 12 1 10 12 1 1 8 1 10 12 1 10 12 1 10 12 1 1 10 10 12 1 11 100 12 1 100 1 100 1 10 12 1 100 1 10 10 100 12 1 1 1 100 1 10 100 1 10 10 12 1 10 10 12 1 8 1 10 10 12 1 8 1 8 1 10 12 1 10 12 1 10 10 12 10 100 12 1 1 10 100 12 1 1 10 100 12 1 1 8 1 10 12 1 10 12 1 1 10 10 12 8 1 8 1 10 8 1 8 1 8 1 8 1 10 12 1 10 12 1 8 1 10 100 12 1 1 1 10 12 10 12 1 1 10 12 10 10 12 10 12 7 1 9 12 1 1 7 1 10 100 1 100 1 100 1 100 1 1 1 1 1 1 5 0 1 1 1 1 1 3 1 3 1 1 1 1 1 1 1 1 1 1 1 1 1 1 1 100 1 1 1 100 1 1 1 1 1 1 1 1 1 1 1 1 1 1 1 1 1 1 1 1 1 1 1 1 1 1 1 100 1 1 1 1 1 1 1 1 1 100 1 1 1 1 1 1 1 1 1 1 1 1 1 1 1 1 1 1 1 1 1 1 1 1 1 1 1 1 1 1 1 1 1 1 1 1 1 1 1 1 1 1 1 1 1 1 1 1 1 1 1 1 1 1 1 1 1 1 1 1 1 1 1 1 1 1 1 1 1 1 1 1 1 1 1 1 1 1 1 1 1 1 1 1 1 1 1 1 1 1 1 1 1 1 1 1 1 1 1 1 1 1 1 1 1 1 1 1 1 1 1 1 1 1 1 1 1 1 1 1 1 1 1 1 1 1 1 1 1 1 1 1 1 1 1 1 1 1 1 1 1 1 1 1 1 1 1 1 1 1 1 1 1 1 1 1 1 1 1 1 1 1 1 1 1 1 1 1 1 100 1 1 1 1 1 1 1 1 1 1 1 1 1 1 1 1 1 1 1 1 1 1 1 1 100 1 1 1 1 1 1 1 1 1 1 1 1 1 100 1 1 1 1 1 1 1 1 1 1 1 1 1 1 1 15 10 100 12 1 1 1 16 15 10 12 16 15 10 12 15 10 12 15 10 12 1 1 1 1 100 1 100 1 1 1
staticfield java/lang/String COMPACT_STRINGS Z 1
staticfield java/lang/String serialPersistentFields [Ljava/io/ObjectStreamField; 0 [Ljava/io/ObjectStreamField;
staticfield java/lang/String CASE_INSENSITIVE_ORDER Ljava/util/Comparator; java/lang/String$CaseInsensitiveComparator
ciInstanceKlass java/security/ProtectionDomain 1 1 324 10 7 12 1 1 1 9 7 12 1 1 1 7 1 10 9 12 1 1 9 12 1 1 9 12 1 1 10 7 12 1 1 7 1 9 12 1 9 12 1 1 7 1 9 12 1 1 9 12 1 10 100 12 1 1 10 100 12 1 1 1 10 12 1 1 10 12 1 9 12 1 9 100 12 1 1 10 12 1 1 10 100 1 10 12 1 1 8 1 100 1 8 1 10 12 1 10 10 100 12 1 1 1 10 12 1 1 8 1 11 8 1 10 12 1 8 1 8 1 10 12 1 1 10 12 1 10 12 1 1 10 12 1 8 1 10 12 1 8 1 8 1 10 100 12 1 1 1 9 100 12 1 1 1 10 12 1 1 9 100 12 1 1 1 10 100 12 1 1 1 100 1 100 1 10 12 1 10 100 12 1 1 1 10 100 1 10 12 1 10 12 1 1 11 100 12 1 1 11 12 1 100 1 11 100 12 1 1 1 10 12 1 10 11 12 1 1 11 12 1 1 10 12 1 10 7 12 1 1 10 100 12 1 1 11 12 1 10 12 8 1 8 1 10 7 12 1 1 1 7 1 10 10 7 12 1 1 1 1 1 1 1 1 1 1 100 1 1 100 1 1 1 1 1 1 1 1 1 1 1 1 1 1 1 1 1 1 1 1 1 1 1 1 1 1 1 1 1 1 1 1 1 1 1 1 1 1 1 1 1 1 100 1 1 1 1 1 100 1 1 1 1 1
staticfield java/security/ProtectionDomain filePermCompatInPD Z 0
ciInstanceKlass java/security/CodeSource 1 1 395 10 7 12 1 1 1 9 7 12 1 1 1 9 12 1 1 9 12 1 1 9 12 1 1 10 7 12 1 1 1 9 12 1 1 10 7 12 1 1 10 7 10 100 12 1 1 1 10 100 12 1 1 1 10 12 1 1 7 1 10 10 7 12 1 1 1 10 7 12 1 1 1 10 12 1 1 10 12 1 7 1 10 12 1 1 10 12 1 1 10 12 1 1 10 12 1 10 10 10 12 1 1 10 100 12 1 1 1 10 12 1 10 12 1 10 12 1 8 1 10 12 1 10 12 1 10 12 1 1 10 12 1 8 1 10 12 1 1 10 100 1 10 10 12 1 1 8 1 10 12 1 10 12 1 10 12 1 8 1 8 1 9 12 1 1 100 1 8 1 10 12 1 10 12 1 1 8 1 10 12 1 8 1 8 1 8 1 10 100 12 1 1 10 12 1 1 10 12 1 10 12 1 1 10 12 1 1 10 12 1 1 100 1 100 1 10 12 1 10 12 10 12 1 1 10 100 12 1 1 10 12 1 100 1 10 12 10 8 1 10 12 1 10 12 1 10 12 1 1 100 1 10 12 1 1 100 1 100 1 8 1 8 1 10 10 12 1 1 10 100 12 1 1 1 100 1 10 12 10 12 1 1 11 100 12 1 1 10 10 12 1 11 10 12 1 8 1 100 1 10 12 1 10 12 1 1 10 12 1 11 12 1 1 11 100 1 1 1 1 5 0 1 1 1 1 1 1 1 1 1 1 1 1 1 1 1 1 1 1 1 1 1 1 1 1 1 1 1 1 1 1 1 1 1 1 1 1 1 1 1 1 1 1 1 1 1 1 1 1 1 1 1 1 1 1 1 1 1 1 1 1 1 1 1 1 1 100 1 1 1 1 1 1 1
ciInstanceKlass java/lang/StringBuilder 1 1 409 10 7 12 1 1 1 10 12 1 10 12 1 10 12 1 1 10 7 12 1 1 1 10 7 12 1 1 1 10 12 1 10 12 1 10 12 1 10 12 1 10 12 1 10 12 1 10 12 1 10 12 1 10 12 1 10 12 1 10 12 1 10 12 1 10 12 1 10 12 1 1 10 12 1 10 12 1 1 10 12 1 1 10 12 1 10 12 1 10 12 1 10 12 1 10 12 1 10 12 1 10 12 1 10 12 10 12 1 10 12 1 10 12 1 10 12 1 1 10 12 1 10 12 1 10 12 10 12 1 1 10 12 1 1 9 12 1 1 9 12 1 1 10 7 12 1 1 1 10 100 1 10 100 12 1 1 1 10 12 1 10 12 1 1 10 12 1 1 10 10 12 1 1 10 100 12 1 1 10 12 1 10 12 1 1 100 1 100 1 8 1 10 10 12 1 1 10 12 1 1 10 12 1 10 12 1 10 12 1 10 12 1 10 12 1 10 12 1 10 12 1 10 12 1 10 12 1 10 12 1 10 12 1 10 12 1 10 12 1 10 12 1 10 12 1 1 10 12 1 1 10 12 1 10 12 1 10 12 1 10 12 10 12 10 12 1 10 12 1 10 12 1 10 12 10 12 1 10 12 1 10 12 1 10 12 1 10 12 1 10 12 1 10 12 1 10 12 1 10 12 1 1 10 12 1 10 12 1 1 10 12 1 10 12 1 1 10 12 1 10 12 1 1 10 12 1 10 12 1 10 12 1 10 10 12 1 10 12 1 100 1 100 1 100 1 1 1 1 5 0 1 1 1 1 1 1 1 1 1 1 1 1 1 1 1 1 1 1 1 1 1 1 1 1 1 1 1 1 1 1 1 1 1 1 1 1 1 1 1 1 1 1 1 100 1 1 1 100 1 1 1 1 1 1 1 1 1 1
ciInstanceKlass jdk/internal/loader/ClassLoaders 1 1 183 10 100 12 1 1 1 10 7 12 1 1 1 10 12 1 1 10 100 12 1 1 1 9 7 12 1 1 1 9 12 1 1 9 12 1 1 7 1 11 100 12 1 1 1 100 1 11 12 1 1 11 12 1 1 10 100 12 1 1 1 10 100 12 1 1 1 100 1 100 1 10 7 12 1 1 1 9 12 1 1 10 12 1 1 7 1 10 12 1 1 10 12 1 7 1 8 1 10 7 12 1 1 1 10 12 1 1 7 1 10 12 1 10 12 1 10 12 1 8 1 10 7 12 1 1 8 1 8 1 10 12 1 7 1 10 12 1 10 12 1 10 12 1 1 1 1 1 1 1 1 1 1 1 1 1 1 1 1 1 1 1 1 100 1 1 1 1 1 1 1 1 1 1 1 1 1 1 1 1 1 1 1
staticfield jdk/internal/loader/ClassLoaders JLA Ljdk/internal/access/JavaLangAccess; java/lang/System$2
staticfield jdk/internal/loader/ClassLoaders BOOT_LOADER Ljdk/internal/loader/ClassLoaders$BootClassLoader; jdk/internal/loader/ClassLoaders$BootClassLoader
staticfield jdk/internal/loader/ClassLoaders PLATFORM_LOADER Ljdk/internal/loader/ClassLoaders$PlatformClassLoader; jdk/internal/loader/ClassLoaders$PlatformClassLoader
staticfield jdk/internal/loader/ClassLoaders APP_LOADER Ljdk/internal/loader/ClassLoaders$AppClassLoader; jdk/internal/loader/ClassLoaders$AppClassLoader
ciInstanceKlass jdk/internal/misc/Unsafe 1 1 1285 10 7 12 1 1 1 9 7 12 1 1 1 9 12 1 1 10 12 1 1 10 7 12 1 1 1 10 12 1 1 10 12 1 1 10 12 1 1 10 12 1 1 10 12 1 1 10 12 1 1 10 12 1 1 10 12 1 1 10 12 1 1 10 12 1 1 10 12 1 1 10 12 1 1 10 12 1 1 10 12 1 10 12 1 100 1 10 10 12 1 1 10 12 1 1 5 0 10 12 1 1 10 12 1 1 10 7 12 1 1 1 10 12 1 1 10 12 1 10 12 1 10 12 1 1 10 12 1 1 10 12 1 10 12 1 100 1 100 1 10 8 1 10 12 1 1 10 12 1 8 1 10 12 1 1 10 12 1 10 12 1 10 12 1 1 10 12 1 10 12 1 1 10 12 1 1 10 12 1 10 12 1 10 12 1 10 12 1 1 10 12 1 10 12 1 10 12 1 1 10 12 1 5 0 5 0 5 0 10 12 1 10 12 1 10 12 1 10 12 1 10 12 1 10 12 1 10 12 1 10 12 1 10 12 1 1 10 12 1 10 12 1 100 1 8 1 10 100 1 10 10 12 1 1 10 12 1 1 10 12 1 10 12 1 1 10 12 1 1 10 12 1 10 12 1 1 10 12 1 9 7 12 1 1 9 12 1 100 1 10 10 12 1 1 8 1 10 8 1 8 1 10 12 1 1 9 7 12 1 1 1 9 100 1 9 100 1 9 7 1 9 9 100 1 9 100 1 9 100 1 10 12 1 1 10 12 1 1 10 12 1 1 10 12 1 1 5 0 5 0 9 12 1 1 10 12 1 10 12 1 10 12 1 1 10 12 1 1 10 12 1 8 1 3 10 12 1 1 10 12 1 1 10 12 1 10 12 1 1 10 12 1 1 10 12 1 10 12 1 10 12 1 10 12 1 10 12 1 10 12 1 1 10 12 1 1 10 12 1 10 12 1 10 12 1 10 12 1 10 12 1 10 12 1 1 10 12 1 1 10 12 1 10 12 1 10 12 1 10 12 1 10 12 1 10 12 1 1 10 12 1 1 10 12 1 1 10 12 1 1 10 12 1 10 12 1 10 12 1 10 12 1 10 12 1 10 12 1 10 12 1 1 10 12 1 1 10 12 1 10 12 1 10 12 1 10 12 1 10 12 1 10 12 1 10 12 1 1 10 12 1 1 10 12 1 10 12 1 10 12 1 10 12 1 10 12 1 10 12 1 10 12 1 10 12 1 1 10 12 1 10 12 1 10 12 1 10 12 1 10 12 1 1 10 12 1 10 12 1 10 12 1 10 12 1 10 12 1 10 12 1 10 12 1 10 12 1 1 10 12 1 10 12 1 10 12 1 10 12 1 10 12 1 10 12 1 1 10 12 1 10 12 1 10 12 1 1 10 12 1 10 12 1 10 12 1 10 12 1 10 12 1 10 12 1 10 12 1 10 12 1 10 12 1 10 12 1 10 12 1 10 12 1 10 12 1 10 12 1 10 12 1 10 12 1 10 12 1 10 12 1 10 12 1 10 12 1 10 12 1 10 12 1 100 1 10 100 1 10 9 12 1 5 0 10 12 1 1 5 0 10 12 1 5 0 10 12 1 10 12 1 10 12 1 1 10 12 1 1 10 12 1 10 12 1 10 12 1 10 12 1 1 10 12 1 10 12 1 10 12 1 10 12 1 10 12 1 1 10 12 1 10 12 1 10 12 1 10 12 1 1 10 12 1 10 12 1 10 12 1 1 10 12 1 10 12 1 10 12 1 10 12 1 1 10 12 1 10 10 12 1 1 10 12 1 10 12 1 1 10 12 1 10 12 5 0 5 0 5 0 10 12 1 1 10 12 1 10 12 1 10 12 10 100 12 1 1 8 1 100 1 11 12 1 1 8 1 11 12 1 1 10 100 12 1 1 10 12 1 10 12 1 10 12 1 10 12 1 10 12 1 1 10 12 1 10 12 1 10 12 1 10 12 1 10 12 1 10 12 1 10 7 1 10 12 1 9 12 1 7 1 9 12 1 7 1 9 12 1 7 1 9 12 1 7 1 9 12 1 7 1 9 12 1 7 1 9 12 1 7 1 9 12 1 7 1 9 12 1 10 12 1 9 12 1 9 12 1 9 12 1 9 12 1 9 12 1 9 12 1 9 12 1 9 12 1 9 12 1 9 12 1 1 1 3 1 1 1 1 1 1 1 1 1 1 1 1 1 1 1 1 1 1 1 1 1 1 1 1 1 1 1 1 1 1 1 1 1 1 1 1 1 1 1 1 1 1 1 1 1 1 1 1 1 1 1 1 1 1 1 1 1 1 1 1 1 1 1 1 1 1 1 1 1 1 1 1 1 1 1 1 1 1 1 1 1 1 1 1 1 1 1 1 1 100 1 1 1 1 1 1 1 1 1 1 1 1 1 1 1 1 1 1 1 1 1 1 1 1 1 1 1 1 1 1 1 1 1 1 1 1 1 1 1 1 1 1 1 1 1 1 1 1 1 1 1 1 1 1 1 1 1 1 1 1 1 1 1 1 1 1 1 1 1 1 1 1 1 1 1 1 1 1 1 1 1 1 1 1 1 1 1 1 1 1 1 1 1 1 1 1 1 1 1 1 1 1 1 1 1 1 1 1 1 1 1 1 1 1 1 1 1 1 1 1 1 1 1 1 1 1 1 1 1 1 1 1 1 1 1 1 1 1 1 1 1 1 1 1 1 1 1 1 1 1 1 1 1 1 1 1 1 1 1 1 1 1 1 1 1 1 1 1 1 1 1 1 1 1 1 1 1 1 1 1 1 1 1 1 1 1 1 1 1 1 1 1 1 1 1 1 1 1 1 1 1 1 1 1 1 1 1 3 1 1 1 1 1 1 1 1 1 1 1 1 1 1 1 1 1 1 1 1 1
staticfield jdk/internal/misc/Unsafe theUnsafe Ljdk/internal/misc/Unsafe; jdk/internal/misc/Unsafe
staticfield jdk/internal/misc/Unsafe ARRAY_BOOLEAN_BASE_OFFSET I 16
staticfield jdk/internal/misc/Unsafe ARRAY_BYTE_BASE_OFFSET I 16
staticfield jdk/internal/misc/Unsafe ARRAY_SHORT_BASE_OFFSET I 16
staticfield jdk/internal/misc/Unsafe ARRAY_CHAR_BASE_OFFSET I 16
staticfield jdk/internal/misc/Unsafe ARRAY_INT_BASE_OFFSET I 16
staticfield jdk/internal/misc/Unsafe ARRAY_LONG_BASE_OFFSET I 16
staticfield jdk/internal/misc/Unsafe ARRAY_FLOAT_BASE_OFFSET I 16
staticfield jdk/internal/misc/Unsafe ARRAY_DOUBLE_BASE_OFFSET I 16
staticfield jdk/internal/misc/Unsafe ARRAY_OBJECT_BASE_OFFSET I 16
staticfield jdk/internal/misc/Unsafe ARRAY_BOOLEAN_INDEX_SCALE I 1
staticfield jdk/internal/misc/Unsafe ARRAY_BYTE_INDEX_SCALE I 1
staticfield jdk/internal/misc/Unsafe ARRAY_SHORT_INDEX_SCALE I 2
staticfield jdk/internal/misc/Unsafe ARRAY_CHAR_INDEX_SCALE I 2
staticfield jdk/internal/misc/Unsafe ARRAY_INT_INDEX_SCALE I 4
staticfield jdk/internal/misc/Unsafe ARRAY_LONG_INDEX_SCALE I 8
staticfield jdk/internal/misc/Unsafe ARRAY_FLOAT_INDEX_SCALE I 4
staticfield jdk/internal/misc/Unsafe ARRAY_DOUBLE_INDEX_SCALE I 8
staticfield jdk/internal/misc/Unsafe ARRAY_OBJECT_INDEX_SCALE I 4
staticfield jdk/internal/misc/Unsafe ADDRESS_SIZE I 8
ciInstanceKlass java/util/Map 1 1 259 11 7 12 1 1 1 11 12 1 1 10 7 12 1 1 11 12 1 1 11 7 12 1 1 1 11 7 12 1 1 1 11 12 1 1 7 1 11 12 1 11 12 1 100 1 100 1 10 12 1 1 11 7 12 1 1 1 11 100 12 1 1 1 11 12 1 11 12 1 10 12 1 1 11 12 1 11 7 12 1 9 7 12 1 1 1 100 1 10 12 7 1 7 1 10 12 1 7 1 10 7 1 11 12 1 1 7 1 11 12 1 1 1 1 1 1 1 1 1 1 1 1 1 1 1 1 1 1 1 1 1 1 1 1 1 1 1 1 1 1 1 1 1 1 1 1 1 1 1 1 1 1 1 1 1 1 1 1 1 1 1 1 1 1 1 1 1 1 1 1 1 1 1 1 1 1 1 1 1 1 1 1 1 1 1 1 1 1 1 1 1 1 1 1 1 1 1 1 1 1 1 1 1 1 1 1 1 1 1 1 1 1 1 1 1 1 1 1 1 1 1 1 1 1 1 1 1 1 1 1 1 1 1 1 1 1 1 1 1 100 1 1 1 1 1 1 1 1 1 1 1 1 1 1 1 1 1 1
ciInstanceKlass java/lang/ThreadGroup 1 1 293 10 7 12 1 1 1 9 7 12 1 1 1 8 1 9 12 1 1 7 1 9 12 1 9 12 1 1 10 12 1 1 10 12 1 1 10 12 1 10 12 1 1 10 12 1 9 12 1 1 10 12 1 1 10 12 1 9 12 1 10 100 12 1 1 1 9 12 1 9 12 1 1 10 7 12 1 1 1 100 10 12 1 1 10 7 12 1 1 1 10 100 12 1 9 12 1 10 12 1 1 10 12 1 1 9 12 1 1 10 12 1 1 10 12 1 10 12 1 10 12 1 1 10 12 1 1 10 12 1 10 12 1 10 10 12 1 10 12 1 10 100 1 10 10 12 1 10 12 1 10 12 1 7 10 12 1 9 12 1 1 10 12 1 1 8 1 10 100 12 1 1 1 10 12 1 1 10 12 1 1 10 12 1 1 11 100 1 100 1 9 12 1 100 1 10 8 1 10 12 1 1 10 12 1 1 8 1 10 12 1 10 100 12 1 1 1 10 12 1 1 10 100 1 8 1 10 8 1 10 12 1 8 1 1 1 1 1 1 1 1 1 1 1 1 1 1 1 1 1 3 1 1 1 1 1 1 1 1 1 1 1 1 1 1 1 1 1 1 1 1 1 1 1 1 1 1 1 1 1 1 1 1 1 1 1 1 1 1 1 1 1 1
instanceKlass java/security/Provider
ciInstanceKlass java/util/Properties 1 1 651 10 7 12 1 1 1 100 1 10 7 12 1 1 7 1 10 12 1 9 12 1 1 9 12 1 1 9 12 1 1 10 7 12 1 1 1 10 12 1 1 8 1 10 7 12 1 1 1 7 1 10 12 1 10 12 1 1 8 1 10 12 1 7 1 10 12 10 12 1 1 9 12 1 1 10 12 1 1 7 1 10 12 1 10 12 1 10 12 1 1 100 1 8 1 10 12 1 10 12 1 10 12 1 1 10 12 1 100 1 3 10 10 100 12 1 1 1 10 12 1 10 12 1 1 8 1 10 12 1 10 12 1 1 8 1 10 100 12 1 1 10 12 1 1 10 12 1 10 12 1 1 100 1 10 12 1 10 12 1 1 100 1 9 100 12 1 1 1 10 12 1 10 12 1 1 100 1 10 10 10 12 1 1 11 7 12 1 1 1 11 7 12 1 1 1 11 12 1 1 7 1 11 12 1 11 12 1 10 12 1 1 8 1 10 12 1 10 12 1 100 1 10 10 12 1 1 10 100 12 1 1 9 100 12 1 1 10 12 1 1 10 100 12 1 1 1 100 1 100 1 100 1 10 8 1 8 1 10 12 1 10 12 1 10 12 1 1 10 10 12 1 1 10 12 1 1 7 1 10 10 12 1 11 7 12 1 1 10 7 12 1 1 1 8 1 10 100 12 1 1 11 8 1 10 100 1 11 10 12 1 10 12 1 10 12 1 10 12 1 1 10 12 1 1 10 12 1 1 10 12 1 10 12 1 10 10 12 1 10 12 1 10 12 1 10 10 12 1 1 10 12 1 1 7 1 10 10 12 1 10 12 1 10 12 1 10 12 1 10 12 1 1 10 12 1 1 10 12 1 10 12 1 10 12 1 1 10 12 10 12 1 1 10 12 1 1 10 12 1 10 12 1 1 10 12 1 1 10 12 100 1 10 11 100 12 1 1 4 11 10 12 1 1 10 100 12 1 1 11 12 1 10 12 1 1 10 100 12 1 1 10 12 1 100 1 8 1 10 12 1 10 10 100 12 1 1 1 100 1 6 0 10 12 1 1 11 100 12 1 1 1 10 12 1 10 12 1 1 1 1 1 5 0 1 1 1 1 1 1 1 1 1 1 1 1 1 1 1 1 1 1 1 1 1 1 1 1 1 1 1 1 1 1 1 1 1 1 1 1 1 1 1 1 100 1 1 1 1 1 1 1 1 1 1 1 1 1 1 1 1 1 1 1 1 100 1 1 1 1 1 1 1 100 1 100 1 1 1 1 100 1 1 1 1 1 1 1 1 1 1 1 1 1 1 1 1 1 1 1 1 1 1 1 1 1 1 1 1 1 1 1 1 1 1 1 1 1 1 1 1 1 1 1 1 1 1 1 1 1 1 1 1 1 1 1 1 1 1 1 1 1 1 1 1 1 1 1 1 1 1 1 1 1 1 1 1 100 1 1 1 1 1 1 1 1 1 100 1 1 1
staticfield java/util/Properties UNSAFE Ljdk/internal/misc/Unsafe; jdk/internal/misc/Unsafe
instanceKlass java/util/Hashtable
ciInstanceKlass java/util/Dictionary 1 1 36 10 7 12 1 1 1 100 1 1 1 1 1 1 1 1 1 1 1 1 1 1 1 1 1 1 1 1 1 1 1 1 1 1 1 1
instanceKlass java/util/Properties
ciInstanceKlass java/util/Hashtable 1 1 512 100 1 10 7 12 1 1 1 9 7 12 1 1 1 100 1 100 1 10 8 1 10 12 1 1 10 12 1 10 12 1 1 10 12 1 10 7 12 1 1 1 8 1 10 12 1 9 12 1 1 7 1 9 12 1 1 4 10 7 12 1 1 1 9 12 1 4 10 12 1 11 100 12 1 1 1 10 12 1 1 10 12 1 1 9 12 1 10 12 1 1 100 1 10 9 12 1 1 10 7 12 1 1 1 9 12 1 1 10 12 1 10 12 1 3 9 12 1 9 12 1 3 10 12 1 10 12 1 10 12 1 1 11 12 1 1 11 100 12 1 1 1 11 100 12 1 1 1 11 12 1 100 1 11 12 1 11 12 1 10 12 1 1 10 12 1 1 10 12 1 9 12 1 1 9 12 9 12 1 1 10 100 1 100 1 10 12 1 10 8 1 10 10 12 1 8 1 10 8 1 10 100 12 1 1 1 7 1 10 12 1 10 12 1 100 1 10 12 1 10 12 1 1 100 1 10 100 1 10 10 12 1 1 11 12 1 1 11 12 1 100 1 10 10 10 100 12 1 1 11 100 12 1 1 1 100 1 10 11 100 12 1 1 11 100 12 1 10 12 1 10 12 1 1 10 100 12 1 1 10 12 1 1 10 12 1 1 10 12 1 1 10 100 12 1 1 1 8 10 100 12 1 1 100 1 8 1 10 4 10 12 4 10 12 1 8 1 10 12 10 100 12 1 1 1 100 1 11 100 12 1 1 1 10 100 12 1 1 1 10 12 1 10 12 1 1 10 100 1 100 1 1 1 1 1 1 5 0 1 1 1 1 1 3 1 3 1 3 1 1 1 1 1 1 1 1 1 1 1 1 1 1 1 1 1 1 1 1 1 1 1 1 1 100 1 1 1 1 1 1 1 1 1 1 1 1 1 1 1 1 1 1 1 1 1 1 1 1 1 1 1 1 1 100 1 1 1 1 1 1 1 1 1 1 1 1 1 1 1 1 1 1 1 1 1 1 1 1 1 1 1 1 1 1 1 1 1 1 1 1 1 1 1 1 1 1 1 1 1 1 1 1 1 1 1 1 1 1 1 1 1 1 100 1 1 1 100 1 1 1 1 1 100 1 1 1 1 1 1 1 1 1 1 1 1 1 1 1 1 1 1
ciInstanceKlass java/util/Set 1 1 140 100 1 10 100 12 1 1 1 9 7 12 1 1 1 7 1 10 12 1 1 10 12 1 7 1 7 1 10 12 1 7 1 7 1 100 1 10 12 1 10 12 1 1 11 12 1 1 100 1 1 1 1 1 1 1 1 1 1 1 1 1 1 1 1 1 1 1 1 1 1 1 1 1 1 1 1 1 1 1 1 1 1 1 1 1 1 1 1 1 1 1 1 1 1 1 1 1 1 1 1 1 1 1 1 1 1 1 1 1 1 1 1 1 1 1 1 1 1 1 1 1 1 1 1 1 1 1 1 1 1 1 1 1 1 1 1 1 1 1
ciInstanceKlass java/util/Map$Entry 1 0 178 18 12 1 1 100 1 100 1 18 10 100 12 1 1 1 18 12 1 18 100 1 11 100 12 1 1 1 11 12 1 11 100 12 1 1 1 10 100 12 1 1 1 10 100 12 1 1 1 8 1 10 12 1 1 8 1 8 1 8 1 10 12 1 10 12 1 8 10 100 1 10 12 1 8 10 12 1 8 1 10 12 1 8 10 12 1 8 1 10 12 1 1 8 1 100 1 8 1 10 12 1 1 11 12 100 1 11 12 1 1 1 1 1 1 1 1 1 1 1 1 1 1 1 1 1 1 1 1 1 1 1 1 1 1 1 1 1 1 1 1 1 1 1 1 1 1 1 15 10 100 12 1 1 1 16 15 11 12 16 3 3 15 11 12 15 11 12 15 11 12 1 1 100 1 100 1 1
ciInstanceKlass java/util/HashMap$EntryIterator 1 1 50 9 7 12 1 1 1 10 7 12 1 1 1 10 12 1 1 10 12 1 1 100 1 1 1 1 1 1 1 1 1 1 1 1 1 1 1 100 1 1 1 1 100 1 1 100 1 100 1 1
instanceKlass java/util/jar/JarVerifier$VerifierStream
instanceKlass java/util/zip/ZipFile$ZipFileInputStream
instanceKlass java/io/FilterInputStream
instanceKlass java/io/FileInputStream
instanceKlass java/io/ByteArrayInputStream
ciInstanceKlass java/io/InputStream 1 1 184 100 1 10 7 12 1 1 1 100 1 10 10 7 12 1 1 1 10 7 12 1 1 1 10 12 1 100 1 3 10 12 1 1 100 1 8 1 10 12 1 10 7 12 1 1 1 3 100 1 8 1 10 10 7 12 1 1 1 7 1 10 11 7 12 1 1 1 10 12 1 1 11 12 1 1 11 7 12 1 1 1 11 12 1 1 7 1 10 7 12 1 1 1 5 0 10 12 1 10 12 1 1 100 1 10 8 1 10 8 1 8 1 10 12 1 1 10 100 12 1 1 1 100 1 1 1 1 3 1 3 1 1 1 1 1 1 1 1 1 1 1 1 1 1 1 1 1 1 1 1 1 1 1 1 1 1 1 1 1 1 1 1 1 1 1 1 1 1 1 1 1 1 1 1 1 1 1 1 1 1 1 1 1
ciInstanceKlass java/io/ByteArrayInputStream 1 1 117 10 7 12 1 1 1 9 7 12 1 1 1 9 12 1 1 9 12 1 9 12 1 10 100 12 1 1 1 10 7 12 1 1 1 10 7 12 1 1 1 10 100 12 1 1 1 10 12 1 1 3 10 100 1 10 100 12 1 1 1 9 12 1 1 100 1 10 10 7 12 1 1 1 1 1 1 1 1 1 1 1 1 1 1 1 1 1 1 1 1 1 1 1 1 1 1 1 1 1 1 1 100 1 1 1 1 1 1 1 1 1 1 1 1 1 1
staticfield java/io/ByteArrayInputStream $assertionsDisabled Z 1
instanceKlass java/util/concurrent/ForkJoinWorkerThread
instanceKlass java/util/logging/LogManager$Cleaner
instanceKlass jdk/internal/misc/InnocuousThread
instanceKlass java/lang/ref/Finalizer$FinalizerThread
instanceKlass java/lang/ref/Reference$ReferenceHandler
ciInstanceKlass java/lang/Thread 1 1 612 9 7 12 1 1 1 9 12 1 1 10 12 1 1 9 12 1 1 9 12 1 1 100 1 8 1 10 12 1 1 3 8 1 100 1 5 0 10 12 1 1 10 7 12 1 1 9 12 1 1 9 12 1 9 12 1 1 9 12 1 100 1 8 1 10 9 12 1 1 10 7 12 1 1 1 10 100 12 1 1 1 10 10 7 12 1 1 10 12 1 1 10 12 1 1 9 100 12 1 1 1 10 12 1 1 10 12 1 9 12 1 1 10 12 1 1 10 12 1 1 9 12 1 10 12 1 1 9 12 1 1 10 7 12 1 1 1 9 12 1 1 9 12 1 1 10 12 1 1 10 100 12 1 1 1 9 12 1 10 12 1 1 9 12 1 100 1 10 100 1 10 8 1 10 12 1 1 10 12 1 10 12 1 10 12 1 1 10 12 1 10 12 1 9 12 1 100 1 10 10 12 1 1 10 12 1 10 12 1 100 1 11 7 12 1 1 9 100 12 1 1 1 10 12 1 10 12 1 10 12 9 12 1 1 10 9 12 1 10 12 1 100 1 10 10 12 1 1 9 12 1 10 12 1 11 100 12 1 1 10 12 1 9 12 1 10 12 1 10 12 1 10 10 12 1 10 12 1 10 12 1 10 12 1 10 12 1 1 100 1 10 10 12 1 10 12 1 10 12 1 9 100 12 1 1 1 10 12 1 1 10 12 1 100 1 8 1 10 10 12 1 10 12 8 1 10 12 1 8 1 10 8 1 8 1 10 100 12 1 1 10 100 12 1 1 1 100 1 8 1 10 9 12 1 9 12 1 1 10 12 1 1 10 10 12 1 1 9 12 1 10 12 1 1 100 1 10 12 11 100 12 1 1 1 9 100 12 1 1 1 9 12 1 1 10 12 1 1 100 1 10 12 1 11 100 12 1 1 1 100 1 10 12 1 10 12 1 1 11 12 1 10 12 1 100 1 10 12 1 10 12 1 1 10 100 12 1 1 1 8 1 9 12 1 10 12 1 1 11 100 12 1 1 1 10 100 12 1 1 1 11 12 1 10 12 1 7 1 1 1 1 3 1 3 1 3 1 1 1 1 1 1 1 1 1 1 1 1 1 1 1 1 1 1 1 100 1 1 1 1 1 1 1 1 1 1 1 1 100 1 100 1 1 1 1 1 1 1 1 1 1 1 1 1 1 1 1 1 1 1 1 1 1 1 1 1 1 1 1 1 1 1 1 1 1 1 1 1 1 1 1 1 1 1 100 100 1 1 1 1 1 1 1 1 1 100 1 1 1 1 1 1 1 1 1 1 1 1 1 1 1 1 1 1 1 1 1 1 1 1 1 1 1 1 100 1 1 1 1 1 1 100 1 1 100 1 1 1 1 1 1
staticfield java/lang/Thread EMPTY_STACK_TRACE [Ljava/lang/StackTraceElement; 0 [Ljava/lang/StackTraceElement;
ciInstanceKlass java/lang/invoke/MethodHandleStatics 1 1 312 10 100 12 1 1 1 9 7 12 1 1 1 9 12 1 9 12 1 9 12 1 9 12 1 9 12 1 9 100 12 1 1 1 100 1 10 8 1 10 12 1 1 10 100 12 1 1 1 8 1 10 100 12 1 1 1 10 12 1 1 8 1 8 1 10 12 1 10 100 12 1 1 1 10 7 12 1 1 1 8 1 10 12 1 1 8 1 8 1 8 1 8 1 10 12 1 1 100 1 10 12 10 12 1 10 12 1 100 1 10 10 12 1 1 100 1 10 10 12 1 100 1 100 1 8 1 8 1 10 12 1 8 1 100 1 10 12 1 8 1 10 10 12 1 10 7 12 1 1 1 9 12 1 1 10 7 12 1 1 1 8 1 10 7 12 1 1 10 7 12 1 1 1 8 1 8 1 8 1 8 1 8 1 8 1 10 12 1 10 7 12 1 1 1 9 12 1 1 8 1 8 1 8 1 8 1 9 12 1 8 1 9 12 1 8 1 8 1 9 12 1 8 1 8 1 9 12 1 8 1 9 12 1 8 1 9 12 1 8 1 8 1 9 12 1 8 1 10 12 1 1 1 1 1 1 1 1 1 1 1 1 1 1 1 1 1 1 1 1 1 100 1 100 1 100 1 1 1 1 1 1 1 1 1 1 1 1 1 1 1 1 1 1 1 1 1 1 1 1 1 1 1 1 1 1 1 1 1 1 1 1
staticfield java/lang/invoke/MethodHandleStatics UNSAFE Ljdk/internal/misc/Unsafe; jdk/internal/misc/Unsafe
staticfield java/lang/invoke/MethodHandleStatics DEBUG_METHOD_HANDLE_NAMES Z 0
staticfield java/lang/invoke/MethodHandleStatics DUMP_CLASS_FILES Z 0
staticfield java/lang/invoke/MethodHandleStatics TRACE_INTERPRETER Z 0
staticfield java/lang/invoke/MethodHandleStatics TRACE_METHOD_LINKAGE Z 0
staticfield java/lang/invoke/MethodHandleStatics TRACE_RESOLVE Z 0
staticfield java/lang/invoke/MethodHandleStatics COMPILE_THRESHOLD I 0
staticfield java/lang/invoke/MethodHandleStatics LOG_LF_COMPILATION_FAILURE Z 0
staticfield java/lang/invoke/MethodHandleStatics DONT_INLINE_THRESHOLD I 30
staticfield java/lang/invoke/MethodHandleStatics PROFILE_LEVEL I 0
staticfield java/lang/invoke/MethodHandleStatics PROFILE_GWT Z 1
staticfield java/lang/invoke/MethodHandleStatics CUSTOMIZE_THRESHOLD I 127
staticfield java/lang/invoke/MethodHandleStatics VAR_HANDLE_GUARDS Z 1
staticfield java/lang/invoke/MethodHandleStatics MAX_ARITY I 255
staticfield java/lang/invoke/MethodHandleStatics VAR_HANDLE_IDENTITY_ADAPT Z 0
instanceKlass java/lang/Exception
instanceKlass java/lang/Error
ciInstanceKlass java/lang/Throwable 1 1 393 10 7 12 1 1 1 9 7 12 1 1 1 9 12 1 1 9 12 1 9 12 1 1 9 12 1 10 12 1 1 9 12 1 1 10 12 1 1 10 12 1 100 1 100 1 10 8 1 10 12 1 1 8 1 10 100 12 1 1 10 10 12 1 100 1 8 1 10 10 12 1 1 10 7 12 1 1 10 12 1 8 1 9 100 12 1 1 1 10 12 1 1 100 1 10 12 10 12 1 100 1 10 10 7 12 1 1 1 11 100 12 1 1 1 10 100 12 1 1 1 10 12 1 1 10 12 1 1 8 1 10 12 1 10 12 1 1 8 1 8 1 10 12 1 1 10 12 1 8 1 8 1 9 12 1 1 10 100 12 1 1 100 1 10 11 12 1 8 1 8 1 10 7 12 1 1 8 1 10 12 1 8 1 100 1 10 12 1 9 12 1 1 10 12 1 10 100 12 1 9 12 1 1 10 12 1 1 100 1 8 1 10 12 1 10 100 12 1 1 10 12 1 1 100 1 10 100 12 1 1 1 10 12 1 11 100 12 1 1 1 11 100 12 1 1 1 11 12 1 8 1 10 12 1 1 8 1 10 10 9 100 12 1 1 1 8 1 10 12 1 1 10 100 1 8 1 10 11 12 1 1 8 1 9 12 1 10 100 12 1 1 11 9 12 1 1 11 12 1 1 100 10 12 1 10 12 1 1 100 1 1 1 1 5 0 1 1 1 1 1 1 1 1 1 1 1 1 1 100 1 1 1 1 1 1 1 1 1 1 1 1 1 1 1 1 1 1 1 1 1 1 1 1 1 1 1 1 1 1 1 1 1 1 1 1 1 1 1 1 1 1 100 1 100 1 1 1 1 1 1 1 1 1 1 1 1 1 1 1 1 1 1
staticfield java/lang/Throwable UNASSIGNED_STACK [Ljava/lang/StackTraceElement; 0 [Ljava/lang/StackTraceElement;
staticfield java/lang/Throwable SUPPRESSED_SENTINEL Ljava/util/List; java/util/Collections$EmptyList
staticfield java/lang/Throwable EMPTY_THROWABLE_ARRAY [Ljava/lang/Throwable; 0 [Ljava/lang/Throwable;
staticfield java/lang/Throwable $assertionsDisabled Z 1
instanceKlass java/security/GeneralSecurityException
instanceKlass java/lang/InterruptedException
instanceKlass com/android/tools/r8/shaking/H3
instanceKlass java/lang/CloneNotSupportedException
instanceKlass com/android/tools/r8/internal/WS
instanceKlass sun/nio/fs/WindowsException
instanceKlass com/android/tools/r8/ResourceException
instanceKlass com/android/tools/r8/CompilationFailedException
instanceKlass java/util/concurrent/ExecutionException
instanceKlass java/io/IOException
instanceKlass java/lang/ReflectiveOperationException
instanceKlass java/lang/RuntimeException
ciInstanceKlass java/lang/Exception 1 1 40 10 7 12 1 1 1 10 12 1 10 12 1 10 12 1 10 12 1 100 1 1 1 1 5 0 1 1 1 1 1 1 1 1 1 1 1 1 1 1
instanceKlass java/lang/NoSuchFieldException
instanceKlass java/lang/NoSuchMethodException
instanceKlass java/lang/ClassNotFoundException
ciInstanceKlass java/lang/ReflectiveOperationException 0 0 34 10 100 12 1 1 1 10 12 1 10 12 1 10 12 1 100 1 1 1 1 5 0 1 1 1 1 1 1 1 1 1 1 1
instanceKlass java/lang/AssertionError
instanceKlass java/lang/VirtualMachineError
instanceKlass java/lang/LinkageError
instanceKlass java/lang/ThreadDeath
ciInstanceKlass java/lang/Error 1 1 40 10 7 12 1 1 1 10 12 1 10 12 1 10 12 1 10 12 1 100 1 1 1 1 5 0 1 1 1 1 1 1 1 1 1 1 1 1 1 1
ciInstanceKlass java/lang/ThreadDeath 0 0 21 10 100 12 1 1 1 100 1 1 1 1 5 0 1 1 1 1 1 1 1
ciInstanceKlass java/lang/ClassNotFoundException 0 0 96 100 1 10 100 12 1 1 1 10 12 1 10 12 1 1 10 100 12 1 1 1 8 1 10 100 12 1 1 1 10 100 12 1 1 10 100 12 1 1 1 10 100 12 1 1 1 10 12 1 1 100 1 10 12 1 9 12 1 1 1 1 1 5 0 1 1 1 1 1 1 1 1 1 1 1 1 1 1 1 1 1 1 100 1 1 1 1 1 1 1 1 1 1 1 1
instanceKlass java/lang/ClassFormatError
instanceKlass java/lang/IncompatibleClassChangeError
instanceKlass java/lang/BootstrapMethodError
instanceKlass java/lang/NoClassDefFoundError
ciInstanceKlass java/lang/LinkageError 1 1 31 10 7 12 1 1 1 10 12 1 10 12 1 100 1 1 1 1 5 0 1 1 1 1 1 1 1 1 1 1 1
instanceKlass jdk/internal/misc/ThreadTracker$ThreadRef
instanceKlass sun/security/pkcs/SignerInfo$AlgorithmInfo
ciInstanceKlass java/lang/Record 1 1 22 10 7 12 1 1 1 100 1 1 1 1 1 1 1 1 1 1 1 1 1 1
ciInstanceKlass java/lang/Math 1 1 395 10 100 12 1 1 1 10 7 12 1 1 1 10 12 1 10 12 1 10 12 1 10 12 1 10 12 1 7 1 6 0 6 0 10 12 1 10 12 1 10 12 1 10 12 1 10 12 1 10 12 1 1 10 12 1 10 12 1 10 12 1 10 12 1 10 12 1 10 7 12 1 1 1 100 1 3 3 3 10 7 12 1 1 1 100 1 5 0 5 0 5 0 5 0 5 0 9 100 12 1 1 1 10 100 12 1 1 1 100 1 8 1 10 12 1 8 1 10 12 1 1 10 12 1 1 100 1 5 0 5 0 100 1 3 5 0 3 5 0 10 12 1 10 12 1 8 1 10 12 1 8 1 9 12 1 1 9 12 1 10 12 1 1 6 0 10 12 1 9 12 1 1 100 1 10 10 12 1 100 1 10 12 1 10 12 1 1 10 12 1 10 12 1 10 12 1 10 12 1 1 10 12 1 1 10 12 1 1 10 12 6 0 10 12 1 1 10 12 1 1 10 12 10 12 1 4 10 12 1 1 10 12 1 10 12 1 10 12 10 12 1 10 12 1 10 12 1 10 12 1 10 12 1 10 12 1 10 12 1 5 0 6 0 4 6 0 4 6 0 4 10 12 1 1 9 12 1 1 10 12 1 9 12 1 10 7 12 1 1 1 4 6 0 1 1 6 0 1 6 0 1 1 1 1 1 1 1 1 1 1 1 1 1 1 1 1 1 1 1 1 1 1 1 1 1 1 1 1 1 1 1 1 1 1 1 1 1 1 1 1 1 1 1 1 1 1 1 1 1 1 1 1 1 1 1 1 1 1 1 1 1 1 1 1 1 1 1 1 1 1 1 1 1 1 1 1 1 1 1 1 1 1 1 1 1 1 1 1 1 1 1 1 1 1
staticfield java/lang/Math negativeZeroFloatBits J -2147483648
staticfield java/lang/Math negativeZeroDoubleBits J -9223372036854775808
staticfield java/lang/Math $assertionsDisabled Z 1
ciInstanceKlass java/util/Arrays 1 1 988 10 7 12 1 1 1 10 100 12 1 1 1 10 7 12 1 1 1 10 12 1 10 12 1 10 12 1 10 12 1 10 12 1 10 12 1 10 100 12 1 1 1 100 1 7 1 10 8 1 10 12 1 1 10 12 1 8 1 8 1 10 12 1 1 10 12 1 100 1 10 12 1 9 100 12 1 1 1 10 7 12 1 1 100 1 10 12 1 1 10 7 12 1 1 10 7 12 1 1 1 100 1 10 12 1 10 12 1 1 7 1 9 7 12 1 1 1 10 12 1 1 10 100 12 1 1 10 12 1 10 12 1 1 10 12 1 10 12 1 1 100 1 11 12 1 1 10 12 1 10 7 12 1 1 1 10 12 10 12 1 10 12 1 10 12 10 12 1 11 100 12 1 1 1 10 7 12 1 1 1 100 1 10 12 1 10 100 1 10 12 1 10 100 1 10 12 1 10 100 1 10 12 1 10 10 12 1 1 10 12 1 10 12 1 10 12 1 10 12 1 10 12 1 10 100 12 1 1 1 10 12 1 10 100 12 1 1 1 10 12 1 10 12 1 10 7 12 1 1 1 10 12 1 10 12 1 10 12 1 10 12 1 10 12 1 10 12 1 10 12 1 10 12 1 10 12 1 10 12 1 10 12 1 10 12 1 10 12 1 10 12 1 10 12 1 10 12 1 1 10 12 1 1 10 7 12 1 1 1 10 12 1 8 1 7 1 10 12 10 12 1 10 12 1 1 10 12 1 1 9 100 12 1 1 1 100 1 10 12 1 9 100 1 100 1 10 12 1 9 100 1 100 1 10 12 1 9 100 1 100 1 10 12 1 9 100 1 100 1 10 12 1 9 100 1 100 1 10 12 1 9 100 1 10 12 1 100 1 10 12 1 10 12 1 9 12 1 100 1 10 10 12 1 1 10 12 1 10 12 1 10 12 1 10 12 1 10 12 1 10 12 1 10 12 1 10 12 1 10 12 1 8 1 8 1 10 12 1 10 12 1 8 1 10 12 1 10 12 1 10 12 1 10 100 12 1 1 1 3 10 7 1 10 10 12 1 1 11 100 12 1 1 10 12 1 1 10 12 1 10 12 1 10 12 1 10 12 1 10 12 1 10 12 1 10 12 1 10 12 1 11 12 1 8 1 10 11 12 1 11 100 12 1 1 1 11 100 12 1 1 1 11 12 1 1 18 12 1 1 11 12 1 1 11 100 12 1 1 1 18 12 1 11 100 12 1 1 1 18 12 1 11 100 12 1 1 1 18 12 1 100 1 10 100 12 1 1 1 10 12 1 10 12 1 10 12 1 10 12 1 10 12 1 10 12 1 10 12 1 10 12 1 1 10 12 1 10 100 12 1 1 10 12 1 10 12 1 10 12 1 1 10 12 1 10 12 1 10 12 1 1 10 12 1 10 12 1 10 12 1 1 10 12 1 10 12 1 10 12 1 10 12 1 10 12 10 12 1 10 12 10 12 10 12 1 10 12 10 12 1 10 12 1 10 12 1 1 1 1 3 1 3 1 1 1 1 1 1 1 1 1 1 1 1 1 1 1 1 1 1 1 1 1 1 1 1 1 1 1 1 1 1 1 1 1 1 1 1 1 1 1 1 1 1 1 1 1 1 1 1 1 1 1 1 1 1 1 1 1 1 1 1 1 1 1 1 1 1 1 1 1 1 1 1 1 1 1 1 1 1 1 1 1 1 1 1 1 1 1 1 1 1 1 1 1 1 1 1 1 1 1 1 1 1 1 1 1 1 1 1 1 1 1 1 1 1 1 1 1 1 1 1 1 1 1 1 1 1 1 1 1 1 1 1 1 1 1 1 1 1 1 1 1 1 1 1 1 1 1 1 1 1 1 1 1 1 1 1 1 1 1 1 1 1 1 1 1 1 1 1 1 1 1 1 1 1 1 1 1 1 1 1 1 1 1 1 1 1 1 1 1 1 1 1 1 1 1 1 1 1 1 1 1 1 1 1 1 1 1 1 1 1 1 1 1 1 1 1 1 1 1 1 1 1 1 1 1 1 1 1 1 1 1 1 1 1 1 1 1 1 1 1 1 1 1 1 1 1 1 1 1 1 1 1 1 1 1 1 1 1 1 1 1 100 1 1 15 10 100 12 1 1 1 16 15 10 12 15 10 12 15 10 12 15 10 12 1 1 100 1 100 1 1 1 1 100 1 1 1 1 1 1 100 1 1 100 1 1 100 1 1 1 100 1 100 1 1
staticfield java/util/Arrays $assertionsDisabled Z 1
ciInstanceKlass java/lang/Boolean 1 1 151 10 7 12 1 1 1 9 7 12 1 1 1 10 12 1 1 10 12 1 8 1 10 7 12 1 1 9 12 1 1 9 12 1 8 1 10 12 1 1 10 12 1 1 10 7 12 1 1 1 100 1 100 1 10 12 1 1 9 100 12 1 1 9 12 10 100 12 1 1 1 10 12 1 1 8 1 10 7 12 1 1 1 9 12 1 1 100 1 100 1 100 1 1 1 1 1 1 5 0 1 1 1 1 1 1 1 1 1 1 3 1 1 1 1 1 1 1 1 1 1 1 1 1 1 1 1 1 1 1 1 100 1 1 1 1 1 1 1 1 1 1 100 1 1 1 1 1 1 1 1
staticfield java/lang/Boolean TRUE Ljava/lang/Boolean; java/lang/Boolean
staticfield java/lang/Boolean FALSE Ljava/lang/Boolean; java/lang/Boolean
staticfield java/lang/Boolean TYPE Ljava/lang/Class; java/lang/Class
instanceKlass java/util/concurrent/locks/AbstractQueuedSynchronizer
ciInstanceKlass java/util/concurrent/locks/AbstractOwnableSynchronizer 1 1 32 10 7 12 1 1 1 9 7 12 1 1 1 100 1 1 1 1 5 0 1 1 1 1 1 1 1 1 1 1 1 1
instanceKlass java/math/BigInteger
instanceKlass java/util/concurrent/atomic/AtomicLong
instanceKlass java/util/concurrent/atomic/AtomicInteger
instanceKlass java/lang/Long
instanceKlass java/lang/Integer
instanceKlass java/lang/Short
instanceKlass java/lang/Byte
instanceKlass java/lang/Double
instanceKlass java/lang/Float
ciInstanceKlass java/lang/Number 1 1 37 10 7 12 1 1 1 10 100 12 1 1 1 100 1 1 1 1 5 0 1 1 1 1 1 1 1 1 1 1 1 1 1 1 1 1 1
instanceKlass java/lang/LiveStackFrameInfo
ciInstanceKlass java/lang/StackFrameInfo 0 0 132 10 100 12 1 1 1 9 100 12 1 1 1 9 100 1 9 12 1 1 11 100 12 1 1 1 9 12 1 1 11 12 1 1 10 12 1 1 10 100 12 1 1 1 10 12 1 11 12 1 11 12 1 1 11 12 1 10 12 1 1 9 12 1 1 10 12 1 1 10 100 12 1 1 10 12 1 1 11 12 1 1 10 12 1 9 12 1 1 10 12 1 1 100 1 8 1 10 12 1 10 100 12 1 1 1 100 1 1 1 1 1 1 1 1 1 1 1 1 1 1 1 1 1 1 100 1 1 1 1 1 1
ciInstanceKlass java/lang/LiveStackFrameInfo 0 0 97 10 100 12 1 1 1 9 100 12 1 1 1 9 12 1 9 12 1 9 12 1 9 12 1 1 100 1 10 12 1 1 10 12 1 8 1 10 12 1 1 8 1 8 1 8 1 10 100 1 10 12 1 100 1 10 12 1 100 1 100 1 1 1 3 1 3 1 1 1 1 1 1 1 1 1 1 1 1 1 1 1 1 1 1 1 1 1 1 1 1 1 1 1 100 1 1
ciInstanceKlass java/lang/Character 1 1 576 7 1 100 1 100 1 9 12 1 1 8 1 9 12 1 1 100 1 9 12 1 1 10 100 12 1 1 1 10 100 12 1 1 1 10 100 12 1 1 1 10 7 12 1 1 1 9 7 12 1 1 1 10 12 1 10 12 1 1 10 12 1 1 10 7 12 1 1 10 12 1 1 3 3 3 3 3 10 12 1 1 10 12 1 3 11 7 12 1 1 1 11 12 1 1 10 12 1 1 10 12 1 1 100 1 10 10 12 1 3 10 12 1 1 10 12 1 10 12 1 1 100 1 8 1 10 12 1 1 10 12 1 10 12 1 10 12 1 10 12 1 10 12 1 1 10 12 1 10 7 12 1 1 10 10 12 1 10 10 12 1 10 12 1 1 10 12 1 10 10 12 1 10 12 1 10 12 1 10 12 1 10 12 1 10 12 1 10 12 1 10 12 10 10 12 10 10 12 1 10 10 12 1 10 10 12 1 10 10 12 1 10 10 12 1 10 10 12 1 10 10 12 1 1 10 10 12 1 10 5 0 10 12 1 10 12 1 10 10 12 1 10 10 12 1 1 10 10 12 1 10 10 12 1 9 12 1 1 100 1 10 10 12 1 10 12 1 1 3 10 100 12 1 1 1 10 12 1 10 100 12 1 1 100 1 10 10 12 1 1 10 12 1 1 10 12 1 1 8 1 10 12 1 9 100 12 1 1 1 10 12 1 10 10 12 1 10 12 1 1 10 12 1 10 10 12 1 1 10 10 12 1 1 100 1 8 1 10 12 1 1 10 7 12 1 1 1 8 1 10 12 1 1 9 12 1 1 100 1 100 1 100 1 1 1 1 3 1 3 1 3 1 3 1 1 1 1 1 3 1 1 3 1 3 1 3 1 3 1 3 1 3 1 3 1 3 1 3 1 3 1 3 1 3 1 3 1 3 1 3 1 3 1 3 1 3 1 3 1 3 1 3 1 3 1 3 1 3 1 3 1 3 1 3 1 3 1 1 1 1 1 1 1 1 1 1 1 1 1 1 1 1 1 1 1 3 1 1 1 1 1 1 1 3 1 1 3 1 1 1 1 1 3 1 1 5 0 1 1 1 1 1 1 1 1 1 1 1 1 1 1 1 1 1 1 1 1 1 1 1 1 1 1 1 1 1 1 1 1 1 1 1 1 1 1 1 1 1 1 1 1 1 1 1 1 1 1 1 1 1 1 1 1 1 1 1 1 1 1 1 1 1 1 1 1 1 1 1 1 1 1 1 1 1 1 1 1 1 1 1 1 1 1 1 1 1 100 1 100 1 1 1 1 1 1
staticfield java/lang/Character TYPE Ljava/lang/Class; java/lang/Class
staticfield java/lang/Character $assertionsDisabled Z 1
ciInstanceKlass java/lang/Float 1 1 223 7 1 100 1 10 100 12 1 1 1 10 100 12 1 1 1 4 100 1 10 12 1 1 10 12 1 1 8 1 8 1 10 100 12 1 1 1 10 12 1 1 10 12 1 1 10 4 4 4 10 7 12 1 1 9 12 1 1 10 12 1 1 10 12 1 10 12 1 10 12 1 1 10 12 1 10 12 1 3 10 12 1 1 10 12 1 1 10 12 1 10 100 12 1 1 1 10 12 1 1 10 12 1 1 8 1 10 7 12 1 1 1 9 12 1 1 100 1 100 1 100 1 1 1 1 1 4 1 1 1 4 1 1 3 1 3 1 3 1 3 1 1 1 1 5 0 1 1 1 1 1 1 1 1 1 1 100 1 1 1 1 1 1 1 1 1 1 1 1 1 3 1 1 1 1 1 1 1 1 1 1 1 1 1 1 1 1 1 1 1 1 1 1 1 1 1 1 1 1 1 1 1 1 1 1 1 1 1 1 100 1 1 1 1 1 1 1 100 1 100 1 1
staticfield java/lang/Float TYPE Ljava/lang/Class; java/lang/Class
ciInstanceKlass java/lang/Double 1 1 285 7 1 100 1 10 7 12 1 1 1 10 12 1 1 10 12 1 100 1 10 12 1 1 10 100 12 1 1 1 6 0 8 1 10 12 1 1 8 1 10 12 1 1 8 1 6 0 10 12 1 1 100 1 5 0 5 0 8 1 8 1 10 100 12 1 1 1 10 100 12 1 1 1 8 1 10 12 1 1 8 1 8 1 8 1 10 12 1 1 10 12 1 10 12 1 1 10 12 1 10 12 1 10 12 1 1 10 12 1 10 6 0 6 0 6 0 10 7 12 1 1 9 12 1 1 10 12 1 10 12 1 10 12 1 10 12 1 5 0 10 12 1 1 10 12 1 10 12 1 10 100 12 1 1 1 10 12 1 1 10 12 1 1 8 1 10 7 12 1 1 1 9 12 1 1 100 1 100 1 100 1 1 1 1 1 6 0 1 1 1 6 0 1 1 3 1 3 1 3 1 3 1 1 1 1 5 0 1 1 1 1 1 1 1 1 1 1 1 1 1 1 1 1 100 1 1 1 1 1 1 1 1 1 1 1 1 3 1 1 1 1 1 1 1 1 1 1 1 1 1 1 1 1 1 1 1 1 1 1 1 1 1 1 1 1 1 1 1 1 1 1 100 1 1 1 1 1 1 1 100 1 100 1 1
staticfield java/lang/Double TYPE Ljava/lang/Class; java/lang/Class
ciInstanceKlass java/lang/Byte 1 1 215 7 1 100 1 10 100 12 1 1 1 9 12 1 1 8 1 9 12 1 1 100 1 10 12 1 1 10 12 1 1 10 100 12 1 1 1 10 100 12 1 1 1 9 7 12 1 1 1 10 12 1 1 100 1 100 1 10 12 1 1 8 1 10 12 1 1 8 1 10 12 1 10 12 1 10 12 1 10 12 1 1 10 12 1 10 12 1 10 12 1 1 10 8 1 8 1 10 7 1 9 12 1 1 10 12 1 10 12 1 1 10 12 1 1 10 12 1 1 10 12 1 5 0 10 12 1 1 8 1 10 7 12 1 1 1 9 12 1 1 100 1 100 1 1 1 3 1 3 1 1 1 1 3 1 3 1 1 5 0 1 1 1 1 1 1 1 1 1 1 1 1 1 1 1 1 1 1 1 1 1 1 1 1 1 1 1 1 1 1 1 1 1 1 1 1 1 1 1 1 1 1 1 1 1 1 1 1 1 1 1 1 1 1 1
staticfield java/lang/Byte TYPE Ljava/lang/Class; java/lang/Class
ciInstanceKlass java/lang/Short 1 1 224 7 1 100 1 100 1 10 100 12 1 1 1 10 12 1 1 100 1 100 1 10 12 1 1 8 1 10 12 1 1 8 1 10 12 1 10 12 1 10 12 1 10 12 1 1 10 12 1 1 10 12 1 9 12 1 1 8 1 9 12 1 1 100 1 10 12 1 1 10 12 1 10 100 12 1 1 1 10 100 12 1 1 1 9 100 12 1 1 1 10 12 1 10 12 1 1 10 8 1 8 1 10 100 1 9 12 1 1 10 12 1 10 12 1 1 10 12 1 1 10 12 1 1 10 12 1 3 3 5 0 10 12 1 1 8 1 10 7 12 1 1 1 9 12 1 1 100 1 100 1 1 1 3 1 3 1 1 1 1 3 1 3 1 1 5 0 1 1 1 1 1 1 1 1 1 1 1 1 1 1 1 1 1 1 1 1 1 1 1 1 1 1 1 3 1 1 1 1 1 1 1 1 1 1 1 1 1 1 1 1 1 1 1 1 1 1 1 1 1 1 1 1 1
staticfield java/lang/Short TYPE Ljava/lang/Class; java/lang/Class
ciInstanceKlass java/lang/Integer 1 1 445 7 1 100 1 7 1 7 1 10 12 1 1 9 12 1 1 9 12 1 1 10 100 12 1 1 1 10 12 1 1 10 100 12 1 1 1 10 10 12 1 1 10 100 12 1 1 1 10 12 1 10 12 1 1 10 7 12 1 1 1 10 12 1 1 10 12 1 1 10 12 1 10 12 1 10 12 1 1 10 10 12 1 9 12 1 1 9 12 1 100 1 8 1 10 12 1 100 1 10 12 1 8 1 10 12 1 1 10 12 1 8 1 10 12 1 8 1 10 12 1 1 3 10 12 1 1 3 10 12 1 1 10 12 1 1 10 7 12 1 1 1 11 7 1 100 1 10 11 10 12 1 1 8 1 10 12 1 1 8 1 100 1 10 12 1 1 10 12 1 1 5 0 8 1 10 12 1 10 12 1 10 12 1 10 12 1 1 7 1 9 12 1 1 9 12 1 1 10 12 1 10 7 1 9 12 1 10 12 1 10 12 1 10 12 1 1 10 7 12 1 1 1 100 1 100 1 10 12 1 1 10 12 1 1 8 1 8 1 10 12 1 1 8 1 8 1 8 1 8 1 8 1 8 1 10 12 1 10 12 1 10 12 1 5 0 3 3 3 3 10 12 1 3 10 12 1 10 100 12 1 1 1 10 12 1 1 10 12 1 1 8 1 10 7 12 1 1 1 9 12 1 1 3 3 3 3 3 3 9 12 1 1 100 1 100 1 100 1 1 1 1 1 1 1 3 1 3 1 1 5 0 1 1 1 1 1 1 1 1 1 100 1 1 1 1 1 1 1 1 1 1 1 1 1 1 1 1 1 1 1 1 1 1 1 1 1 1 1 1 1 1 1 1 1 1 1 1 1 1 1 3 1 1 1 1 1 1 1 1 1 1 1 1 1 1 1 1 100 1 1 1 1 1 1 1 1 1 1 1 1 1 1 1 1 1 1 1 1 1 1 1 1 1 1 1 1 1 1 1 100 1 1 1 1 1 1 1 1 1 100 1 100 1 1
staticfield java/lang/Integer TYPE Ljava/lang/Class; java/lang/Class
staticfield java/lang/Integer digits [C 36
staticfield java/lang/Integer DigitTens [B 100
staticfield java/lang/Integer DigitOnes [B 100
staticfield java/lang/Integer sizeTable [I 10
ciMethod java/lang/Integer rotateLeft (II)I 522 0 736892 0 0
ciInstanceKlass java/lang/Long 1 1 506 7 1 100 1 7 1 7 1 10 12 1 1 9 12 1 1 9 100 12 1 1 1 10 100 12 1 1 1 10 12 1 1 10 100 12 1 1 1 10 10 12 10 12 1 10 12 1 10 12 1 5 0 5 0 100 1 10 12 1 1 10 12 1 1 10 12 1 10 12 1 10 12 1 10 12 1 1 10 100 12 1 1 10 12 1 10 12 1 1 10 12 1 1 10 12 1 1 10 12 1 1 10 100 12 1 1 1 10 12 1 1 10 12 1 10 12 1 10 12 1 10 12 1 1 10 10 12 1 5 0 5 0 9 12 1 1 9 12 1 5 0 100 1 8 1 10 12 1 8 1 10 12 1 8 1 8 1 10 12 1 1 5 0 10 12 1 1 5 0 10 12 1 1 10 12 1 1 10 100 12 1 1 1 11 100 1 100 1 10 11 10 12 1 1 8 1 10 12 1 1 8 1 100 1 10 12 1 1 10 12 1 8 1 8 1 11 12 1 1 10 12 1 10 12 1 10 12 1 5 0 5 0 9 7 12 1 1 1 10 12 1 10 12 1 1 8 1 8 1 10 12 1 1 8 1 8 1 8 1 8 1 8 1 8 1 10 12 1 10 12 1 10 12 1 1 10 7 1 9 12 1 1 10 12 1 10 12 1 1 10 100 12 1 1 1 100 1 100 1 10 12 1 1 10 12 1 1 5 0 10 12 1 10 12 1 5 0 5 0 5 0 10 12 1 1 5 0 5 0 10 12 1 10 12 1 10 100 12 1 1 1 10 12 1 1 10 12 1 1 8 1 10 7 12 1 1 1 9 12 1 1 100 1 100 1 100 1 1 1 1 5 0 1 1 1 1 3 1 3 1 5 0 1 1 1 1 1 1 1 1 1 100 1 1 1 1 1 1 1 1 1 1 1 1 1 1 1 1 1 1 1 1 1 1 1 1 1 1 1 1 1 1 1 1 1 1 1 1 1 1 1 1 1 1 1 1 1 1 1 1 1 1 1 1 1 1 3 1 1 1 1 1 1 1 1 1 1 1 1 1 1 1 100 1 1 1 1 1 1 1 1 1 1 1 1 1 1 1 1 1 1 1 1 1 1 1 1 1 1 1 100 1 1 1 1 1 1 1 1 1 100 1 100 1 1
staticfield java/lang/Long TYPE Ljava/lang/Class; java/lang/Class
instanceKlass java/lang/ref/PhantomReference
instanceKlass java/lang/ref/FinalReference
instanceKlass java/lang/ref/WeakReference
instanceKlass java/lang/ref/SoftReference
ciInstanceKlass java/lang/ref/Reference 1 1 195 9 7 12 1 1 1 9 7 12 1 1 10 12 1 1 10 12 1 1 9 12 1 1 10 12 1 1 9 12 1 1 9 12 1 1 7 1 10 12 1 10 7 12 1 1 10 12 1 10 12 1 1 10 12 1 9 12 1 10 12 1 1 10 12 1 10 12 1 9 12 1 100 1 100 1 10 12 1 9 12 1 9 12 1 100 1 10 10 12 1 10 10 7 12 1 1 10 7 12 1 1 1 10 12 1 1 10 7 12 1 1 7 1 8 1 10 12 1 10 12 1 1 10 12 1 1 10 12 1 7 1 10 10 7 12 1 1 1 1 1 1 1 1 1 1 1 1 1 1 1 1 1 1 1 100 1 1 1 100 1 1 1 1 1 1 1 1 1 1 1 1 1 1 1 1 1 1 1 1 1 1 1 1 1 1 1 1 1 1 1 1 1 1 1
staticfield java/lang/ref/Reference processPendingLock Ljava/lang/Object; java/lang/Object
staticfield java/lang/ref/Reference $assertionsDisabled Z 1
instanceKlass sun/security/util/MemoryCache$SoftCacheEntry
instanceKlass java/lang/invoke/LambdaFormEditor$Transform
ciInstanceKlass java/lang/ref/SoftReference 1 1 47 10 7 12 1 1 1 9 7 12 1 1 1 9 12 1 10 12 1 10 12 1 1 1 1 1 1 1 1 1 1 1 1 1 1 1 1 1 1 1 1 100 1 1 1 1 1
instanceKlass java/util/logging/LogManager$LoggerWeakRef
instanceKlass java/util/logging/Level$KnownLevel
instanceKlass java/lang/invoke/MethodType$ConcurrentWeakInternSet$WeakEntry
instanceKlass java/lang/ThreadLocal$ThreadLocalMap$Entry
instanceKlass java/util/WeakHashMap$Entry
ciInstanceKlass java/lang/ref/WeakReference 1 1 31 10 7 12 1 1 1 10 12 1 100 1 1 1 1 1 1 1 1 1 1 1 1 1 1 1 1 1 1 1 1
instanceKlass java/lang/ref/Finalizer
ciInstanceKlass java/lang/ref/FinalReference 1 1 47 10 100 12 1 1 1 10 100 12 1 1 1 10 12 1 1 100 1 8 1 10 12 1 1 1 1 1 1 1 1 1 1 1 1 1 1 1 1 1 1 1 1 1 1 1 1
ciInstanceKlass java/lang/ref/Finalizer 1 1 152 9 7 12 1 1 1 10 100 12 1 1 1 9 12 1 1 9 12 1 1 9 12 1 9 12 1 10 12 1 10 12 1 1 9 12 1 1 100 1 10 12 1 100 1 11 100 12 1 1 100 1 10 12 1 100 1 10 12 1 10 100 12 1 1 1 10 100 12 1 1 1 100 1 10 10 12 1 10 7 12 1 1 1 7 1 10 7 1 10 10 7 12 1 1 1 10 12 1 1 10 7 12 1 1 7 1 10 12 1 10 12 1 1 10 12 1 1 10 12 1 1 1 1 1 1 1 1 1 1 1 1 1 1 1 1 1 1 1 1 1 1 1 1 1 1 1 1 1 1 1 1
staticfield java/lang/ref/Finalizer lock Ljava/lang/Object; java/lang/Object
staticfield java/lang/ref/Finalizer $assertionsDisabled Z 1
instanceKlass jdk/internal/ref/PhantomCleanable
instanceKlass jdk/internal/ref/Cleaner
ciInstanceKlass java/lang/ref/PhantomReference 1 1 39 10 100 12 1 1 1 10 7 12 1 1 1 1 1 1 1 1 1 1 1 1 1 1 1 1 1 1 1 1 1 1 1 1 1 1 1 1 1
instanceKlass java/lang/reflect/Executable
instanceKlass java/lang/reflect/Field
ciInstanceKlass java/lang/reflect/AccessibleObject 1 1 398 10 7 12 1 1 1 9 100 12 1 1 1 10 100 12 1 1 1 10 7 12 1 1 10 7 12 1 1 1 10 100 12 1 1 1 10 12 1 1 10 12 1 1 9 12 1 1 100 1 10 7 12 1 1 1 11 12 1 100 1 10 12 1 7 1 100 1 10 12 1 10 12 1 1 7 1 10 100 12 1 1 1 10 12 1 1 100 1 10 12 1 1 100 1 10 10 10 7 12 1 1 1 10 12 1 1 10 12 1 10 12 1 10 12 1 1 10 12 1 8 1 100 1 10 10 12 1 1 8 1 10 12 1 10 12 1 8 1 8 1 8 1 8 1 8 1 8 1 100 1 10 12 1 10 12 1 9 12 1 1 10 12 1 1 10 12 1 10 11 100 1 100 1 8 1 10 10 12 1 10 12 1 1 8 1 10 12 1 8 1 10 12 1 1 10 100 1 8 1 10 11 7 12 1 1 10 12 1 1 10 12 1 1 10 12 1 1 9 12 1 1 100 1 10 12 1 7 1 10 12 1 10 12 1 1 10 100 1 10 12 1 10 12 10 12 1 10 12 1 1 10 12 1 10 12 1 1 10 12 1 9 12 1 10 100 12 1 1 8 1 10 100 12 1 1 1 8 1 10 100 12 1 1 1 9 12 1 100 1 10 7 1 10 10 7 12 1 1 1 7 1 10 10 7 12 1 1 1 7 1 9 12 1 1 1 1 1 1 1 1 1 1 1 1 1 1 1 1 1 1 1 1 1 1 1 1 1 1 1 1 1 1 1 1 1 1 1 1 1 1 1 1 1 1 1 1 1 1 1 1 1 1 1 1 1 1 1 1 1 1 1 1 1 1 1 1 1 1 1 1 1 1 1 1 1 1 1 1 1 1 1 1 1 1 1 1 1
staticfield java/lang/reflect/AccessibleObject reflectionFactory Ljdk/internal/reflect/ReflectionFactory; jdk/internal/reflect/ReflectionFactory
instanceKlass java/lang/reflect/Constructor
instanceKlass java/lang/reflect/Method
ciInstanceKlass java/lang/reflect/Executable 1 1 548 10 7 12 1 1 1 10 7 12 1 1 1 10 7 12 1 1 1 11 7 12 1 1 1 10 7 12 1 1 1 10 12 1 1 10 100 12 1 1 1 10 100 12 1 1 1 10 12 1 8 1 10 10 12 1 1 10 12 1 1 10 100 12 1 1 1 18 12 1 1 11 100 12 1 1 1 8 1 8 1 8 1 10 100 12 1 1 1 11 12 1 1 100 1 8 1 8 1 10 12 1 100 1 8 1 10 12 1 8 1 11 100 12 1 1 1 100 1 10 12 1 1 11 12 1 8 1 18 8 1 10 12 1 10 12 1 1 18 8 1 10 12 1 100 1 10 12 1 10 12 1 11 100 12 1 1 10 12 1 1 8 1 8 1 10 12 1 1 10 12 1 1 10 10 12 1 100 1 10 10 12 1 10 12 1 1 10 100 12 1 1 10 12 1 10 12 1 10 12 1 1 10 100 12 1 1 10 12 1 10 12 1 10 100 12 1 1 1 10 12 1 8 1 10 12 1 10 12 1 3 100 1 8 1 10 12 1 10 12 1 10 10 12 1 10 12 1 1 8 1 8 1 8 1 9 12 1 10 12 1 100 1 8 1 9 12 1 10 12 1 10 12 1 1 10 12 1 1 10 12 1 10 12 10 12 1 100 1 10 12 1 10 12 1 1 100 1 10 100 12 1 1 1 100 1 10 7 12 1 1 1 10 12 1 1 11 7 12 1 1 10 7 12 1 1 10 100 12 1 1 1 10 12 1 1 9 12 1 10 12 1 1 10 12 1 10 12 1 1 9 100 12 1 1 1 10 100 12 1 1 1 10 12 1 10 12 1 1 9 12 1 10 10 10 10 100 12 1 1 1 10 12 1 9 12 1 10 12 1 1 9 12 1 100 1 100 1 1 1 1 1 1 1 1 1 1 1 1 1 1 1 1 1 1 1 1 1 1 1 1 1 1 1 1 1 1 1 1 1 1 100 1 1 1 1 1 1 1 1 100 1 1 1 1 1 1 1 1 1 1 1 1 100 1 1 1 1 1 1 1 1 1 1 1 1 1 1 1 1 1 1 1 1 1 1 1 1 1 1 1 1 1 1 1 1 1 1 1 1 1 1 1 1 1 100 1 1 1 1 1 1 1 1 1 1 1 1 1 1 1 1 1 1 1 1 1 100 1 100 1 1 15 10 100 12 1 1 1 16 15 16 1 16 1 15 10 12 16 1 100 1 1 100 1 100 1 1
ciInstanceKlass java/lang/reflect/Constructor 1 1 433 10 100 12 1 1 1 10 100 12 1 1 9 7 12 1 1 1 10 12 1 1 10 12 1 1 10 100 12 1 1 9 12 1 1 10 7 12 1 1 1 9 12 1 1 9 12 1 1 9 12 1 9 12 1 1 9 12 1 9 12 1 1 9 12 1 1 9 12 1 100 1 8 1 10 12 1 10 12 1 9 12 1 1 10 7 12 1 1 10 7 12 1 1 1 10 12 1 1 10 12 1 1 10 12 1 7 1 100 1 8 1 10 10 12 1 10 12 1 10 12 1 1 10 12 1 1 9 100 12 1 1 1 10 7 12 1 1 10 12 1 1 10 12 1 10 12 1 1 10 100 12 1 1 1 10 100 12 1 1 10 12 1 1 10 12 1 10 100 12 1 1 1 8 1 10 10 12 1 100 1 8 1 10 12 1 10 12 1 1 10 12 1 1 10 12 1 10 12 1 10 12 1 1 10 12 1 1 9 12 1 1 10 12 1 1 10 12 1 1 10 12 1 8 1 10 12 1 1 11 7 12 1 1 1 10 12 1 1 10 12 1 10 12 1 9 12 1 1 10 7 12 1 1 1 10 12 1 1 10 12 1 1 10 12 1 1 10 12 1 1 10 12 1 9 100 12 1 1 10 12 1 10 12 1 10 12 1 100 1 8 1 10 10 12 1 1 10 12 1 10 10 12 1 1 10 12 1 1 10 100 12 1 1 1 11 100 12 1 1 1 10 12 1 1 9 100 12 1 1 1 10 100 12 1 1 1 10 12 1 1 1 1 1 1 1 1 1 1 1 1 1 1 1 1 1 1 1 1 1 1 1 1 1 1 1 1 1 1 1 1 1 1 1 1 1 1 1 1 1 1 1 1 1 1 1 1 1 1 1 100 1 100 1 100 1 100 1 1 1 1 1 1 1 1 1 1 1 1 1 1 1 1 1 1 1 1 1 1 1 1 1 1 1 1 1 1 1 1 1 100 1 1
ciInstanceKlass java/lang/reflect/Method 1 1 450 9 7 12 1 1 1 10 100 12 1 1 1 10 100 12 1 1 9 12 1 1 10 12 1 1 10 12 1 1 10 100 12 1 1 10 7 12 1 1 1 9 12 1 1 9 12 1 9 12 1 1 9 12 1 9 12 1 9 12 1 1 9 12 1 9 12 1 1 9 12 1 9 12 1 9 12 1 1 100 1 8 1 10 12 1 10 12 1 9 12 1 1 8 1 10 7 12 1 1 10 7 12 1 1 1 10 12 1 1 10 12 1 1 10 12 1 10 12 1 1 10 12 1 1 9 100 12 1 1 1 10 12 1 1 10 12 10 100 12 1 1 10 12 1 1 10 12 1 10 12 1 10 12 1 10 100 12 1 1 1 10 12 1 1 10 100 1 10 100 12 1 1 1 10 100 12 1 1 10 12 1 1 10 12 1 1 10 12 1 10 100 12 1 1 1 10 12 1 10 8 1 10 12 1 10 12 1 100 1 8 1 8 1 8 1 10 12 1 10 12 1 1 10 12 1 1 10 10 12 1 1 10 12 1 11 100 1 9 12 1 1 10 12 1 1 10 12 1 10 12 1 1 10 12 1 1 11 7 12 1 1 1 10 12 1 10 12 1 10 12 1 10 12 1 10 12 1 9 12 1 1 10 7 12 1 1 1 10 12 1 1 10 100 12 1 1 1 10 100 12 1 1 1 10 100 12 1 1 1 11 100 12 1 1 1 10 100 12 1 1 1 100 1 100 1 100 1 10 12 1 10 12 1 1 10 12 1 100 1 8 1 10 12 1 10 10 12 1 1 10 12 1 1 10 12 1 1 10 12 1 1 8 1 10 12 1 1 1 1 1 1 1 1 1 1 1 1 1 1 1 1 1 1 1 1 1 1 1 1 1 1 1 1 1 1 1 1 1 1 1 1 1 1 1 1 1 1 1 1 1 1 1 1 1 1 1 1 1 100 1 100 1 100 1 1 1 1 1 1 1 1 1 1 1 1 1 1 1 1 1 1 1 1 1 1 1 1 1 1
ciInstanceKlass java/lang/reflect/Field 1 1 437 9 7 12 1 1 1 10 12 1 1 10 100 12 1 1 1 10 100 12 1 1 9 12 1 1 10 12 1 1 10 12 1 1 10 100 12 1 1 10 7 12 1 1 1 9 12 1 1 9 12 1 9 12 1 9 12 1 1 9 12 1 1 9 12 1 9 12 1 1 9 12 1 1 100 1 8 1 10 12 1 10 12 1 9 12 1 1 9 12 1 10 12 1 10 7 12 1 1 10 12 1 1 10 12 1 1 10 12 1 10 12 1 1 100 1 10 12 1 1 10 12 1 1 10 12 1 1 10 12 1 10 12 1 10 100 1 10 100 12 1 1 100 1 10 8 1 10 12 1 1 10 12 1 1 8 1 10 12 10 12 1 8 1 8 1 10 11 100 1 9 12 1 10 12 1 1 10 12 1 1 11 100 12 1 1 1 11 12 1 1 11 12 1 1 11 12 1 1 11 12 1 1 11 12 1 1 11 12 1 1 11 12 1 1 11 12 1 1 11 12 1 1 11 12 1 1 11 12 1 1 11 12 1 1 11 12 1 1 11 12 1 1 11 12 1 1 11 12 1 1 11 12 1 1 10 12 1 10 100 12 1 1 10 12 1 10 12 1 1 10 12 9 12 1 1 10 100 12 1 1 1 10 12 1 1 10 100 12 1 1 10 12 1 1 11 100 1 10 12 1 100 1 10 100 12 1 1 1 10 100 12 1 1 1 9 12 1 10 100 12 1 1 1 11 100 12 1 1 1 10 12 1 1 10 12 1 1 9 100 12 1 1 1 10 100 12 1 1 1 10 12 1 1 100 1 1 1 1 1 1 1 1 1 1 1 1 1 1 1 1 1 1 1 1 1 1 1 1 1 1 1 1 1 1 1 1 1 1 1 100 1 1 1 1 1 1 1 1 1 1 1 1 1 1 1 1 1 1 1 1 1 1 1 1 1 1 1 1 1 1 1 1 1 1 100 1 1 1 1 1 1 1 1 100 1 1
ciInstanceKlass java/lang/reflect/Parameter 0 0 226 10 100 12 1 1 1 9 100 12 1 1 1 9 12 1 1 9 12 1 1 9 12 1 10 12 1 1 10 12 1 1 10 100 12 1 1 1 100 1 10 10 12 1 1 11 100 12 1 1 1 10 12 1 10 100 12 1 1 1 10 12 1 1 10 12 1 10 12 1 8 1 8 1 10 100 12 1 1 1 10 12 1 10 12 10 12 1 8 1 10 12 1 9 12 1 1 10 12 1 1 9 12 1 1 10 12 1 1 10 12 1 1 10 12 1 1 10 12 1 10 10 12 1 10 100 12 1 1 1 10 12 1 1 11 100 12 1 1 10 100 12 1 1 100 1 10 100 12 1 1 1 10 12 1 1 10 12 1 1 10 12 1 1 10 12 1 1 9 12 1 100 1 10 11 12 1 1 11 12 1 1 100 1 1 1 1 1 1 1 1 1 1 1 1 1 1 1 1 1 1 1 1 1 1 1 1 1 1 1 1 1 1 1 1 1 1 1 1 1 1 100 1 1 1 1
ciInstanceKlass java/util/function/Function 1 1 77 10 7 12 1 1 1 18 12 1 1 18 18 12 1 11 7 12 1 100 1 1 1 1 1 1 1 1 1 1 1 1 1 1 1 1 1 1 1 1 1 1 1 1 1 1 1 1 1 1 1 1 1 1 15 10 7 12 1 1 1 16 15 11 12 15 11 12 15 11 12 1 100 1 100 1 1
ciInstanceKlass java/lang/StringBuffer 0 0 470 10 100 12 1 1 1 10 12 1 10 12 1 10 12 1 1 9 100 12 1 1 1 10 12 1 1 10 12 1 10 12 1 1 9 12 1 1 10 12 1 10 12 1 1 10 12 1 1 10 12 1 10 12 1 1 10 12 1 10 12 1 1 10 12 1 1 10 100 12 1 1 1 10 12 1 1 10 12 1 10 12 1 10 12 1 10 12 1 10 12 1 10 12 1 10 12 1 10 12 1 10 12 1 10 12 1 10 12 1 10 12 1 10 12 1 10 12 1 1 10 12 1 10 12 1 1 10 12 1 1 10 10 12 1 1 10 12 1 10 12 1 10 12 1 10 12 1 10 12 1 10 12 1 10 12 10 12 1 10 12 1 10 12 1 10 12 1 1 10 12 1 10 12 1 10 10 12 1 1 10 12 1 1 9 12 1 1 10 100 12 1 1 1 10 100 1 10 10 100 12 1 1 1 10 10 12 1 10 8 10 100 12 1 1 1 8 10 12 1 8 1 10 12 1 10 12 1 10 100 12 1 1 1 10 100 12 1 1 1 100 1 10 12 100 1 8 1 10 10 12 1 1 10 12 1 1 10 12 1 1 10 12 1 10 12 1 10 12 1 10 12 1 10 12 1 10 12 1 10 12 1 10 12 1 10 12 1 10 12 1 10 12 1 10 12 1 10 12 1 10 12 1 10 12 1 10 12 1 10 12 10 12 10 12 1 10 12 1 10 12 1 10 12 10 12 1 10 12 1 10 12 1 10 12 1 10 12 1 10 12 1 10 12 1 10 12 1 10 12 1 10 12 1 10 12 1 100 1 10 12 1 9 100 12 1 1 1 9 100 1 9 12 1 1 100 1 100 1 100 1 1 1 1 5 0 1 1 1 1 1 1 1 1 1 1 1 1 1 1 1 1 1 1 1 1 1 1 1 1 1 1 1 1 1 1 1 1 1 1 1 1 1 1 1 1 1 1 1 1 1 1 1 1 1 1 1 1 1 1 1 1 1 1 1 1 100 1 1 1 1 1 100 1 1 1 1 1 1 1 1 1 1 1 1 1 1 1 1 1
instanceKlass java/lang/StringBuilder
instanceKlass java/lang/StringBuffer
ciInstanceKlass java/lang/AbstractStringBuilder 1 1 547 7 1 7 1 10 7 12 1 1 1 9 7 12 1 1 1 9 12 1 9 12 1 1 9 12 1 1 10 100 12 1 1 1 10 12 1 1 3 3 10 12 1 10 12 1 1 11 7 1 100 1 100 1 10 8 1 10 12 1 10 12 1 10 12 1 1 10 12 1 10 12 1 10 12 1 9 12 1 1 10 12 1 1 10 7 12 1 1 1 10 10 12 1 10 12 1 10 12 1 1 10 12 1 1 10 7 12 1 1 1 10 7 12 1 1 1 100 1 8 1 10 10 12 1 1 100 1 10 12 10 12 1 1 10 10 12 1 1 10 12 1 1 10 12 1 1 10 12 1 1 100 1 10 10 12 1 10 100 12 1 1 1 10 12 1 1 10 12 1 10 12 1 1 10 10 12 1 1 10 12 10 12 1 10 12 1 1 10 12 1 1 10 12 1 1 10 12 1 10 10 12 1 1 10 12 1 10 12 1 1 8 1 10 12 1 1 10 12 1 10 12 1 10 12 1 10 12 1 10 12 1 10 12 1 10 100 12 1 1 10 12 1 10 12 1 10 100 12 1 1 1 10 12 1 10 12 1 10 12 1 10 12 1 10 12 1 1 10 12 1 10 12 1 1 10 12 1 1 10 10 7 12 1 1 1 10 12 1 10 12 1 10 12 1 1 10 12 1 10 12 1 10 12 1 10 12 1 10 12 1 10 12 1 10 12 1 10 12 1 10 12 1 1 10 12 1 10 12 1 10 12 10 12 1 1 18 12 1 1 100 1 10 100 12 1 1 1 18 10 12 1 1 10 12 1 10 12 1 1 11 12 1 10 12 1 10 12 1 10 10 12 1 10 8 1 8 1 8 1 10 10 100 1 10 12 1 100 1 10 100 1 10 100 1 1 1 3 1 1 1 1 1 1 1 1 1 1 100 1 1 1 1 1 1 1 1 1 1 1 1 1 1 1 1 1 1 1 1 1 1 1 1 1 1 1 1 1 1 1 1 1 1 1 1 1 1 1 1 1 1 1 1 1 1 1 1 1 1 1 1 1 1 1 1 1 1 1 1 1 1 1 1 1 1 1 1 1 1 1 1 1 1 1 1 1 1 1 1 1 1 1 1 1 1 1 1 1 1 1 1 1 1 1 1 1 100 1 1 100 1 1 1 1 1 100 1 1 1 1 1 1 15 10 100 12 1 1 1 16 1 15 10 12 16 15 10 12 1 1 1 1 100 1 100 1 1
staticfield java/lang/AbstractStringBuilder EMPTYVALUE [B 0
ciInstanceKlass java/lang/SecurityManager 0 0 576 10 100 12 1 1 1 9 100 12 1 1 1 10 100 12 1 1 1 100 1 8 1 10 12 1 10 12 1 1 10 100 12 1 1 1 10 100 1 10 100 1 10 9 100 12 1 1 1 10 100 12 1 1 1 10 12 1 1 10 100 12 1 1 100 1 8 1 10 9 12 1 1 9 12 1 8 1 9 12 1 100 1 10 8 1 10 12 1 1 10 12 1 10 12 1 1 100 1 10 10 12 1 1 100 1 8 1 10 12 1 8 1 8 1 8 1 8 1 8 1 8 1 10 12 1 8 1 8 1 8 1 8 1 8 1 10 100 12 1 1 1 10 12 1 1 8 1 100 1 8 1 10 8 1 8 1 8 1 8 1 8 1 10 100 12 1 1 8 1 100 1 8 1 8 1 10 8 1 10 12 1 100 1 8 1 10 10 12 1 1 10 12 1 10 12 1 10 12 1 10 100 12 1 1 1 10 12 1 10 100 12 1 1 11 100 12 1 1 1 18 12 1 1 11 100 12 1 1 1 18 12 1 1 11 12 1 1 18 18 11 12 1 18 12 1 11 12 1 1 9 12 1 1 9 12 1 9 12 1 9 12 1 100 1 10 100 12 1 1 10 12 1 10 12 1 18 12 1 18 10 100 12 1 1 1 18 12 1 10 12 1 18 18 8 1 10 12 1 9 12 1 1 11 100 12 1 1 1 8 1 100 1 10 12 1 10 12 1 1 10 12 1 1 9 12 1 1 10 12 1 10 12 1 1 8 1 100 1 10 9 12 1 8 1 10 12 1 8 1 100 1 10 10 100 12 1 1 10 100 1 9 100 12 1 1 1 11 12 1 1 10 12 1 11 12 1 10 12 1 100 1 10 10 12 1 1 10 12 1 1 1 1 1 1 1 1 1 1 1 100 1 1 1 1 1 1 1 1 1 1 1 1 1 1 1 1 1 1 1 1 1 1 1 1 1 1 1 1 1 1 1 1 1 1 1 1 1 1 1 1 1 1 1 1 1 1 1 1 1 1 1 1 1 1 1 1 3 1 1 1 1 1 1 1 1 1 1 100 1 1 1 1 1 1 1 1 1 1 1 1 1 1 1 1 1 1 1 1 1 1 1 1 1 1 1 1 1 1 1 1 1 1 1 1 1 1 15 10 100 12 1 1 1 16 15 10 100 12 1 1 1 16 1 16 15 10 12 16 1 15 10 12 16 15 11 100 1 16 1 16 1 15 10 12 16 15 10 12 16 15 10 12 1 16 1 15 11 12 1 15 10 12 16 15 10 16 1 1 1 1 100 1 100 1 1
instanceKlass com/android/tools/r8/graph/i4
instanceKlass com/android/tools/r8/internal/n10
instanceKlass com/android/tools/r8/internal/gu
instanceKlass com/android/tools/r8/internal/Vs
instanceKlass java/util/ConcurrentModificationException
instanceKlass java/util/NoSuchElementException
instanceKlass com/android/tools/r8/internal/Ws
instanceKlass com/android/tools/r8/utils/b
instanceKlass com/android/tools/r8/internal/vc
instanceKlass java/lang/UnsupportedOperationException
instanceKlass java/lang/IllegalStateException
instanceKlass com/android/tools/r8/utils/U0
instanceKlass com/android/tools/r8/utils/P
instanceKlass java/lang/IndexOutOfBoundsException
instanceKlass java/lang/IllegalArgumentException
instanceKlass java/lang/ArithmeticException
instanceKlass java/lang/NullPointerException
instanceKlass java/lang/IllegalMonitorStateException
instanceKlass java/lang/ArrayStoreException
instanceKlass java/lang/ClassCastException
ciInstanceKlass java/lang/RuntimeException 1 1 40 10 7 12 1 1 1 10 12 1 10 12 1 10 12 1 10 12 1 100 1 1 1 1 5 0 1 1 1 1 1 1 1 1 1 1 1 1 1 1
instanceKlass java/lang/NumberFormatException
ciInstanceKlass java/lang/IllegalArgumentException 1 1 35 10 7 12 1 1 1 10 12 1 10 12 1 10 12 1 100 1 1 1 1 5 0 1 1 1 1 1 1 1 1 1 1 1 1
ciInstanceKlass java/lang/ArithmeticException 1 1 26 10 100 12 1 1 1 10 12 1 100 1 1 1 1 5 0 1 1 1 1 1 1 1 1 1
ciInstanceKlass java/lang/NullPointerException 1 1 52 10 100 12 1 1 1 10 12 1 9 100 12 1 1 1 10 12 1 1 9 12 1 1 10 12 1 1 10 12 1 1 1 1 5 0 1 1 1 1 1 1 1 1 100 1 100 1 100 1 1 1
instanceKlass java/util/EnumMap
instanceKlass com/android/tools/r8/internal/mE
instanceKlass java/util/TreeMap
instanceKlass java/util/IdentityHashMap
instanceKlass java/util/WeakHashMap
instanceKlass java/util/Collections$EmptyMap
instanceKlass sun/util/PreHashedMap
instanceKlass java/util/HashMap
instanceKlass java/util/ImmutableCollections$AbstractImmutableMap
instanceKlass java/util/concurrent/ConcurrentHashMap
ciInstanceKlass java/util/AbstractMap 1 1 192 10 7 12 1 1 1 10 7 12 1 1 1 11 7 12 1 1 1 10 11 12 1 1 11 7 12 1 1 1 11 12 1 1 7 1 11 12 1 10 12 1 1 11 12 1 100 1 10 11 12 1 11 7 1 10 12 1 1 11 12 1 9 12 1 1 7 1 10 12 1 9 12 1 1 100 1 10 11 11 12 1 1 11 12 1 100 1 100 1 11 12 1 8 1 100 1 10 10 12 1 1 8 1 10 12 1 10 12 1 1 10 12 1 1 1 1 1 1 1 1 1 1 1 1 1 1 1 1 1 1 1 1 1 1 1 1 1 1 1 1 1 1 1 1 1 1 1 1 1 1 1 1 100 1 1 1 1 1 1 1 1 1 1 1 1 1 1 1 1 100 1 1 1 1 1 1 1 1 1 100 1 100 1 100 1 100 1 1 1 1 1
ciInstanceKlass java/security/AccessControlContext 1 1 373 9 7 12 1 1 1 9 12 1 1 10 100 12 1 1 1 8 1 10 100 12 1 1 1 10 7 12 1 1 1 9 12 1 9 12 1 1 9 12 1 1 10 7 12 1 1 100 1 10 12 1 11 100 12 1 1 1 11 12 1 11 12 1 11 12 1 1 100 1 11 12 1 1 10 12 1 10 100 12 1 1 1 9 100 12 1 1 1 10 100 12 1 1 1 11 100 12 1 1 1 10 7 1 100 1 8 1 10 12 1 10 12 1 1 7 1 10 7 12 1 1 1 9 12 1 9 12 1 9 12 1 9 12 1 1 9 12 1 1 9 12 1 9 12 1 10 7 12 1 1 1 9 12 1 10 12 1 1 10 12 1 1 8 1 10 12 1 1 10 12 1 1 10 100 12 1 1 1 100 1 10 10 12 1 1 10 100 12 1 1 1 10 8 1 10 100 12 1 1 8 1 10 100 12 1 1 8 1 8 1 10 12 1 8 1 10 12 1 8 1 10 12 1 10 12 1 10 12 1 1 8 1 8 1 100 1 10 12 1 10 12 1 1 100 1 10 12 1 8 1 10 12 1 10 12 1 10 8 1 10 12 1 1 10 12 1 1 10 12 1 1 10 12 1 1 10 12 1 10 12 1 10 12 1 10 12 1 1 10 10 10 12 1 1 1 1 1 1 1 1 1 1 1 1 1 1 1 1 1 1 1 1 1 1 1 1 100 1 1 1 1 1 1 1 1 1 1 1 1 1 1 1 1 1 1 1 1 1 1 1 1 1 1 1 1 1 1 1 1 1 1 1 1 1 1 1 1 1 1 1 1 1 1 1 1 1 1 1 1 3 1 1
ciInstanceKlass java/net/URL 1 1 743 10 7 12 1 1 1 10 12 1 10 7 12 1 1 9 12 1 1 9 12 1 10 7 12 1 1 1 10 12 1 1 10 12 1 1 9 12 1 1 10 7 12 1 1 1 8 1 10 12 1 1 100 1 10 10 12 1 1 8 1 10 12 1 1 9 12 1 100 1 8 1 10 12 1 10 12 1 8 1 9 12 1 10 12 1 1 9 12 1 10 12 1 10 12 1 9 12 1 9 12 1 8 1 9 12 1 10 12 1 1 8 1 9 12 1 1 10 12 1 1 10 7 12 1 1 1 8 1 10 12 1 7 1 10 12 1 10 12 1 10 12 1 10 12 1 1 10 12 1 1 8 1 10 12 1 1 10 12 1 8 1 9 12 1 8 1 10 12 1 10 7 12 1 1 1 100 1 10 12 1 10 12 1 1 10 100 12 1 1 1 100 1 8 1 10 10 12 1 8 1 10 12 1 1 10 12 1 10 12 1 10 12 1 10 12 1 10 12 1 8 1 10 12 1 10 10 7 12 1 1 1 10 12 1 9 100 12 1 1 1 10 100 12 1 1 1 9 12 1 1 10 12 1 10 100 12 1 1 1 100 1 100 1 10 12 1 10 12 1 10 12 1 10 12 1 10 12 1 10 12 10 10 10 12 1 100 1 10 12 1 10 12 1 1 8 1 9 100 12 1 1 1 10 100 12 1 1 1 10 12 1 1 9 100 12 1 1 1 10 12 1 1 100 1 10 12 1 10 12 1 10 10 12 1 1 10 12 1 1 10 12 1 10 12 1 10 12 1 10 7 12 1 1 1 10 12 1 1 10 12 1 9 12 1 1 9 12 1 1 100 1 8 1 10 10 12 1 9 12 1 1 10 7 12 1 1 8 1 10 100 12 1 1 8 1 10 12 1 1 10 12 1 8 1 8 1 10 7 12 1 1 1 100 1 10 100 12 1 1 1 10 12 1 10 12 1 100 1 10 9 12 1 1 10 7 12 1 1 8 1 10 12 1 1 100 1 10 10 100 12 1 1 1 8 9 100 12 1 1 1 10 12 1 10 12 1 10 12 1 10 12 1 10 100 12 1 1 11 7 12 1 1 10 12 1 10 12 1 9 12 1 10 12 1 1 10 100 12 1 1 10 100 12 1 1 1 8 10 100 12 1 1 100 1 10 8 8 10 12 1 8 8 8 100 1 10 12 1 9 12 1 1 10 12 1 10 12 1 1 10 12 1 10 12 10 12 1 1 10 12 1 1 10 10 10 12 1 10 12 1 10 12 1 10 12 1 10 12 1 10 10 12 1 100 1 8 1 10 10 10 12 1 1 10 12 1 10 12 1 1 8 1 7 1 10 10 10 7 1 10 12 1 9 7 12 1 1 1 9 12 1 1 7 1 10 10 7 12 1 1 1 100 1 1 1 1 1 5 0 1 1 1 1 1 1 1 1 1 1 1 1 1 1 1 1 1 1 1 1 1 1 1 1 1 1 1 1 1 1 1 1 1 1 1 1 1 1 1 100 1 1 1 1 1 1 1 1 1 1 1 1 1 1 1 1 1 1 1 1 1 1 1 1 1 1 1 1 1 1 1 1 1 1 1 1 1 100 1 1 1 1 1 1 1 1 1 1 1 1 1 1 1 1 100 1 1 1 1 1 1 1 1 1 1 1 1 1 1 1 1 1 1
staticfield java/net/URL defaultFactory Ljava/net/URLStreamHandlerFactory; java/net/URL$DefaultFactory
staticfield java/net/URL streamHandlerLock Ljava/lang/Object; java/lang/Object
staticfield java/net/URL serialPersistentFields [Ljava/io/ObjectStreamField; 7 [Ljava/io/ObjectStreamField;
ciInstanceKlass java/util/jar/Manifest 1 1 336 10 7 12 1 1 1 7 1 10 9 7 12 1 1 1 7 1 10 9 12 1 1 9 12 1 1 10 12 1 10 12 1 1 10 12 1 1 10 12 1 1 10 12 1 1 11 7 1 11 12 1 1 10 12 1 1 10 100 12 1 1 1 100 1 100 1 10 8 1 10 12 1 1 10 12 1 1 10 12 1 10 12 1 11 100 1 10 12 1 10 12 1 1 11 12 1 1 10 12 1 11 12 1 1 11 100 12 1 1 1 11 100 12 1 1 11 12 1 1 100 1 10 12 1 8 1 11 12 1 7 1 10 12 1 1 11 12 1 10 12 1 10 12 1 10 100 12 1 1 1 8 1 10 12 1 1 10 9 7 12 1 1 1 10 12 1 1 10 100 12 1 10 12 1 10 12 1 9 100 12 1 1 1 8 1 10 12 1 8 1 8 1 7 1 10 12 1 10 12 1 10 12 1 1 100 1 8 1 10 12 1 1 8 1 10 10 12 1 1 8 1 10 12 1 1 10 7 12 1 1 1 10 12 1 10 11 12 1 1 10 12 1 10 7 12 1 1 1 10 12 1 1 10 12 1 1 11 10 12 1 11 10 12 1 100 1 1 1 1 1 1 1 1 1 1 1 1 1 1 1 1 1 1 1 1 1 1 1 1 1 1 1 1 1 1 1 1 1 1 1 1 1 1 1 1 1 1 1 100 1 1 1 1 1 1 1 1 1 1 1 1 1 1 100 1 1 1 1 1 1 1 1 1 1 1
ciInstanceKlass java/util/Objects 1 1 151 10 7 12 1 1 1 100 1 8 1 10 12 1 10 12 1 1 10 7 12 1 1 1 10 12 1 1 10 12 1 10 100 12 1 1 1 10 12 1 1 11 100 12 1 1 1 100 1 10 10 12 1 8 1 10 100 12 1 1 1 8 1 100 1 11 12 1 1 8 1 10 7 12 1 1 1 10 12 1 1 10 12 1 10 12 1 10 12 1 10 12 1 1 1 1 1 1 1 1 1 1 1 1 1 1 1 1 1 1 1 1 1 1 1 1 1 1 1 1 1 1 1 1 1 1 1 1 1 1 1 1 1 1 1 1 1 1 1 1 1 1 1 1 1 1 1 1 1 1 1
ciInstanceKlass java/lang/Iterable 1 1 62 10 7 12 1 1 1 11 7 12 1 1 1 11 7 12 1 1 1 11 12 1 1 11 7 12 1 1 1 10 100 12 1 1 1 100 1 1 1 1 1 1 1 1 1 1 1 1 1 1 1 1 1 1 1 1 1 1 1 1 1 1
ciInstanceKlass java/util/Collection 1 1 115 11 100 12 1 1 1 100 1 11 7 12 1 1 1 10 7 12 1 1 1 11 12 1 1 11 7 12 1 1 1 11 12 1 1 11 7 12 1 1 1 11 12 1 1 10 100 12 1 1 1 11 12 1 10 7 12 1 1 1 100 1 100 1 1 1 1 1 1 1 1 1 1 1 1 1 1 1 1 1 1 1 1 1 1 1 1 1 1 1 1 1 1 1 1 1 1 1 1 1 1 1 1 1 1 1 1 1 1 1 1 1 1 1 1
instanceKlass com/android/tools/r8/internal/F0
instanceKlass com/android/tools/r8/internal/m0
instanceKlass com/android/tools/r8/internal/H
instanceKlass com/android/tools/r8/internal/o1
instanceKlass com/android/tools/r8/internal/R0
instanceKlass java/util/AbstractQueue
instanceKlass java/util/IdentityHashMap$Values
instanceKlass java/util/HashMap$Values
instanceKlass com/android/tools/r8/internal/sm
instanceKlass java/util/LinkedHashMap$LinkedValues
instanceKlass java/util/ArrayDeque
instanceKlass java/util/AbstractSet
instanceKlass java/util/ImmutableCollections$AbstractImmutableCollection
instanceKlass java/util/AbstractList
ciInstanceKlass java/util/AbstractCollection 1 1 160 10 7 12 1 1 1 10 7 12 1 1 1 10 12 1 1 11 7 12 1 1 1 11 12 1 1 10 12 1 1 10 100 12 1 1 1 10 12 1 1 10 12 1 1 10 7 12 1 1 10 7 12 1 1 1 7 1 10 100 12 1 1 1 10 100 12 1 1 1 100 1 10 11 12 1 11 7 1 10 12 1 10 12 1 10 7 12 1 1 1 11 8 1 100 1 10 10 12 1 1 8 1 10 12 1 10 12 1 1 1 1 1 1 1 1 1 1 1 1 1 1 1 1 1 1 1 1 1 1 1 1 1 1 1 1 1 1 1 1 1 1 1 1 1 1 1 1 1 1 1 1 1 1 1 1 1 1 1 1
ciMethod java/util/AbstractCollection isEmpty ()Z 722 0 1826045 0 -1
ciMethod java/util/AbstractCollection removeAll (Ljava/util/Collection;)Z 438 2048 23290 0 -1
ciMethod java/util/Collection stream ()Ljava/util/stream/Stream; 148 0 60762 0 0
ciMethod java/lang/Iterable forEach (Ljava/util/function/Consumer;)V 512 1614 68590 0 -1
ciInstanceKlass java/util/List 1 1 217 10 100 12 1 1 1 11 100 12 1 1 1 11 100 12 1 1 1 11 12 1 1 11 100 12 1 1 11 12 1 1 11 12 1 1 10 100 12 1 1 1 100 1 100 1 10 12 1 1 100 1 10 100 12 1 1 1 9 7 12 1 1 1 7 1 10 12 10 12 1 7 1 10 12 1 1 10 12 1 10 12 1 1 100 1 1 1 1 1 1 1 1 1 1 1 1 1 1 1 1 1 1 1 1 1 1 1 1 1 1 1 1 1 1 1 1 1 1 1 1 1 1 1 1 1 1 1 1 1 1 1 1 1 1 100 1 100 1 1 1 1 1 1 1 1 1 1 1 1 1 1 1 1 1 1 1 1 1 1 1 1 1 1 1 1 1 1 1 1 1 1 1 1 1 1 1 1 1 1 1 1 1 1 1 1 1 1 1 1 1 1 1 1 1 1 1 1 1 1 1 1 1 1 1 1 1 1 1 1 100 1 1 100 1 1 1
ciMethod java/util/AbstractCollection iterator ()Ljava/util/Iterator; 0 0 1 0 -1
ciMethod java/util/Collection spliterator ()Ljava/util/Spliterator; 0 0 1 0 -1
ciMethod java/util/AbstractCollection <init> ()V 592 0 10678808 0 64
instanceKlass com/android/tools/r8/internal/QC
instanceKlass java/util/AbstractList$SubList
instanceKlass java/util/Collections$CopiesList
instanceKlass java/util/Collections$SingletonList
instanceKlass java/util/ArrayList$SubList
instanceKlass java/util/Vector
instanceKlass sun/security/jca/ProviderList$ServiceList
instanceKlass sun/security/jca/ProviderList$3
instanceKlass java/util/AbstractSequentialList
instanceKlass java/util/Arrays$ArrayList
instanceKlass java/util/Collections$EmptyList
instanceKlass java/util/ArrayList
ciInstanceKlass java/util/AbstractList 1 1 218 10 7 12 1 1 1 9 7 12 1 1 1 10 12 1 1 10 12 1 1 100 1 10 10 12 1 1 11 100 12 1 1 1 11 12 1 1 11 12 1 10 100 12 1 1 1 10 12 1 11 12 1 11 12 1 11 12 1 10 12 1 1 10 12 1 1 11 100 12 1 1 1 11 100 1 11 100 1 10 12 1 100 1 10 12 1 10 12 1 1 7 1 100 1 10 12 1 7 1 10 100 1 100 1 10 8 1 10 12 1 1 10 12 1 10 12 1 1 10 12 1 8 1 100 1 8 1 8 1 8 1 10 100 1 11 10 10 12 1 11 12 1 10 12 1 1 8 1 8 1 1 1 1 1 1 1 1 1 1 1 1 1 1 1 1 1 1 1 1 1 1 1 1 1 1 1 1 1 1 1 1 1 1 1 1 1 1 1 1 1 1 1 1 1 1 1 1 1 1 1 1 1 1 1 1 1 1 100 1 100 1 1 1 1 1 1 1
ciMethod java/util/AbstractList listIterator ()Ljava/util/ListIterator; 4114 0 3843584 0 544
ciMethod java/util/AbstractList listIterator (I)Ljava/util/ListIterator; 0 0 1 0 -1
ciMethod java/util/Objects requireNonNull (Ljava/lang/Object;)Ljava/lang/Object; 624 0 4959955 0 -1
ciInstanceKlass java/lang/AssertionStatusDirectives 0 0 24 10 100 12 1 1 1 100 1 1 1 1 1 1 1 1 1 1 1 1 1 1 1 1
ciInstanceKlass java/lang/invoke/MethodHandleNatives$CallSiteContext 1 1 49 10 7 12 1 1 1 7 1 10 10 7 12 1 1 1 10 7 12 1 1 1 10 7 12 1 1 1 100 1 1 1 1 1 1 1 1 1 1 1 1 1 1 1 1 1 100 1 1
ciInstanceKlass jdk/internal/invoke/NativeEntryPoint 0 0 92 10 100 12 1 1 1 9 100 12 1 1 1 10 100 12 1 1 1 100 1 9 12 1 9 12 1 9 12 1 1 9 12 1 1 9 12 1 1 100 1 8 1 10 12 1 11 100 12 1 1 1 10 12 1 1 10 12 1 11 100 12 1 1 11 12 1 10 12 1 1 10 12 1 1 1 1 1 1 1 1 1 1 1 1 1 1 1 1 1 1 1
instanceKlass java/lang/invoke/VolatileCallSite
instanceKlass java/lang/invoke/MutableCallSite
instanceKlass java/lang/invoke/ConstantCallSite
ciInstanceKlass java/lang/invoke/CallSite 1 1 302 10 7 12 1 1 1 10 7 12 1 1 1 9 7 12 1 1 1 10 12 1 1 9 12 1 1 10 7 12 1 1 1 10 12 1 100 1 10 12 1 1 10 12 1 1 9 100 12 1 1 1 10 100 12 1 1 10 12 1 1 100 1 100 1 10 10 100 12 1 1 1 10 12 1 1 8 1 10 12 1 10 12 1 1 10 12 1 10 12 1 1 10 12 1 1 10 10 100 12 1 1 10 12 1 1 9 12 1 9 100 12 1 1 1 8 1 10 7 12 1 1 1 10 12 1 1 100 1 10 12 1 1 9 12 1 8 1 100 1 10 12 1 10 12 1 100 1 8 1 10 10 12 1 10 12 1 1 100 1 10 12 1 1 10 12 1 10 12 1 10 12 1 1 10 12 1 1 9 12 1 1 8 10 12 1 1 9 12 1 1 100 1 10 10 12 1 10 100 12 1 1 1 10 12 1 1 10 12 1 1 10 12 1 10 7 12 1 1 1 100 1 8 1 10 10 12 10 12 1 1 100 1 100 1 100 1 8 1 10 12 1 10 7 12 1 1 1 1 1 1 1 1 1 1 1 1 1 1 1 1 1 1 1 1 1 1 1 1 1 1 1 1 1 1 1 1 1 1 1 1 1 1 1 1 1 1 1 1 1 1 1 1 1 1 1 1 1 1 1 1 1
staticfield java/lang/invoke/CallSite $assertionsDisabled Z 1
ciInstanceKlass java/lang/invoke/VolatileCallSite 0 0 37 10 100 12 1 1 1 10 12 1 10 100 12 1 1 1 10 12 1 10 12 1 1 1 1 1 1 1 1 1 1 1 1 1 1 1 1
ciInstanceKlass java/lang/invoke/MethodType 1 1 771 7 1 10 7 12 1 1 1 9 12 1 1 9 12 1 1 9 12 1 1 10 7 12 1 1 1 9 7 12 1 1 8 1 10 100 12 1 1 1 9 7 1 9 7 1 10 12 1 1 100 1 10 8 1 10 12 1 1 10 12 1 10 12 1 1 100 1 8 1 10 12 1 100 1 10 10 12 1 10 12 1 1 10 12 1 1 11 7 12 1 1 1 9 12 1 11 12 1 1 7 7 1 10 7 12 1 1 1 10 12 1 9 12 1 1 10 7 12 1 1 10 12 1 1 10 7 12 1 1 1 10 7 12 1 1 1 10 12 1 9 12 1 1 10 12 1 1 100 1 10 12 1 1 10 12 1 1 10 12 1 1 10 12 1 1 10 12 1 1 10 12 1 10 12 1 10 12 1 1 10 12 1 8 1 8 1 10 12 1 1 9 12 1 1 100 1 10 10 12 1 1 10 12 1 10 12 1 1 10 12 1 1 10 12 1 10 12 1 1 10 12 1 8 1 10 12 1 1 10 100 12 1 1 1 10 12 1 10 12 1 1 10 12 1 10 12 1 10 12 1 1 10 12 1 10 12 1 9 12 1 10 12 1 10 10 12 1 1 10 12 1 9 12 1 1 10 12 1 1 10 12 1 1 10 12 1 1 10 12 1 1 7 1 10 12 10 12 1 10 12 1 100 1 8 1 8 1 8 1 10 12 1 10 12 1 10 12 1 10 11 12 1 1 11 12 1 10 100 12 1 1 1 9 12 1 10 12 1 10 12 1 1 10 12 1 1 10 12 1 10 12 1 10 100 12 1 1 1 10 12 1 1 10 12 1 10 12 1 10 12 1 10 9 12 1 1 7 1 10 12 1 10 12 1 1 9 100 12 1 1 1 10 100 12 1 1 1 10 100 12 1 1 1 10 12 1 1 10 100 12 1 1 1 10 12 1 1 8 1 10 7 12 1 1 1 11 12 1 1 9 12 1 1 10 12 1 1 10 12 1 10 12 1 1 10 12 1 1 10 100 12 1 1 100 1 10 12 1 1 11 100 12 1 1 1 18 12 1 1 11 12 1 1 18 12 1 11 12 1 100 1 11 100 12 1 1 10 12 1 100 1 10 12 1 10 100 12 1 1 10 12 1 1 9 12 1 1 9 100 12 1 1 1 10 100 12 1 1 1 9 12 1 10 100 12 1 1 10 12 1 100 10 12 1 1 10 12 1 10 7 1 7 1 9 12 1 1 100 1 100 1 100 1 1 1 5 0 1 1 1 1 1 1 1 3 1 3 1 3 1 1 1 1 1 1 1 1 1 1 1 1 1 1 1 1 1 1 1 1 1 1 1 1 1 1 1 1 1 1 1 1 1 1 1 1 1 1 1 1 1 1 1 1 1 1 1 1 1 1 1 1 1 1 1 1 1 1 1 1 1 1 1 1 1 1 1 1 1 1 1 1 1 1 1 1 1 1 1 1 1 1 1 1 1 1 1 1 1 1 1 1 1 1 1 1 1 1 1 1 1 1 1 1 1 1 1 1 1 1 1 1 1 1 1 1 1 1 1 1 1 1 1 1 1 1 1 100 1 100 1 1 1 1 1 1 1 1 1 1 1 1 1 100 1 1 1 100 1 1 1 1 1 1 1 1 1 1 1 1 1 1 1 1 1 1 1 1 1 15 10 100 12 1 1 1 16 15 10 12 16 16 15 10 12 16 1 1 1 1 100 1 1 100 1 1 100 1 100 1 1
staticfield java/lang/invoke/MethodType internTable Ljava/lang/invoke/MethodType$ConcurrentWeakInternSet; java/lang/invoke/MethodType$ConcurrentWeakInternSet
staticfield java/lang/invoke/MethodType NO_PTYPES [Ljava/lang/Class; 0 [Ljava/lang/Class;
staticfield java/lang/invoke/MethodType objectOnlyTypes [Ljava/lang/invoke/MethodType; 20 [Ljava/lang/invoke/MethodType;
staticfield java/lang/invoke/MethodType METHOD_HANDLE_ARRAY [Ljava/lang/Class; 1 [Ljava/lang/Class;
staticfield java/lang/invoke/MethodType serialPersistentFields [Ljava/io/ObjectStreamField; 0 [Ljava/io/ObjectStreamField;
staticfield java/lang/invoke/MethodType $assertionsDisabled Z 1
ciInstanceKlass java/lang/BootstrapMethodError 0 0 45 10 100 12 1 1 1 10 12 1 10 12 1 10 100 12 1 1 1 10 100 12 1 1 1 1 1 1 5 0 1 1 1 1 1 1 1 1 1 1 1 100 1 1 1
ciInstanceKlass jdk/internal/loader/ClassLoaders$AppClassLoader 1 1 119 8 1 10 7 12 1 1 1 10 7 12 1 1 1 10 100 12 1 1 1 10 12 1 1 10 100 12 1 1 1 10 12 1 1 10 12 1 1 7 1 8 1 10 12 10 7 12 1 1 1 10 100 12 1 1 10 12 1 1 10 12 1 1 10 7 12 1 1 1 100 1 10 12 1 1 1 1 1 1 1 1 1 1 1 1 1 1 1 1 1 1 1 1 1 100 1 1 1 1 1 1 1 1 1 1 1 1 1 1 1 1 1 1 1 100 1 1 1
ciInstanceKlass jdk/internal/loader/ClassLoaders$PlatformClassLoader 1 1 42 8 1 10 7 12 1 1 1 10 7 12 1 1 1 100 1 10 12 1 100 1 1 1 1 1 1 1 1 1 1 1 1 1 1 100 1 1 1 100 1 1
ciInstanceKlass java/lang/ArrayStoreException 1 1 26 10 100 12 1 1 1 10 12 1 100 1 1 1 1 5 0 1 1 1 1 1 1 1 1 1
ciInstanceKlass java/lang/ClassCastException 1 1 26 10 100 12 1 1 1 10 12 1 100 1 1 1 1 5 0 1 1 1 1 1 1 1 1 1
ciInstanceKlass java/lang/NoClassDefFoundError 0 0 26 10 100 12 1 1 1 10 12 1 100 1 1 1 1 5 0 1 1 1 1 1 1 1 1 1
ciInstanceKlass java/lang/IllegalMonitorStateException 1 1 26 10 100 12 1 1 1 10 12 1 100 1 1 1 1 5 0 1 1 1 1 1 1 1 1 1
ciInstanceKlass java/lang/StackOverflowError 1 1 26 10 100 12 1 1 1 10 12 1 100 1 1 1 1 5 0 1 1 1 1 1 1 1 1 1
instanceKlass java/lang/StackOverflowError
instanceKlass java/lang/OutOfMemoryError
instanceKlass java/lang/InternalError
ciInstanceKlass java/lang/VirtualMachineError 1 1 34 10 100 12 1 1 1 10 12 1 10 12 1 10 12 1 100 1 1 1 1 5 0 1 1 1 1 1 1 1 1 1 1 1
ciInstanceKlass java/lang/OutOfMemoryError 1 1 26 10 100 12 1 1 1 10 12 1 100 1 1 1 1 5 0 1 1 1 1 1 1 1 1 1
ciInstanceKlass java/lang/InternalError 0 0 34 10 100 12 1 1 1 10 12 1 10 12 1 10 12 1 100 1 1 1 1 5 0 1 1 1 1 1 1 1 1 1 1 1
ciInstanceKlass java/lang/StackTraceElement 0 0 224 10 100 12 1 1 1 10 100 12 1 1 9 12 1 1 9 12 1 1 9 12 1 9 12 1 8 1 10 100 12 1 1 1 100 1 9 12 1 8 1 9 12 1 9 12 1 9 12 1 1 8 1 10 12 1 1 10 12 1 100 1 10 10 12 1 1 8 1 10 12 1 1 10 12 1 8 1 8 1 8 1 10 12 1 8 1 8 1 10 12 1 8 1 8 1 10 12 1 1 10 12 1 10 12 1 1 10 12 1 9 12 1 1 10 100 12 1 1 1 10 12 1 1 100 1 10 12 1 1 10 100 12 1 1 10 100 12 1 1 1 10 100 12 1 1 10 100 12 1 1 10 10 12 1 1 10 12 1 10 12 1 1 100 1 1 1 1 1 3 1 3 1 1 5 0 1 1 1 1 1 1 1 1 1 1 1 1 1 1 1 1 1 1 1 1 1 1 1 1 1 1 100 1 100 1 1 1 1 1 1 1 1 1 1 100 1 1 1 1 1 1 1 1
instanceKlass java/nio/IntBuffer
instanceKlass java/nio/LongBuffer
instanceKlass java/nio/CharBuffer
instanceKlass java/nio/ByteBuffer
ciInstanceKlass java/nio/Buffer 1 1 224 100 1 10 7 12 1 1 1 9 7 12 1 1 1 9 12 1 9 12 1 1 9 12 1 9 12 1 1 10 12 1 1 10 12 1 1 10 12 100 1 100 1 10 8 1 10 12 1 1 10 12 1 8 1 8 1 10 12 1 1 10 12 1 8 1 9 12 1 1 100 1 8 1 10 12 1 8 1 8 1 9 12 10 12 1 8 1 8 1 8 1 10 12 1 8 1 8 1 8 1 100 1 10 100 1 10 100 1 10 100 1 10 10 100 12 1 1 1 10 11 100 12 1 1 10 7 12 1 1 1 10 7 12 1 1 1 9 12 1 1 10 7 12 1 1 1 9 12 1 1 7 1 10 10 7 12 1 1 1 1 1 3 1 1 1 1 1 1 1 1 1 1 1 1 1 1 1 1 1 1 100 1 1 1 1 1 1 1 1 1 1 1 1 1 1 1 1 1 1 1 1 1 1 1 1 1 1 1 1 1 1 1 1 1 1 1 1 1 1 1 1 1 1
staticfield java/nio/Buffer UNSAFE Ljdk/internal/misc/Unsafe; jdk/internal/misc/Unsafe
staticfield java/nio/Buffer SCOPED_MEMORY_ACCESS Ljdk/internal/misc/ScopedMemoryAccess; jdk/internal/misc/ScopedMemoryAccess
staticfield java/nio/Buffer $assertionsDisabled Z 1
ciInstanceKlass jdk/internal/util/ArraysSupport 1 1 271 7 1 100 1 8 1 10 12 1 1 10 12 1 1 10 100 12 1 1 9 7 12 1 1 1 9 12 1 1 10 7 12 1 1 1 9 12 1 1 10 100 12 1 1 1 9 12 1 10 12 9 12 1 10 12 1 1 10 12 9 12 1 9 12 1 10 12 1 1 9 12 1 9 12 1 9 12 1 9 12 1 9 12 1 9 12 1 9 12 1 10 12 1 1 10 100 12 1 1 1 9 12 1 9 12 1 10 12 1 1 10 12 1 9 12 1 10 12 1 10 100 12 1 1 1 9 12 1 9 12 1 10 12 1 10 12 1 10 7 12 1 1 1 3 10 12 1 100 1 100 1 10 8 1 10 12 1 1 10 12 1 8 1 8 1 10 12 1 1 10 10 12 1 1 10 12 1 1 9 12 1 10 12 1 9 12 1 9 12 1 9 12 1 9 12 1 9 12 1 9 12 1 9 12 1 100 1 1 1 1 1 1 1 1 1 1 1 1 1 1 1 1 1 1 1 1 1 1 1 1 1 1 1 1 1 1 1 1 1 1 1 1 1 1 1 1 1 1 1 1 1 1 1 1 1 1 1 1 1 1 1 1 1 1 1 1 1 1 1 1
staticfield jdk/internal/util/ArraysSupport U Ljdk/internal/misc/Unsafe; jdk/internal/misc/Unsafe
staticfield jdk/internal/util/ArraysSupport BIG_ENDIAN Z 0
staticfield jdk/internal/util/ArraysSupport LOG2_ARRAY_BOOLEAN_INDEX_SCALE I 0
staticfield jdk/internal/util/ArraysSupport LOG2_ARRAY_BYTE_INDEX_SCALE I 0
staticfield jdk/internal/util/ArraysSupport LOG2_ARRAY_CHAR_INDEX_SCALE I 1
staticfield jdk/internal/util/ArraysSupport LOG2_ARRAY_SHORT_INDEX_SCALE I 1
staticfield jdk/internal/util/ArraysSupport LOG2_ARRAY_INT_INDEX_SCALE I 2
staticfield jdk/internal/util/ArraysSupport LOG2_ARRAY_LONG_INDEX_SCALE I 3
staticfield jdk/internal/util/ArraysSupport LOG2_ARRAY_FLOAT_INDEX_SCALE I 2
staticfield jdk/internal/util/ArraysSupport LOG2_ARRAY_DOUBLE_INDEX_SCALE I 3
staticfield jdk/internal/util/ArraysSupport LOG2_BYTE_BIT_SIZE I 3
ciMethod java/util/Map computeIfAbsent (Ljava/lang/Object;Ljava/util/function/Function;)Ljava/lang/Object; 516 0 212356 0 2560
ciMethod jdk/internal/util/ArraysSupport newLength (III)I 512 0 21240 0 0
ciMethod jdk/internal/util/ArraysSupport hugeLength (II)I 0 0 1 0 -1
ciMethod java/util/Spliterator hasCharacteristics (I)Z 0 0 1 0 -1
ciMethod java/util/Spliterator getComparator ()Ljava/util/Comparator; 0 0 1 0 -1
ciInstanceKlass java/util/Spliterator 1 1 85 11 7 12 1 1 1 11 12 1 1 5 0 11 12 1 1 100 1 10 12 1 1 100 1 1 1 1 3 1 3 1 3 1 3 1 3 1 3 1 3 1 3 1 1 1 1 1 1 1 1 1 1 1 1 1 1 1 1 1 1 1 1 1 1 1 1 1 1 1 1 1 100 1 100 1 100 1 100 1 1 1 1 1 1
ciInstanceKlass jdk/internal/misc/UnsafeConstants 1 1 34 10 100 12 1 1 1 9 7 12 1 1 1 9 12 1 9 12 1 1 9 12 1 9 12 1 1 1 1 1 1 1 1 1
staticfield jdk/internal/misc/UnsafeConstants ADDRESS_SIZE0 I 8
staticfield jdk/internal/misc/UnsafeConstants PAGE_SIZE I 4096
staticfield jdk/internal/misc/UnsafeConstants BIG_ENDIAN Z 0
staticfield jdk/internal/misc/UnsafeConstants UNALIGNED_ACCESS Z 1
staticfield jdk/internal/misc/UnsafeConstants DATA_CACHE_LINE_FLUSH_SIZE I 0
instanceKlass java/lang/invoke/DelegatingMethodHandle
instanceKlass java/lang/invoke/BoundMethodHandle
instanceKlass java/lang/invoke/DirectMethodHandle
ciInstanceKlass java/lang/invoke/MethodHandle 1 1 641 100 1 9 7 12 1 1 1 10 7 12 1 1 1 10 7 12 1 1 1 7 1 7 1 10 12 1 1 9 12 1 1 10 12 1 10 12 1 1 10 12 1 1 10 100 12 1 1 1 10 12 1 1 10 12 1 1 11 100 12 1 1 1 10 12 1 1 10 12 1 10 12 1 9 12 1 1 10 12 1 1 100 1 100 1 10 8 1 10 12 1 1 10 12 1 8 1 10 12 1 1 10 12 1 10 7 12 1 1 1 10 12 1 10 12 1 1 10 12 1 1 10 12 1 1 10 12 1 1 10 7 12 1 1 1 10 100 12 1 1 1 7 1 10 12 1 1 10 12 1 1 10 12 1 1 8 1 10 7 12 1 1 1 8 1 10 12 1 1 10 12 1 1 10 12 1 1 10 12 1 8 1 10 12 1 1 8 1 10 12 1 8 1 10 100 12 1 1 1 9 12 1 1 100 1 10 9 100 12 1 1 1 9 100 1 8 1 10 12 1 1 10 12 1 10 12 1 1 10 12 1 10 12 1 1 10 12 1 10 12 1 1 10 12 1 10 12 1 1 10 12 1 1 8 1 10 12 1 1 8 1 10 12 1 10 12 1 1 10 12 1 10 12 1 10 12 1 1 9 100 12 1 1 1 10 12 1 1 11 12 1 10 12 1 10 12 1 1 10 100 12 1 1 1 100 1 11 12 1 10 100 1 11 12 1 100 1 10 12 1 11 12 1 9 100 12 1 1 1 11 12 1 1 11 100 12 1 1 1 10 12 1 1 9 12 1 11 12 1 9 12 1 9 12 1 9 12 1 11 12 1 1 9 12 1 9 12 1 9 12 1 9 12 1 9 12 1 9 12 1 9 12 1 8 1 10 12 1 10 12 1 8 1 10 12 1 10 12 1 10 10 7 12 1 1 10 12 1 1 100 1 8 1 10 12 1 1 10 12 1 1 10 12 1 10 12 1 100 1 10 100 12 1 1 1 10 12 1 9 7 12 1 1 1 10 12 1 1 10 12 1 1 8 1 9 12 1 9 12 1 1 9 12 1 1 10 12 1 7 1 10 12 1 10 12 1 1 9 12 1 1 9 12 1 1 10 7 12 1 1 1 11 7 12 1 1 9 12 1 10 12 1 1 9 12 1 10 12 1 8 10 12 1 1 8 1 1 1 1 1 1 100 1 1 1 1 1 1 1 1 1 1 1 1 1 1 1 1 1 1 1 1 1 1 1 1 1 1 1 1 1 1 1 1 1 1 1 1 1 1 1 1 1 1 1 1 1 1 1 1 1 1 1 1 1 1 1 1 1 1 1 1 1 1 1 1 1 1 1 1 1 100 1 1 1 1 1 1 1 1 1 100 1 1 1 1 1 1 1 1 1 1 1 1 1 1 1 1 1 1 1 1 1 1 1 1 1 1 1 100 1 1 100 1 1 100 1 1 1 1
staticfield java/lang/invoke/MethodHandle FORM_OFFSET J 20
staticfield java/lang/invoke/MethodHandle UPDATE_OFFSET J 13
staticfield java/lang/invoke/MethodHandle $assertionsDisabled Z 1
instanceKlass java/util/LinkedHashMap
ciInstanceKlass java/util/HashMap 1 1 610 10 7 12 1 1 1 7 1 10 12 1 1 7 1 10 100 12 1 1 1 100 1 11 12 1 1 11 12 1 11 12 1 1 10 7 12 1 1 1 7 1 3 10 7 12 1 1 1 100 1 100 1 10 8 1 10 12 1 1 10 12 1 10 12 1 1 10 12 1 10 7 12 1 1 1 8 1 10 12 1 9 12 1 1 10 12 1 9 12 1 1 4 10 12 1 10 12 1 1 11 7 12 1 1 9 12 1 1 4 10 12 1 1 11 12 1 1 11 7 12 1 1 1 11 7 12 1 1 1 11 12 1 1 7 1 11 12 1 11 12 1 10 12 1 10 12 1 1 9 12 10 12 1 1 9 7 12 1 1 1 9 12 9 12 1 10 12 1 1 9 12 1 7 1 10 12 1 1 10 12 1 1 10 12 1 1 10 12 1 1 10 12 1 1 9 12 1 10 12 1 1 3 10 12 1 1 10 12 1 1 9 12 1 1 9 10 12 1 1 10 12 1 1 10 12 1 1 10 12 1 9 12 1 1 7 1 10 12 1 10 12 1 10 100 12 1 1 1 100 1 9 12 1 1 7 1 10 9 12 7 1 10 100 1 10 11 7 12 1 1 1 100 1 10 11 100 12 1 1 11 100 12 1 1 1 10 12 1 100 1 100 1 10 12 1 10 12 1 10 12 1 10 100 12 1 1 10 12 1 1 10 12 1 1 10 100 12 1 1 1 8 10 100 12 1 1 1 100 1 10 4 10 100 12 1 1 1 4 10 12 1 10 100 12 1 1 1 10 12 1 8 1 4 10 100 12 1 1 1 100 1 11 100 12 1 1 1 10 12 1 10 12 1 10 10 12 1 1 100 1 100 1 1 1 1 5 0 1 3 1 1 1 3 1 3 1 3 1 1 1 1 1 1 1 1 1 1 1 1 1 1 1 1 1 1 1 1 1 1 100 1 1 1 1 1 1 1 1 1 1 1 1 1 1 1 1 1 1 1 1 1 1 1 1 1 1 1 1 1 1 1 1 100 1 1 1 1 1 1 1 1 1 1 1 1 1 1 1 1 1 1 1 1 1 1 1 1 1 1 1 1 1 1 1 1 1 1 1 1 1 1 1 1 1 1 1 1 1 1 1 1 1 1 100 1 1 1 1 1 1 1 1 1 1 1 1 1 1 1 1 1 1 1 1 1 1 1 1 1 1 1 1 1 1 1 1 1 1 1 1 1 1 1 1 1 1 1 1 1 1 1 1 100 1 1 1 1 1 1 1 1 100 1 1 1 1 1 1 1 1 1 1 1 1 1 1 100 1 100 1 100 1 100 1 100 1 100 1 100 1 100 1 1 1 1 1 1 1 1 1 1 1 1 1 1 1 1 1 1
ciMethod java/util/HashMap get (Ljava/lang/Object;)Ljava/lang/Object; 1024 0 9704 0 1504
ciMethod java/util/HashMap isEmpty ()Z 512 0 540887 0 96
ciMethod java/util/HashMap containsKey (Ljava/lang/Object;)Z 50 0 1251316 0 1536
instanceKlass java/lang/invoke/DirectMethodHandle$Interface
instanceKlass java/lang/invoke/DirectMethodHandle$Special
instanceKlass java/lang/invoke/DirectMethodHandle$Constructor
instanceKlass java/lang/invoke/DirectMethodHandle$Accessor
ciInstanceKlass java/lang/invoke/DirectMethodHandle 1 1 940 7 1 7 1 100 1 7 1 7 1 10 7 12 1 1 1 10 7 12 1 1 1 100 1 10 12 1 10 12 1 1 10 7 12 1 1 10 12 1 1 10 12 1 10 12 1 7 1 10 12 1 1 10 12 1 1 10 12 1 10 12 1 1 10 7 12 1 1 1 10 12 1 9 12 1 1 100 1 10 9 12 1 1 9 12 1 10 12 1 10 12 1 10 12 1 1 10 12 1 10 12 1 10 12 1 10 7 12 1 1 1 10 12 1 10 12 1 1 8 1 10 12 1 1 7 1 10 12 1 7 1 10 10 12 1 10 12 1 10 12 1 10 7 12 1 1 1 10 12 1 1 100 1 10 12 1 10 12 1 7 1 10 12 1 10 12 1 1 10 12 1 1 10 12 1 8 10 100 12 1 1 1 10 12 1 10 12 1 10 12 1 1 10 12 1 9 7 12 1 1 1 7 1 10 12 1 10 7 12 1 1 1 10 12 1 10 12 1 1 9 12 1 1 100 1 10 8 1 10 12 1 1 10 12 1 10 12 1 10 10 12 1 10 12 1 10 12 1 10 12 1 10 12 1 1 10 12 1 10 12 1 1 10 12 1 10 12 1 1 10 10 7 12 1 1 1 10 12 1 10 12 1 1 10 12 1 10 12 1 1 8 1 9 7 12 1 1 1 8 1 9 12 1 9 12 1 8 1 9 12 1 9 12 1 8 1 9 12 1 9 12 1 8 1 10 12 1 10 12 1 1 9 12 1 1 7 1 10 12 1 1 100 1 10 7 12 1 1 1 10 12 1 1 10 12 1 10 12 1 1 7 1 10 12 1 1 10 12 1 10 12 1 1 7 1 10 12 1 1 10 7 12 1 1 1 10 12 1 10 12 1 10 12 1 9 12 1 1 10 7 1 9 12 9 12 1 10 7 12 1 1 1 10 12 1 7 1 7 1 7 1 9 12 1 1 10 7 12 1 10 12 1 1 10 12 1 100 1 10 12 1 10 12 1 1 9 100 12 1 1 1 10 12 1 1 100 1 10 100 12 1 1 1 10 12 1 10 12 1 8 1 9 12 1 9 12 1 10 12 1 9 12 1 1 10 100 12 1 1 1 9 12 1 1 9 12 1 1 10 12 1 10 12 1 10 12 1 10 12 1 10 12 1 1 10 12 1 10 7 12 1 1 9 12 1 10 12 1 10 12 1 10 12 1 10 12 1 1 10 12 1 1 9 12 1 1 10 12 1 1 9 7 12 1 1 1 9 12 1 9 12 1 9 12 1 9 12 1 9 12 1 9 12 1 9 12 1 9 12 1 9 12 1 9 12 1 9 12 1 9 12 1 9 12 1 9 12 1 9 12 1 9 12 1 9 12 1 9 12 1 9 12 1 9 12 1 9 12 1 9 12 1 9 12 1 9 12 1 9 12 1 9 12 1 9 12 1 9 12 1 9 12 1 9 12 1 9 12 1 9 12 1 9 12 1 9 12 1 9 12 1 9 12 1 8 1 9 12 1 1 9 12 1 1 10 12 1 10 12 1 1 9 7 1 10 12 1 9 12 1 1 10 12 10 12 1 10 12 1 10 12 1 10 8 1 8 1 8 1 8 1 10 12 1 1 9 12 1 1 10 12 1 10 100 12 1 1 1 8 9 12 1 1 10 12 1 1 8 1 8 8 9 12 1 8 1 8 8 8 8 8 1 8 10 12 1 10 12 1 8 1 8 1 10 12 1 10 12 1 10 12 1 10 12 1 1 7 1 1 1 1 3 1 3 1 3 1 3 1 3 1 3 1 3 1 3 1 3 1 3 1 1 1 1 1 1 1 1 1 1 3 1 3 1 1 1 1 3 1 1 1 1 1 1 1 1 1 1 1 1 1 1 1 1 1 1 1 1 1 1 1 1 1 1 1 1 1 1 1 1 1 1 1 1 1 1 1 1 1 1 1 1 1 1 1 1 1 1 1 1 1 1 1 1 100 1 1 1 1 1 1 1 1 1 1 1 1 100 1 1 1 1 1 1 1 1 1 1 1 1 1 1 1 1 1 1 1 1 1 1 1 1 1 1 1 1 1 1 1 1 1 1 1 1 1 1 1 1 1 1 1 1 1 1 1 1 1 1 1
staticfield java/lang/invoke/DirectMethodHandle IMPL_NAMES Ljava/lang/invoke/MemberName$Factory; java/lang/invoke/MemberName$Factory
staticfield java/lang/invoke/DirectMethodHandle FT_UNCHECKED_REF I 8
staticfield java/lang/invoke/DirectMethodHandle ACCESSOR_FORMS [Ljava/lang/invoke/LambdaForm; 132 [Ljava/lang/invoke/LambdaForm;
staticfield java/lang/invoke/DirectMethodHandle ALL_WRAPPERS [Lsun/invoke/util/Wrapper; 10 [Lsun/invoke/util/Wrapper;
staticfield java/lang/invoke/DirectMethodHandle NFS [Ljava/lang/invoke/LambdaForm$NamedFunction; 12 [Ljava/lang/invoke/LambdaForm$NamedFunction;
staticfield java/lang/invoke/DirectMethodHandle OBJ_OBJ_TYPE Ljava/lang/invoke/MethodType; java/lang/invoke/MethodType
staticfield java/lang/invoke/DirectMethodHandle LONG_OBJ_TYPE Ljava/lang/invoke/MethodType; java/lang/invoke/MethodType
staticfield java/lang/invoke/DirectMethodHandle $assertionsDisabled Z 1
ciInstanceKlass java/lang/invoke/LambdaForm 1 1 1052 100 1 9 7 12 1 1 1 10 7 12 1 1 1 10 7 12 1 1 9 12 1 1 9 12 1 1 10 12 1 1 100 1 10 9 12 1 10 12 1 1 9 12 1 10 7 12 1 1 1 9 12 1 9 12 1 9 12 1 1 9 12 1 10 12 1 1 7 1 10 12 1 10 100 12 1 1 1 10 100 12 1 1 1 10 12 1 10 12 1 1 9 100 12 1 1 1 10 12 1 1 9 12 1 10 12 1 1 10 12 1 10 12 1 1 10 12 1 1 10 100 12 1 1 1 7 1 10 10 12 1 1 8 1 10 12 1 10 12 1 10 12 1 1 7 1 10 7 12 1 1 1 10 12 1 1 10 12 1 10 12 1 1 9 12 1 1 9 12 1 9 12 1 1 10 12 1 9 12 1 10 100 12 1 1 1 10 12 1 1 10 12 1 9 12 1 1 10 100 12 1 1 1 10 12 1 10 12 1 10 12 1 10 12 1 10 12 1 10 12 1 1 10 12 1 10 12 1 1 8 1 10 12 1 10 12 1 8 1 8 1 9 12 1 9 12 1 9 12 1 1 10 12 1 1 10 12 1 9 12 1 10 12 1 1 10 7 12 1 1 1 10 12 1 1 10 12 1 10 12 1 10 12 1 1 9 12 1 10 12 1 8 1 8 1 8 1 8 1 8 1 8 1 8 1 8 1 10 12 1 9 12 1 7 1 10 12 1 1 9 12 1 10 12 1 10 12 1 1 10 12 10 12 1 10 12 1 1 10 12 1 1 10 10 12 1 1 10 12 1 1 7 1 8 1 10 12 1 1 10 12 1 10 12 1 1 10 8 1 10 12 1 1 8 1 8 1 8 1 10 12 1 9 12 1 1 10 12 1 1 10 12 1 1 100 1 10 12 1 1 10 12 1 10 7 12 1 1 1 10 12 1 1 9 12 1 1 8 1 10 100 12 1 1 1 10 7 12 1 1 10 12 10 10 12 1 1 9 12 1 8 10 12 1 1 100 1 10 12 1 1 10 12 1 9 7 12 1 1 9 12 1 1 8 1 10 100 12 1 1 10 12 1 1 100 1 100 1 10 10 12 1 1 10 12 1 1 8 1 8 1 100 1 8 1 10 12 10 12 1 10 12 1 10 12 1 1 8 1 8 1 9 100 12 1 1 1 10 12 1 10 12 1 1 8 1 8 1 8 1 100 1 8 1 100 1 8 1 100 1 8 1 10 12 1 8 1 9 10 7 12 1 1 1 10 12 1 9 12 1 1 10 12 1 10 10 12 1 10 12 1 10 12 1 10 12 1 1 10 12 1 10 12 1 1 10 12 1 1 10 12 1 1 8 1 100 10 12 1 10 12 1 9 12 1 1 10 7 12 1 1 8 1 8 1 100 1 8 1 8 1 8 1 8 1 8 1 8 1 8 1 8 1 10 12 1 1 10 12 1 1 10 12 1 10 12 1 8 1 8 1 8 1 10 12 1 8 1 10 12 1 8 1 8 1 8 1 8 1 8 1 10 12 1 10 12 1 10 12 1 1 10 7 12 1 1 1 10 12 1 10 12 1 10 12 1 10 12 1 10 12 1 10 12 1 10 12 1 9 12 1 1 8 1 10 12 1 1 9 12 1 1 10 12 1 1 9 12 1 9 12 1 1 9 12 1 9 12 1 1 7 1 10 7 12 1 1 1 9 12 1 10 12 1 10 12 1 8 1 10 12 1 9 12 1 1 7 1 10 7 12 1 1 1 8 1 100 1 10 12 1 9 12 1 9 12 1 10 12 1 10 12 1 10 7 12 1 1 1 10 12 1 9 7 12 1 1 10 12 1 1 10 12 1 10 12 1 9 12 10 12 1 10 10 12 1 9 9 12 1 7 9 12 1 1 10 12 1 1 9 12 1 10 12 1 10 7 1 9 1 1 1 1 3 1 3 1 3 1 1 1 1 1 1 1 1 1 1 1 1 1 1 1 1 1 1 1 1 1 1 1 1 1 1 1 1 1 1 1 1 1 1 1 1 1 1 1 1 1 1 1 1 1 1 1 1 1 1 1 1 1 1 1 1 100 1 1 1 1 1 1 1 1 1 1 1 1 1 1 1 1 1 1 1 1 1 1 1 1 1 1 1 1 1 1 1 1 1 1 1 1 1 1 1 1 1 1 1 1 1 1 1 1 1 1 1 1 1 1 1 1 1 1 1 100 1 1 1 1 1 1 1 1 1 1 1 1 1 1 1 1 1 1 1 1 1 1 1 1 1 1 1 1 1 1 1 1 1 1 100 1 1 1 1 1 1 1 1 1 1 1 1 1 1 1 1 1 1 1 1 1 1 100 1 1 1 100 1 1 100 1 1 1 1 1 1 1 1 1 1 1
staticfield java/lang/invoke/LambdaForm COMPILE_THRESHOLD I 0
staticfield java/lang/invoke/LambdaForm INTERNED_ARGUMENTS [[Ljava/lang/invoke/LambdaForm$Name; 5 [[Ljava/lang/invoke/LambdaForm$Name;
staticfield java/lang/invoke/LambdaForm IMPL_NAMES Ljava/lang/invoke/MemberName$Factory; java/lang/invoke/MemberName$Factory
staticfield java/lang/invoke/LambdaForm LF_identity [Ljava/lang/invoke/LambdaForm; 6 [Ljava/lang/invoke/LambdaForm;
staticfield java/lang/invoke/LambdaForm LF_zero [Ljava/lang/invoke/LambdaForm; 6 [Ljava/lang/invoke/LambdaForm;
staticfield java/lang/invoke/LambdaForm NF_identity [Ljava/lang/invoke/LambdaForm$NamedFunction; 6 [Ljava/lang/invoke/LambdaForm$NamedFunction;
staticfield java/lang/invoke/LambdaForm NF_zero [Ljava/lang/invoke/LambdaForm$NamedFunction; 6 [Ljava/lang/invoke/LambdaForm$NamedFunction;
staticfield java/lang/invoke/LambdaForm createFormsLock Ljava/lang/Object; java/lang/Object
staticfield java/lang/invoke/LambdaForm DEBUG_NAME_COUNTERS Ljava/util/HashMap; null
staticfield java/lang/invoke/LambdaForm DEBUG_NAMES Ljava/util/HashMap; null
staticfield java/lang/invoke/LambdaForm TRACE_INTERPRETER Z 0
staticfield java/lang/invoke/LambdaForm $assertionsDisabled Z 1
ciInstanceKlass java/lang/invoke/MethodHandleNatives 1 1 684 100 1 10 7 12 1 1 1 9 7 12 1 1 1 10 12 1 1 100 1 10 10 12 1 1 10 12 1 10 12 1 8 1 8 1 8 1 8 1 8 1 8 1 8 1 8 1 8 1 8 1 10 12 1 1 7 1 10 7 12 1 1 1 10 100 12 1 1 1 7 1 10 10 12 1 1 8 1 10 12 1 8 1 10 12 1 1 8 1 10 12 1 1 9 100 12 1 1 1 8 1 10 100 12 1 1 1 100 1 10 12 100 1 100 1 8 1 7 1 10 10 12 1 7 1 9 7 12 1 1 10 12 1 1 10 12 1 10 7 12 1 1 1 7 1 10 12 1 1 10 7 12 1 1 1 10 12 1 10 12 1 1 10 12 1 1 9 12 1 8 1 10 12 1 8 1 10 12 1 8 1 8 1 8 1 100 1 10 12 1 8 1 10 12 1 1 10 12 1 10 100 12 1 1 1 100 1 8 1 10 100 12 1 1 1 7 1 8 1 10 12 1 8 1 8 1 8 1 8 1 8 1 10 12 1 1 10 12 1 1 10 12 1 10 12 1 1 10 12 1 1 7 1 10 12 1 100 1 100 1 10 12 1 10 12 1 8 1 8 1 10 10 12 1 1 10 12 1 1 8 1 10 100 12 1 1 1 8 1 8 1 10 12 1 1 10 7 12 1 1 1 100 1 10 12 1 1 7 1 9 12 1 1 10 7 12 1 1 1 10 10 12 1 9 12 1 10 12 1 1 9 12 1 9 12 1 10 12 1 1 10 12 1 10 12 1 1 7 1 7 1 10 12 1 1 10 12 1 10 12 1 1 10 7 12 1 1 1 10 12 1 8 1 10 12 1 10 12 1 10 12 1 1 10 12 1 10 7 12 1 1 1 10 12 1 1 100 1 8 1 10 9 7 12 1 1 1 10 12 1 1 10 12 1 1 100 1 10 12 1 1 10 12 1 1 100 1 100 1 10 10 100 1 100 1 10 100 1 10 10 12 1 1 10 100 1 10 12 1 10 12 1 10 12 1 1 10 12 1 1 10 12 1 1 10 12 1 10 12 1 1 10 8 1 100 1 10 12 1 10 12 1 10 12 1 10 12 1 10 12 1 1 10 12 1 9 12 1 1 10 7 12 1 1 1 9 12 1 1 11 7 12 1 1 1 10 12 1 10 12 1 10 10 12 1 10 7 12 1 1 1 1 1 1 1 1 1 1 1 1 1 1 1 100 1 1 1 1 1 1 1 1 1 1 1 1 1 1 1 1 1 1 1 1 1 1 1 1 1 1 1 1 1 1 1 1 1 1 1 1 1 1 1 1 1 1 1 1 1 1 1 1 1 1 1 1 1 1 1 1 1 1 1 1 1 1 1 1 1 1 1 1 1 1 1 1 1 1 1 1 1 1 1 1 1 1 1 1 1 1 1 1 1 1 1 1 1 1 1 1 1 1 100 1 1 1 1 1 1 1 1 1 1 1 1 1 1 1 1 1 1 1 1 1 1 1 1 1 1 1 1 100 1 1 1 1 1 1 1 100 1 1 1
staticfield java/lang/invoke/MethodHandleNatives JLA Ljdk/internal/access/JavaLangAccess; java/lang/System$2
staticfield java/lang/invoke/MethodHandleNatives $assertionsDisabled Z 1
ciInstanceKlass java/util/Collections 1 1 852 10 7 12 1 1 1 11 100 12 1 1 1 7 1 11 12 1 1 7 1 10 12 1 1 10 12 1 11 12 1 1 100 1 11 12 1 1 11 12 1 1 10 12 1 11 100 12 1 1 11 12 1 1 11 12 1 10 12 1 10 12 1 10 12 11 100 12 1 1 1 10 12 1 1 11 12 1 11 12 1 1 9 12 1 1 100 1 10 10 12 1 1 10 12 1 1 11 12 1 1 10 12 1 11 12 1 100 1 8 1 10 12 1 11 7 12 1 1 1 11 100 1 11 12 1 1 10 12 1 1 10 12 1 10 12 1 1 10 12 1 11 12 1 1 10 12 1 1 10 12 1 1 10 12 1 1 10 12 1 1 7 1 10 12 1 7 1 10 12 1 100 1 10 12 1 100 1 10 12 1 7 1 7 1 10 12 10 7 1 10 12 1 100 1 10 12 1 100 1 10 12 1 100 1 10 10 12 1 7 1 10 10 12 1 100 1 10 100 1 10 7 1 10 100 1 10 10 12 1 10 7 1 10 100 1 10 100 1 10 100 1 10 12 1 10 100 12 1 1 1 100 1 100 1 10 12 1 100 1 10 12 1 100 1 10 12 1 100 1 10 12 1 100 1 10 12 1 100 1 10 100 1 10 12 1 100 1 10 12 1 100 1 10 12 1 9 7 12 1 1 1 9 100 12 1 1 9 7 12 1 1 1 9 12 1 1 9 12 1 1 9 12 1 1 9 12 1 1 9 12 1 1 7 1 10 12 7 1 10 7 1 10 7 1 10 100 1 10 12 1 100 1 100 1 10 8 1 10 12 1 1 10 12 1 10 12 1 1 10 7 1 10 12 1 9 100 12 1 1 1 9 100 12 1 1 1 100 1 9 12 1 1 10 12 7 1 10 100 1 10 11 100 12 1 1 11 12 1 10 12 1 100 1 11 11 12 1 11 7 1 10 100 1 10 100 12 1 1 1 100 1 10 12 1 7 1 10 7 1 10 7 1 10 1 1 1 3 1 3 1 3 1 3 1 3 1 3 1 3 1 3 1 1 1 1 1 1 1 1 1 1 1 1 1 1 1 1 1 1 1 1 1 1 1 1 1 1 1 1 1 1 1 1 1 1 1 1 1 1 1 1 1 1 1 1 1 1 1 1 1 1 1 1 1 1 1 1 1 1 1 1 1 1 1 1 1 1 1 1 1 1 1 1 1 1 1 1 1 1 1 1 1 1 1 1 1 1 1 1 1 1 1 1 1 1 1 1 1 1 1 1 1 1 1 1 1 1 1 1 1 1 1 1 1 1 1 1 1 1 1 1 1 1 1 1 1 1 1 1 1 1 1 1 1 1 1 1 1 1 1 1 1 1 1 1 1 1 1 1 1 1 1 1 1 1 1 1 1 1 1 1 1 1 1 1 1 1 1 1 1 1 1 1 1 1 1 1 1 1 1 1 1 1 1 1 1 1 1 1 1 1 1 1 1 1 1 1 1 1 1 1 1 1 1 1 1 1 1 1 1 1 1 1 1 1 1 1 1 1 1 1 1 1 1 1 1 1 1 1 1 1 1 1 1 1 1 1 1 1 1 1 1 1 1 1 1 1 1 1 1 1 1 1 1 1 1 1 1 1 1 1 1 1 1 1 1 1 1 1 1 1 1 1 1 1 1 1 1 1 1 1 1 1 1 1 1 1 1 1 1 1 1 1 1 1 1 1 1 1 1 1 1 1 1 1 1 1 1 1 1 1 1 100 1 100 1 100 1 100 1 100 1 100 1 100 1 100 1 100 1 100 1 100 1 100 1 100 1 1 1 1 1 1 1 1 1 1 1 1 1 1 1 1 1 1 1 1 1 1 1 1 1 1 1 1 1 1 1 1 1 1 1 1 1 1 1 100 1 1 1 1 1 1 1 1 1 1 1 1 1 1
staticfield java/util/Collections EMPTY_SET Ljava/util/Set; java/util/Collections$EmptySet
staticfield java/util/Collections EMPTY_LIST Ljava/util/List; java/util/Collections$EmptyList
staticfield java/util/Collections EMPTY_MAP Ljava/util/Map; java/util/Collections$EmptyMap
ciInstanceKlass jdk/internal/reflect/CallerSensitive 0 0 17 100 1 100 1 100 1 1 1 1 1 1 1 1 1 1 1
ciInstanceKlass jdk/internal/reflect/ConstantPool 1 1 142 10 100 12 1 1 1 9 7 12 1 1 1 10 12 1 1 10 12 1 1 10 12 1 10 12 1 1 10 12 1 1 10 12 1 10 12 1 1 10 12 1 10 12 1 1 10 12 1 10 12 1 10 12 1 10 12 1 1 10 12 1 1 10 12 1 1 10 12 1 1 10 12 1 10 12 1 1 10 100 12 1 1 1 8 11 7 12 1 1 1 10 7 12 1 1 1 1 1 1 1 1 1 1 1 1 1 1 1 1 1 1 1 1 1 1 1 1 1 1 1 1 1 1 1 1 1 1 1 1 1 1 1 1 1 1 1 1 1 1 1 1
ciInstanceKlass jdk/internal/reflect/UnsafeStaticFieldAccessorImpl 0 0 47 10 100 12 1 1 1 9 100 12 1 1 1 10 100 12 1 1 1 9 12 1 1 8 11 100 12 1 1 1 10 100 12 1 1 1 1 1 1 1 1 1 1 1 1 1 1
instanceKlass jdk/internal/reflect/UnsafeFieldAccessorImpl
ciInstanceKlass jdk/internal/reflect/FieldAccessorImpl 1 1 59 10 100 12 1 1 1 100 1 100 1 1 1 1 1 1 1 1 1 100 1 1 1 1 1 1 1 1 1 1 1 1 1 1 1 1 1 1 1 100 1 1 1 1 1 1 1 1 1 1 1 1 1 1 1 1 1 1 1
instanceKlass jdk/internal/reflect/UnsafeStaticFieldAccessorImpl
ciInstanceKlass jdk/internal/reflect/UnsafeFieldAccessorImpl 1 1 254 10 100 12 1 1 1 9 7 12 1 1 1 10 100 12 1 1 1 10 100 12 1 1 1 9 12 1 1 10 7 12 1 1 1 9 12 1 1 10 12 1 10 12 1 9 12 1 10 12 1 1 10 100 12 1 1 10 100 12 1 1 1 10 12 1 1 100 1 10 10 12 1 1 10 12 1 1 8 1 10 10 12 1 100 1 8 1 10 12 1 8 1 10 12 1 8 1 10 12 1 100 1 10 12 1 1 10 8 1 10 12 1 1 8 1 10 100 12 1 1 8 1 10 100 12 1 1 8 1 10 100 12 1 1 8 1 10 100 12 1 1 8 1 10 100 12 1 1 8 1 10 100 12 1 1 8 1 10 100 12 1 1 8 1 10 100 12 1 1 10 12 1 1 8 1 8 1 8 1 8 1 8 1 8 1 10 100 12 1 1 1 8 1 8 1 8 1 10 12 10 12 1 1 1 1 1 1 1 1 1 1 1 1 1 1 1 1 1 1 1 1 1 1 1 1 1 1 1 1 1 1 1 1 1 1 1 1 1 1 1 1 1 1 1 1 1 1 1 1 1 1 1 1
staticfield jdk/internal/reflect/UnsafeFieldAccessorImpl unsafe Ljdk/internal/misc/Unsafe; jdk/internal/misc/Unsafe
ciInstanceKlass jdk/internal/reflect/NativeConstructorAccessorImpl 1 1 126 10 7 12 1 1 1 9 7 12 1 1 1 9 12 1 1 10 7 12 1 1 1 10 7 12 1 1 1 10 7 12 1 1 1 9 12 1 9 12 1 1 9 12 1 1 10 7 12 1 1 1 7 1 10 10 12 1 1 10 12 1 10 12 1 10 12 1 1 9 12 1 1 10 7 12 1 1 1 100 1 10 12 1 1 10 12 1 1 8 10 12 1 1 1 1 1 1 1 1 1 1 1 1 1 1 1 1 1 1 1 1 1 1 100 1 100 1 100 1 1 1 1 1 1 1
staticfield jdk/internal/reflect/NativeConstructorAccessorImpl U Ljdk/internal/misc/Unsafe; jdk/internal/misc/Unsafe
staticfield jdk/internal/reflect/NativeConstructorAccessorImpl GENERATED_OFFSET J 16
ciInstanceKlass java/lang/invoke/ConstantCallSite 1 1 65 10 7 12 1 1 1 9 7 12 1 1 1 9 12 1 1 10 7 12 1 1 1 10 12 1 100 1 10 12 9 12 1 1 100 1 10 10 12 1 1 10 12 1 1 1 1 1 1 1 1 1 1 1 1 1 100 1 1 1 1 1 1 1 1
staticfield java/lang/invoke/ConstantCallSite UNSAFE Ljdk/internal/misc/Unsafe; jdk/internal/misc/Unsafe
ciInstanceKlass java/lang/invoke/MutableCallSite 0 0 63 10 100 12 1 1 1 10 12 1 9 100 12 1 1 1 10 12 1 10 12 1 1 9 12 1 1 10 100 12 1 1 1 10 100 12 1 1 1 10 12 1 1 1 1 1 1 1 1 1 1 1 1 1 1 1 1 1 1 100 1 1 1
instanceKlass java/lang/invoke/VarHandleReferences$Array
instanceKlass java/lang/invoke/VarHandleReferences$FieldInstanceReadOnly
instanceKlass java/lang/invoke/VarHandleInts$FieldStaticReadOnly
instanceKlass java/lang/invoke/VarHandleLongs$FieldInstanceReadOnly
instanceKlass java/lang/invoke/VarHandleInts$FieldInstanceReadOnly
instanceKlass java/lang/invoke/VarHandleByteArrayAsLongs$ByteArrayViewVarHandle
instanceKlass java/lang/invoke/VarHandleByteArrayAsInts$ByteArrayViewVarHandle
instanceKlass java/lang/invoke/VarHandleReferences$FieldStaticReadOnly
ciInstanceKlass java/lang/invoke/VarHandle 1 1 390 10 7 12 1 1 1 10 7 12 1 1 9 12 1 1 9 12 1 1 100 1 10 8 1 10 12 1 1 10 7 12 1 1 1 10 12 1 1 10 100 12 1 1 1 9 100 12 1 1 1 10 12 1 1 10 100 12 1 1 1 10 12 1 1 9 12 1 10 12 1 9 12 1 1 10 7 12 1 1 10 12 1 9 7 12 1 1 1 9 12 1 1 10 12 1 1 100 1 100 1 10 8 1 10 12 1 1 10 12 1 8 1 10 12 1 10 12 1 10 12 1 1 9 7 12 1 1 1 10 12 1 10 12 1 1 10 12 1 10 10 100 12 1 1 1 10 12 1 1 10 12 1 1 10 100 12 1 1 1 10 100 12 1 1 1 10 100 12 1 1 1 9 12 1 1 10 9 12 1 1 10 12 1 10 12 1 10 12 1 1 10 12 1 10 100 12 1 1 1 9 12 1 1 10 12 1 1 9 12 1 10 12 1 10 12 1 10 100 12 1 1 100 1 10 9 7 12 1 1 1 9 12 1 1 10 7 12 1 1 1 10 12 1 10 12 1 10 12 1 10 12 1 10 12 1 10 12 1 1 7 1 10 10 7 12 1 1 1 9 12 1 1 8 10 12 1 1 7 1 10 12 1 1 100 1 1 1 1 1 1 1 1 1 1 1 1 1 1 1 1 1 1 1 1 1 1 1 1 1 1 1 1 1 1 1 1 1 1 1 1 1 1 1 1 1 1 1 1 1 1 1 1 1 1 1 1 1 1 1 1 1 1 1 1 1 1 1 1 1 1 1 1 1 1 1 1 1 1 1 1 1 1 1 1 1 1 1 1 1 1 1 1 1 100 1 100 1 100 1 1 1 1 1 1 1 100 1 1 1
staticfield java/lang/invoke/VarHandle AIOOBE_SUPPLIER Ljava/util/function/BiFunction; jdk/internal/util/Preconditions$1
staticfield java/lang/invoke/VarHandle VFORM_OFFSET J 16
staticfield java/lang/invoke/VarHandle $assertionsDisabled Z 1
ciInstanceKlass java/lang/invoke/MemberName 1 1 757 7 1 7 1 100 1 9 12 1 1 10 7 12 1 1 1 9 12 1 1 10 12 1 1 10 12 1 1 10 12 1 1 10 12 1 10 12 1 1 10 7 12 1 1 1 10 12 1 9 100 12 1 1 10 12 1 100 1 100 1 10 12 1 8 1 10 12 1 1 10 12 1 10 12 1 1 10 12 1 9 12 1 1 8 1 10 100 12 1 1 1 7 1 10 10 12 1 1 100 1 100 1 10 12 1 1 9 12 1 1 100 1 8 1 10 12 1 10 12 1 10 12 1 10 12 1 10 12 1 1 10 12 1 10 12 1 10 12 1 1 10 12 1 1 10 12 1 8 1 8 1 8 1 10 100 12 1 1 1 10 12 1 9 12 1 1 3 10 12 1 10 12 1 10 12 1 10 10 7 12 1 1 1 10 12 1 10 12 1 10 12 1 10 12 1 7 1 8 10 12 1 1 10 12 1 1 8 1 9 100 1 8 9 100 1 10 12 1 1 10 12 1 10 12 1 8 1 10 12 1 1 10 12 1 10 12 1 10 12 1 10 12 1 1 100 1 10 12 1 1 10 12 1 8 1 10 12 1 10 12 1 8 1 10 12 1 1 10 12 1 1 100 1 10 12 1 1 10 12 8 1 8 1 100 1 10 12 1 10 100 12 1 1 1 100 1 10 12 10 12 1 10 12 1 10 12 1 10 12 1 10 10 12 1 10 12 1 10 12 1 3 10 12 1 3 10 12 1 3 3 3 3 3 3 3 100 1 10 12 1 10 7 12 1 1 1 10 12 1 3 9 12 1 10 12 1 1 3 10 12 1 10 10 7 12 1 1 1 10 12 1 1 10 100 1 10 10 12 1 10 12 1 10 12 1 10 10 12 1 1 10 12 1 10 12 1 10 12 1 100 1 10 10 10 12 100 1 10 10 10 12 1 1 10 12 1 1 10 10 12 1 8 10 100 1 10 12 1 10 100 1 10 12 1 10 12 1 10 12 1 10 10 12 1 10 12 1 1 10 12 1 1 10 12 1 10 12 1 10 12 1 100 1 10 12 1 1 100 1 8 1 10 7 1 10 12 1 10 12 10 12 1 1 10 12 1 10 12 1 8 1 8 1 8 1 8 1 10 12 1 10 12 1 10 12 1 1 8 1 8 1 10 12 1 8 1 10 10 12 1 10 12 1 8 1 8 1 10 10 12 1 8 1 10 100 12 1 1 1 8 1 10 12 1 10 12 1 1 10 12 1 8 1 8 1 8 1 8 1 100 1 10 8 1 8 1 8 1 8 1 10 12 1 100 1 100 1 100 1 10 100 1 10 100 1 10 100 12 1 1 1 9 7 12 1 1 1 100 1 100 1 1 1 1 1 1 1 3 1 3 1 3 1 3 1 3 1 3 1 1 1 1 1 1 1 1 3 1 3 1 1 1 1 3 1 1 1 1 1 1 1 1 1 1 1 1 1 1 1 1 1 1 1 1 1 1 1 1 1 1 1 1 1 1 1 1 1 1 1 1 1 1 1 1 1 1 1 1 1 1 1 1 1 1 1 1 1 1 1 1 1 1 1 1 1 1 1 1 1 1 1 1 1 1 1 1 1 1 1 1 1 1 1 1 1 1 1 1 1 1 1 1 1 1 1 1 1 1 1 1 1 1 1 1 1 1 1 1 1 1 100 1 1 1 1 1 1 1 1 1 1 1 1 1 1 1
staticfield java/lang/invoke/MemberName $assertionsDisabled Z 1
ciInstanceKlass java/lang/invoke/ResolvedMethodName 1 1 16 10 100 12 1 1 1 100 1 1 1 1 1 1 1 1
ciInstanceKlass java/lang/StackWalker 0 0 235 9 100 12 1 1 1 10 100 12 1 1 1 100 1 10 100 12 1 1 1 10 12 1 1 11 100 12 1 1 1 10 12 1 1 10 12 1 1 10 12 1 1 100 1 8 1 10 12 1 10 12 1 10 12 1 10 100 12 1 1 9 12 1 1 9 12 1 1 9 12 1 1 9 12 1 1 10 12 1 1 9 12 1 1 10 100 12 1 1 1 11 12 1 1 100 1 8 1 10 10 100 12 1 1 9 12 1 1 10 12 1 1 10 100 12 1 1 1 10 100 12 1 1 1 18 12 1 1 100 1 8 1 10 10 12 1 1 10 100 12 1 1 1 9 100 12 1 1 11 100 12 1 1 1 10 12 1 1 1 1 1 1 1 1 1 1 1 1 1 1 1 1 1 1 1 1 1 1 1 1 1 1 1 1 1 1 1 1 1 1 1 1 1 1 1 1 1 1 1 1 1 1 1 1 1 1 1 100 1 1 15 10 100 12 1 1 1 16 15 10 12 16 1 1 1 1 1 1 1 100 1 100 1 1
ciInstanceKlass java/lang/StackStreamFactory$AbstractStackWalker 1 0 306 100 1 100 1 3 10 100 12 1 1 1 10 100 12 1 1 10 100 12 1 1 1 9 12 1 1 10 12 1 1 9 12 1 1 9 12 1 1 9 12 1 1 9 12 1 9 100 12 1 1 1 10 100 12 1 1 1 10 12 1 1 9 12 1 1 10 100 12 1 1 1 10 12 1 1 9 12 1 1 9 100 12 1 1 1 100 1 10 8 1 10 12 1 1 10 12 1 8 1 10 12 1 1 10 100 12 1 1 1 100 1 8 1 10 12 1 8 1 10 12 9 100 12 1 1 1 10 100 12 1 1 9 12 1 8 1 5 0 8 1 8 1 9 12 1 1 10 12 1 1 10 12 1 1 10 12 1 9 12 1 10 12 1 10 12 1 10 12 1 10 12 1 1 10 12 1 10 12 1 1 8 1 10 12 1 10 12 1 10 12 1 10 12 1 1 8 1 10 12 1 1 10 12 1 1 10 12 1 1 10 12 1 10 12 1 10 100 12 1 1 1 9 12 1 8 1 10 12 1 10 12 1 10 12 1 10 12 1 10 12 1 10 12 1 10 12 1 1 10 12 1 1 10 12 1 1 10 12 1 8 1 1 1 1 1 1 1 1 1 1 1 1 1 1 1 1 1 1 100 1 1 1 1 100 1 1 1 1 1 1 1 1 1 1 1 1 1 1 1 1 1 1 1 1 1
ciInstanceKlass jdk/internal/module/Modules 1 1 504 10 100 12 1 1 1 9 7 12 1 1 1 11 7 12 1 1 1 11 12 1 1 11 12 1 1 11 12 1 1 11 12 1 11 12 1 11 12 1 11 12 1 11 12 1 1 10 100 12 1 1 1 10 100 12 1 1 1 18 12 1 1 10 100 12 1 1 1 100 1 10 100 12 1 1 1 10 100 12 1 1 1 10 100 12 1 1 10 12 1 1 11 12 1 9 12 1 1 11 100 12 1 1 1 10 12 1 1 10 10 12 1 10 9 12 1 1 10 100 12 1 1 10 12 1 1 10 100 12 1 1 100 1 11 100 12 1 1 1 10 100 12 1 1 1 11 100 12 1 1 10 12 1 1 10 100 12 1 1 10 100 12 1 1 1 10 12 1 1 10 12 1 1 11 12 1 1 18 12 1 1 11 100 12 1 1 10 100 12 1 1 1 11 100 12 1 1 1 100 1 11 12 1 1 11 100 12 1 1 1 11 12 1 1 10 12 1 1 10 100 12 1 1 18 12 1 1 11 12 1 1 18 12 1 1 11 12 1 1 10 12 1 18 18 10 12 1 1 9 12 1 1 11 100 12 1 1 1 100 1 10 11 12 1 11 12 1 1 11 12 1 1 10 100 1 10 12 1 1 10 100 12 1 1 10 12 1 1 11 12 10 12 1 1 100 1 10 18 12 1 10 12 1 1 100 1 8 1 10 12 1 10 100 12 1 1 18 12 1 11 11 12 10 12 1 10 10 100 1 18 12 1 10 10 10 7 12 1 1 10 7 12 1 1 1 10 12 1 1 1 1 1 1 1 1 1 1 1 1 1 1 1 1 1 1 1 1 1 1 1 1 1 1 1 1 1 1 1 1 1 100 1 1 1 1 1 1 1 1 1 1 1 1 1 1 1 1 1 1 1 1 1 1 1 1 1 1 1 1 1 1 1 1 1 1 1 100 1 1 1 1 1 1 1 1 1 1 1 1 1 1 1 1 1 1 1 1 1 1 1 15 10 100 12 1 1 1 16 15 10 12 1 16 16 15 10 12 1 16 1 16 1 15 10 12 1 16 1 16 1 15 10 12 16 1 15 10 16 1 15 10 12 16 1 15 10 12 16 15 10 12 16 15 10 12 1 1 1 100 1 100 1 1
staticfield jdk/internal/module/Modules JLA Ljdk/internal/access/JavaLangAccess; java/lang/System$2
staticfield jdk/internal/module/Modules JLMA Ljdk/internal/access/JavaLangModuleAccess; java/lang/module/ModuleDescriptor$1
staticfield jdk/internal/module/Modules $assertionsDisabled Z 1
ciInstanceKlass java/lang/invoke/Invokers$Holder 1 1 99 1 100 1 100 1 1 1 1 1 1 1 7 1 7 1 7 1 1 12 10 1 1 12 10 1 1 12 10 1 1 100 1 1 12 9 1 1 1 12 10 1 1 1 12 10 1 1 12 10 1 1 1 12 10 1 1 100 1 1 12 10 1 1 12 10 1 1 12 10 1 12 10 1 1 12 10 1 1 12 10 1 12 10 1 12 10 12 10 1 1 12 10 1 12 10 1 1 1
ciInstanceKlass java/lang/invoke/DirectMethodHandle$Holder 1 1 483 1 100 1 100 1 1 1 1 1 1 1 7 1 1 12 10 1 12 10 1 7 1 7 1 1 12 10 1 1 1 1 12 10 1 1 12 10 1 1 12 10 1 1 12 10 1 1 12 10 1 1 12 10 1 1 12 10 1 1 12 10 1 1 12 10 1 1 12 10 1 1 12 10 1 1 12 10 1 1 12 10 1 1 12 10 1 1 12 10 1 1 12 10 1 1 12 10 1 1 12 10 1 1 12 10 1 1 12 10 1 1 12 10 1 1 12 10 1 1 12 10 1 1 12 10 1 1 12 10 1 1 12 10 1 1 12 10 1 1 12 10 1 1 12 10 1 1 12 10 1 1 1 12 10 1 1 12 10 1 1 1 1 12 10 1 1 12 10 1 1 12 10 1 1 12 10 1 1 12 10 1 1 12 10 1 1 12 10 1 1 12 10 1 1 12 10 1 1 12 10 12 10 12 10 12 10 1 1 12 10 12 10 12 10 1 1 12 10 12 10 12 10 12 10 1 1 12 10 1 1 12 10 1 1 12 10 1 1 12 10 1 1 12 10 1 1 12 10 1 1 12 10 1 1 12 10 1 1 12 10 1 1 12 10 1 1 12 10 1 1 12 10 1 1 12 10 12 10 12 10 12 10 1 12 10 1 1 12 10 1 1 12 10 1 1 1 1 12 10 12 10 1 1 12 10 1 12 10 12 10 1 1 12 10 1 12 10 12 10 1 1 1 12 10 1 12 10 1 100 1 1 12 9 1 100 1 12 10 1 12 10 1 1 1 12 10 1 12 10 1 1 12 10 1 12 10 1 1 1 12 10 1 12 10 1 1 12 10 1 12 10 1 1 12 10 1 12 10 1 1 12 10 1 12 10 1 1 12 10 1 12 10 1 1 12 10 1 12 10 1 1 12 10 1 12 10 1 1 12 10 1 12 10 1 1 1 12 10 1 12 10 1 1 1 12 10 1 12 10 1 1 1 1 12 10 1 12 10 1 1 1 12 10 1 12 10 1 1 1 1 1 12 10 1 12 10 1 1 1 12 10 1 12 10 1 1 1 12 10 1 12 10 1 1 12 10 1 12 10 1 1 1
ciMethod java/lang/invoke/DirectMethodHandle$Holder newInvokeSpecial (Ljava/lang/Object;Ljava/lang/Object;Ljava/lang/Object;)Ljava/lang/Object; 1024 0 3181575 0 -1
ciMethod java/lang/invoke/Invokers$Holder linkToTargetMethod (Ljava/lang/Object;Ljava/lang/Object;Ljava/lang/Object;)Ljava/lang/Object; 4096 0 3182737 0 -1
ciMethod java/lang/invoke/Invokers$Holder linkToTargetMethod (Ljava/lang/Object;Ljava/lang/Object;)Ljava/lang/Object; 1024 0 5501346 0 -1
ciMethod java/lang/invoke/Invokers$Holder linkToTargetMethod (Ljava/lang/Object;)Ljava/lang/Object; 512 0 13194286 0 -1
ciInstanceKlass java/util/Comparator 1 1 288 10 100 12 1 1 1 10 7 12 1 1 1 18 12 1 1 7 1 7 1 11 12 1 1 11 12 1 11 12 1 11 12 1 1 11 12 1 1 11 12 1 1 10 12 1 9 100 12 1 1 1 100 1 10 12 1 1 18 12 1 18 12 18 12 18 12 18 12 10 100 12 1 1 1 10 100 12 1 1 1 8 1 10 12 1 1 8 1 8 1 8 1 8 1 8 1 10 12 1 10 12 1 8 10 100 1 10 12 1 8 10 12 1 8 1 10 12 1 10 12 1 8 1 10 12 1 1 100 1 8 1 100 1 8 1 8 1 100 1 8 1 8 1 7 1 100 1 8 1 10 12 1 11 12 1 1 10 100 12 1 1 11 12 1 1 10 100 12 1 1 11 12 1 1 10 7 12 1 1 11 12 1 100 1 11 12 1 11 12 1 1 1 1 1 1 1 1 1 1 1 1 1 1 1 1 1 1 1 1 1 1 1 1 1 1 1 1 1 1 1 1 1 1 1 1 1 1 1 1 1 1 1 1 1 1 1 1 1 1 1 1 1 1 1 1 1 1 1 1 15 10 7 12 1 1 1 16 15 11 12 3 3 15 11 12 15 11 12 15 11 12 15 11 12 15 11 12 1 100 1 1 1 100 1 100 1 1
ciInstanceKlass java/util/LinkedList$Node 1 1 39 10 7 12 1 1 1 9 7 12 1 1 1 9 12 1 1 9 12 1 1 1 1 1 1 1 1 1 1 1 1 1 1 1 1 100 1 1 1
ciInstanceKlass java/util/LinkedList 1 1 330 10 7 12 1 1 1 9 7 12 1 1 1 10 10 12 1 1 9 12 1 1 7 1 10 12 1 9 12 1 9 12 1 9 12 1 9 12 1 9 12 1 1 100 1 10 10 12 1 1 10 12 1 10 12 1 1 10 12 1 10 12 1 1 10 12 1 10 7 12 1 1 1 10 12 1 10 12 1 1 11 7 12 1 1 1 10 12 1 1 10 12 1 10 12 1 1 100 1 10 8 1 10 12 1 1 10 12 1 8 1 10 12 1 1 10 12 1 1 100 1 10 12 1 1 10 12 1 10 12 1 10 12 1 1 10 12 1 10 12 1 10 12 1 10 12 1 10 12 1 7 1 10 12 1 100 1 10 12 1 10 12 1 100 1 100 1 10 12 1 10 12 1 1 10 12 1 1 10 100 12 1 1 10 100 12 1 1 1 100 1 10 100 12 1 1 10 12 1 10 12 1 10 100 12 1 1 10 12 1 1 10 12 1 100 1 10 12 1 100 1 100 1 100 1 100 1 1 1 1 1 1 5 0 1 1 1 1 1 1 1 1 1 1 1 1 1 1 1 1 1 1 1 1 1 1 1 1 1 1 1 1 1 1 1 1 1 1 1 1 1 1 1 1 1 1 1 1 1 1 1 1 1 1 1 1 1 1 1 1 1 1 1 1 1 1 1 1 1 1 1 1 1 1 1 1 1 1 1 1 1 1 100 1 1 1 100 1 1 1 1 1 1 1 1 1 1 1 1 1
instanceKlass java/util/LinkedList
ciInstanceKlass java/util/AbstractSequentialList 1 1 110 10 7 12 1 1 1 10 7 12 1 1 1 11 100 12 1 1 1 100 1 100 1 100 1 10 8 1 10 12 1 1 10 12 1 10 12 1 1 10 12 1 11 12 1 1 11 12 1 11 12 1 11 100 12 1 1 1 11 100 12 1 1 1 11 10 12 1 1 1 1 1 1 1 1 1 1 1 1 1 1 1 1 1 1 1 1 1 1 1 1 1 1 1 1 1 1 1 1 1 1 1 1 1 1 1 1 1 1 1
ciMethod java/util/LinkedList remove (Ljava/lang/Object;)Z 736 146 59733 0 -1
ciMethod java/util/LinkedList size ()I 256 0 128 0 -1
ciMethod java/util/AbstractSequentialList iterator ()Ljava/util/Iterator; 512 0 2987722 0 512
ciMethod java/util/LinkedList listIterator (I)Ljava/util/ListIterator; 540 0 4190761 0 672
ciMethod java/util/LinkedList node (I)Ljava/util/LinkedList$Node; 1024 0 12446 0 256
ciInstanceKlass java/util/stream/Stream 1 1 446 10 100 12 1 1 1 18 12 1 1 11 100 12 1 1 1 18 11 12 1 1 18 11 12 1 1 18 11 12 1 1 100 1 11 12 1 1 10 12 1 1 11 12 1 1 10 7 12 1 1 1 18 12 1 1 11 12 1 1 100 1 10 100 1 11 12 1 1 10 100 12 1 1 1 10 12 1 10 100 12 1 1 1 7 1 10 12 1 10 100 12 1 1 10 12 1 11 12 1 1 10 12 1 100 1 100 1 5 0 100 1 10 12 1 100 1 10 12 1 100 1 10 12 1 100 1 10 12 1 10 100 12 1 1 1 100 1 10 11 100 12 1 1 1 10 12 1 10 12 1 1 100 1 10 10 12 1 10 12 1 1 100 1 10 10 12 1 10 12 1 1 100 1 10 10 100 1 100 1 1 1 1 1 1 1 1 1 1 1 1 1 1 1 1 1 1 1 1 1 1 1 1 1 1 1 1 1 1 1 1 1 1 1 1 1 1 1 1 1 1 1 1 1 1 1 1 1 1 1 1 1 1 1 1 1 1 1 1 1 1 1 1 1 1 1 1 1 1 1 1 1 1 1 1 1 1 1 1 1 1 1 1 1 1 1 1 1 1 1 1 1 1 1 1 1 1 1 1 1 1 1 1 1 1 1 1 1 1 1 1 1 1 1 1 1 1 1 1 1 1 1 1 1 1 1 1 1 1 1 1 1 1 1 1 1 1 1 1 1 1 1 1 1 1 1 1 1 1 1 1 1 1 1 1 1 1 1 1 1 100 1 1 15 10 100 12 1 1 1 16 15 11 12 16 15 11 12 16 1 15 11 12 16 1 15 11 12 16 1 16 15 11 12 1 1 100 1 100 1 1 100 1 1 1 1 1 100 1 100 1 1 100 1 1 1 100 1 1 100 1 1 100 1 1 100 1 100 1 1 1 100 1 8 1 1 12 10 1 1 1 8 1 1 1 8 1 1 1 8 1 1 1 8 1 1 1 8 1 1 8 1 1 1 8 1
ciInstanceKlass java/util/SortedSet 1 1 97 7 1 100 1 10 12 1 1 100 1 100 1 100 1 1 1 1 1 1 1 1 1 1 1 1 1 1 1 1 1 1 1 1 1 1 1 1 1 1 1 1 1 1 1 1 100 1 8 1 1 12 10 1 1 1 8 1 1 8 1 1 1 8 1 1 1 8 1 1 1 8 1 1 1 8 1 1 8 1 1 1 8 1 1 8 1 1 1 8 1 1 8 1 1 8 1
ciMethod java/util/stream/Stream limit (J)Ljava/util/stream/Stream; 0 0 1 0 -1
ciMethod java/util/stream/Stream filter (Ljava/util/function/Predicate;)Ljava/util/stream/Stream; 0 0 1 0 -1
ciMethod java/util/stream/Stream forEach (Ljava/util/function/Consumer;)V 0 0 1 0 -1
ciMethod java/util/stream/Stream sorted (Ljava/util/Comparator;)Ljava/util/stream/Stream; 0 0 1 0 -1
ciInstanceKlass java/util/stream/StreamSupport 1 1 107 10 100 12 1 1 1 10 7 12 1 1 1 7 1 10 7 12 1 1 1 10 12 1 10 12 1 10 12 1 7 1 10 10 100 1 10 10 100 1 10 10 100 1 1 1 1 1 1 1 1 1 1 1 1 1 1 1 1 1 1 1 1 1 1 1 1 1 1 1 1 1 1 1 1 1 1 1 1 1 1 1 1 1 1 1 1 100 1 1 100 1 100 1 100 1 100 1 100 1 1 100 1 1 100 1 1
ciInstanceKlass java/util/function/Consumer 1 1 59 10 7 12 1 1 1 18 12 1 1 11 7 12 1 1 100 1 1 1 1 1 1 1 1 1 1 1 1 1 1 1 1 1 1 1 1 1 1 1 1 1 15 10 7 12 1 1 1 16 15 11 12 1 100 1 100 1 1
ciInstanceKlass java/util/stream/ReferencePipeline$Head 1 1 80 10 7 12 1 1 1 10 12 1 100 1 10 12 1 10 100 12 1 1 1 10 12 1 1 11 100 12 1 1 1 10 12 1 10 12 1 10 12 1 1 1 1 1 1 1 1 1 1 1 1 1 1 1 1 1 1 1 1 1 1 1 1 1 1 1 1 1 1 1 1 1 1 1 1 1 1 1 1 1
instanceKlass java/util/stream/AbstractPipeline
ciInstanceKlass java/util/stream/PipelineHelper 1 1 54 10 7 12 1 1 1 100 1 1 1 1 1 1 1 1 1 1 1 1 1 1 1 1 1 1 1 1 1 1 1 1 1 1 1 1 1 1 1 1 1 1 1 1 1 1 1 1 1 100 1 100 1 1
instanceKlass java/util/stream/IntPipeline
instanceKlass java/util/stream/ReferencePipeline
ciInstanceKlass java/util/stream/AbstractPipeline 1 1 423 10 7 12 1 1 1 9 7 12 1 1 1 9 12 1 1 9 12 1 9 7 12 1 1 1 9 12 1 9 12 1 9 12 1 9 12 1 9 12 1 1 9 12 1 1 9 12 1 100 1 8 1 10 12 1 9 12 1 9 12 1 10 12 1 1 10 12 1 1 9 12 1 9 12 1 10 12 1 1 11 7 12 1 1 100 1 10 10 12 1 11 12 1 1 10 12 1 11 12 1 1 11 12 1 10 12 1 1 10 12 1 1 10 11 100 12 1 1 1 7 1 8 1 9 12 1 1 11 100 12 1 1 10 7 12 1 1 1 10 100 12 1 1 1 10 12 1 1 18 12 1 10 12 1 1 10 12 1 1 9 12 1 1 10 12 1 1 9 12 1 10 12 1 1 11 12 1 9 12 1 9 12 1 10 12 1 9 12 1 11 12 1 1 5 0 9 12 1 10 12 1 1 7 1 10 12 1 1 10 12 1 1 11 12 1 1 11 12 1 1 11 12 1 10 12 1 1 10 12 1 1 9 12 1 10 12 1 1 18 12 1 10 12 1 1 10 12 1 1 10 12 1 1 10 12 1 1 100 1 11 12 1 1 100 1 8 1 10 18 12 1 1 11 100 12 1 1 1 100 1 10 7 12 1 1 100 1 1 1 1 1 1 1 1 1 1 1 1 1 1 1 1 1 1 1 1 1 1 1 1 1 1 1 1 1 1 1 1 1 1 1 1 1 1 1 1 1 1 1 1 1 1 1 1 1 1 1 1 1 1 1 1 1 1 1 1 1 1 1 1 1 1 1 1 1 1 1 1 1 1 1 1 1 1 1 1 1 1 1 1 1 1 1 1 1 1 1 1 1 1 1 1 1 1 1 1 1 1 1 1 1 1 1 1 15 10 7 12 1 1 1 16 15 10 12 16 15 10 12 16 1 15 10 12 16 1 1 100 1 100 1 1
staticfield java/util/stream/AbstractPipeline $assertionsDisabled Z 1
instanceKlass java/util/stream/ReferencePipeline$StatefulOp
instanceKlass java/util/stream/ReferencePipeline$StatelessOp
instanceKlass java/util/stream/ReferencePipeline$Head
ciInstanceKlass java/util/stream/ReferencePipeline 1 1 640 10 7 12 1 1 1 10 12 1 10 12 1 9 7 12 1 1 1 10 100 12 1 1 1 7 1 10 12 1 100 1 10 12 1 11 7 12 1 1 1 11 7 12 1 1 1 10 12 1 1 10 7 12 1 1 1 10 7 12 1 1 1 10 12 1 100 1 9 7 12 1 1 1 10 12 1 10 7 12 1 1 1 7 1 9 12 1 10 12 1 7 1 9 12 1 9 12 1 10 12 1 100 1 10 12 1 100 1 10 12 1 100 1 10 12 1 7 1 10 100 1 10 100 1 10 100 1 10 100 1 10 12 1 100 1 10 100 1 10 100 1 10 100 1 10 12 1 10 100 12 1 1 1 10 7 12 1 1 10 12 1 100 1 10 100 12 1 1 1 10 12 1 10 7 12 1 1 5 0 10 100 12 1 1 1 10 12 1 10 7 12 1 1 10 12 1 1 10 12 1 1 10 12 1 1 11 100 12 1 1 1 18 12 1 1 10 12 1 10 100 12 1 1 1 10 12 1 11 100 12 1 1 1 9 7 12 1 1 1 10 7 12 1 1 7 1 10 12 1 9 12 1 9 12 1 10 7 12 1 1 7 1 10 7 12 1 1 10 12 1 10 12 1 11 7 12 1 1 1 9 7 12 1 1 1 11 7 12 1 1 1 9 12 1 11 12 1 1 11 100 12 1 1 1 11 12 1 1 18 12 1 1 10 12 1 1 10 12 1 9 12 1 11 12 1 1 11 100 12 1 10 12 1 11 100 12 1 1 1 10 12 1 1 11 12 1 10 12 1 1 10 12 1 1 10 12 1 1 11 100 12 1 1 100 1 100 1 1 1 1 1 1 1 1 1 1 1 1 1 1 1 1 1 1 1 1 1 1 1 1 1 1 1 1 1 1 1 1 1 1 1 1 1 1 1 1 1 1 1 1 1 1 1 1 1 1 1 1 1 1 1 1 1 1 1 1 1 1 1 1 1 1 1 1 1 1 1 1 1 1 1 1 1 1 1 1 1 1 1 1 1 1 1 1 1 1 1 1 1 1 1 1 1 1 1 1 1 1 1 1 1 1 1 1 1 1 1 1 1 1 1 1 1 1 1 1 1 1 1 1 1 1 1 1 1 1 1 1 1 1 1 1 1 1 1 1 1 1 1 1 1 1 1 1 1 1 1 1 1 1 1 1 1 1 1 1 1 1 1 1 1 1 1 1 1 1 1 1 1 1 1 1 1 1 1 1 1 1 1 1 1 1 1 1 1 1 1 1 1 1 1 1 1 1 1 1 1 1 100 1 100 1 100 1 100 1 100 1 100 1 100 1 100 1 100 1 100 1 100 1 100 1 100 1 100 1 100 1 100 1 100 1 1 15 10 100 12 1 1 1 16 1 15 10 12 16 16 1 15 10 12 1 100 1 1 1 100 1 1 1 1 1 1 1 100 1 100 1 1
instanceKlass java/util/stream/ReferencePipeline$2
instanceKlass java/util/stream/ReferencePipeline$7
instanceKlass java/util/stream/IntPipeline$1
instanceKlass java/util/stream/ReferencePipeline$3
ciInstanceKlass java/util/stream/ReferencePipeline$StatelessOp 1 1 63 10 7 12 1 1 1 9 7 12 1 1 1 10 100 12 1 1 1 100 1 10 12 1 10 12 1 1 10 7 12 1 1 1 1 1 1 1 1 1 1 1 1 1 1 1 1 1 1 1 100 1 1 1 1 1 1 1 1 1 1 1 1
staticfield java/util/stream/ReferencePipeline$StatelessOp $assertionsDisabled Z 1
ciMethod java/util/stream/AbstractPipeline opEvaluateParallelLazy (Ljava/util/stream/PipelineHelper;Ljava/util/Spliterator;)Ljava/util/Spliterator; 0 0 1 0 -1
ciMethod java/util/stream/AbstractPipeline isParallel ()Z 512 0 117887 0 0
ciMethod java/util/stream/ReferencePipeline limit (J)Ljava/util/stream/Stream; 4096 0 13760 0 0
ciMethod java/util/stream/ReferencePipeline filter (Ljava/util/function/Predicate;)Ljava/util/stream/Stream; 566 0 55986 0 0
ciMethod java/util/stream/ReferencePipeline sorted (Ljava/util/Comparator;)Ljava/util/stream/Stream; 144 0 13761 0 0
ciInstanceKlass java/util/stream/StreamOpFlag 1 1 261 7 1 9 12 1 1 9 12 1 9 12 1 9 12 1 9 12 1 9 12 1 9 12 1 1 10 7 12 1 1 10 7 12 1 1 1 7 1 7 1 7 1 10 12 1 1 10 12 1 10 12 1 1 10 12 1 10 12 1 1 9 12 1 1 9 12 1 1 9 12 9 12 1 9 12 1 9 12 1 1 11 7 12 1 1 1 7 1 10 12 1 1 10 12 1 1 9 12 1 9 12 1 9 12 1 10 12 1 1 9 12 1 11 7 12 1 1 11 12 1 1 8 9 12 1 10 9 12 1 10 12 1 10 12 1 8 8 9 12 1 10 12 9 12 1 8 8 8 10 12 1 10 12 1 1 9 12 1 9 12 1 9 12 1 9 12 1 10 12 1 9 12 1 9 12 1 9 12 1 9 12 1 9 12 1 9 12 1 9 12 1 9 12 1 9 12 1 9 12 1 9 12 1 1 1 3 1 3 1 3 1 1 1 1 1 1 1 1 1 1 1 1 1 1 1 1 1 1 1 1 1 1 1 1 1 1 1 1 1 1 1 1 1 1 1 1 1 1 1 1 1 1 1 1 1 1 1 1 1 1
staticfield java/util/stream/StreamOpFlag DISTINCT Ljava/util/stream/StreamOpFlag; java/util/stream/StreamOpFlag
staticfield java/util/stream/StreamOpFlag SORTED Ljava/util/stream/StreamOpFlag; java/util/stream/StreamOpFlag
staticfield java/util/stream/StreamOpFlag ORDERED Ljava/util/stream/StreamOpFlag; java/util/stream/StreamOpFlag
staticfield java/util/stream/StreamOpFlag SIZED Ljava/util/stream/StreamOpFlag; java/util/stream/StreamOpFlag
staticfield java/util/stream/StreamOpFlag SHORT_CIRCUIT Ljava/util/stream/StreamOpFlag; java/util/stream/StreamOpFlag
staticfield java/util/stream/StreamOpFlag SIZE_ADJUSTING Ljava/util/stream/StreamOpFlag; java/util/stream/StreamOpFlag
staticfield java/util/stream/StreamOpFlag SPLITERATOR_CHARACTERISTICS_MASK I 85
staticfield java/util/stream/StreamOpFlag STREAM_MASK I 85
staticfield java/util/stream/StreamOpFlag OP_MASK I 83886271
staticfield java/util/stream/StreamOpFlag TERMINAL_OP_MASK I 16777248
staticfield java/util/stream/StreamOpFlag UPSTREAM_TERMINAL_OP_MASK I 32
staticfield java/util/stream/StreamOpFlag FLAG_MASK I 251658495
staticfield java/util/stream/StreamOpFlag FLAG_MASK_IS I 85
staticfield java/util/stream/StreamOpFlag FLAG_MASK_NOT I 170
staticfield java/util/stream/StreamOpFlag INITIAL_OPS_VALUE I 255
staticfield java/util/stream/StreamOpFlag IS_DISTINCT I 1
staticfield java/util/stream/StreamOpFlag NOT_DISTINCT I 2
staticfield java/util/stream/StreamOpFlag IS_SORTED I 4
staticfield java/util/stream/StreamOpFlag NOT_SORTED I 8
staticfield java/util/stream/StreamOpFlag IS_ORDERED I 16
staticfield java/util/stream/StreamOpFlag NOT_ORDERED I 32
staticfield java/util/stream/StreamOpFlag IS_SIZED I 64
staticfield java/util/stream/StreamOpFlag NOT_SIZED I 128
staticfield java/util/stream/StreamOpFlag IS_SHORT_CIRCUIT I 16777216
staticfield java/util/stream/StreamOpFlag IS_SIZE_ADJUSTING I 67108864
staticfield java/util/stream/StreamOpFlag $VALUES [Ljava/util/stream/StreamOpFlag; 6 [Ljava/util/stream/StreamOpFlag;
ciMethod java/util/stream/StreamOpFlag getMask (I)I 510 0 129043 0 0
ciMethod java/util/stream/StreamOpFlag combineOpFlags (II)I 512 0 129041 0 0
ciMethod java/util/stream/StreamOpFlag isKnown (I)Z 512 0 89143 0 -1
ciMethod java/util/stream/StreamOpFlag fromCharacteristics (Ljava/util/Spliterator;)I 4096 0 60767 0 0
ciInstanceKlass java/util/stream/StreamShape 1 1 58 7 1 9 12 1 1 9 12 1 9 12 1 9 12 1 9 12 1 1 10 100 12 1 1 10 7 12 1 1 1 10 12 1 1 8 10 8 8 8 10 12 1 1 1 1 1 1 1 1 1 1 1 1 1 1 1 1
staticfield java/util/stream/StreamShape REFERENCE Ljava/util/stream/StreamShape; java/util/stream/StreamShape
staticfield java/util/stream/StreamShape INT_VALUE Ljava/util/stream/StreamShape; java/util/stream/StreamShape
staticfield java/util/stream/StreamShape LONG_VALUE Ljava/util/stream/StreamShape; java/util/stream/StreamShape
staticfield java/util/stream/StreamShape DOUBLE_VALUE Ljava/util/stream/StreamShape; java/util/stream/StreamShape
staticfield java/util/stream/StreamShape $VALUES [Ljava/util/stream/StreamShape; 4 [Ljava/util/stream/StreamShape;
ciMethod java/util/stream/StreamSupport stream (Ljava/util/Spliterator;Z)Ljava/util/stream/Stream; 152 0 60762 0 0
ciInstanceKlass java/util/Collections$UnmodifiableSet 1 1 57 10 7 12 1 1 1 9 100 12 1 1 1 11 100 12 1 1 1 11 12 1 1 100 1 100 1 1 1 1 5 0 1 1 1 1 1 1 1 1 1 1 1 1 1 1 1 1 1 1 1 1 100 1 1 1 1
ciInstanceKlass java/util/function/Supplier 1 0 14 100 1 100 1 1 1 1 1 1 1 1 1 1
instanceKlass java/util/LinkedHashSet
ciInstanceKlass java/util/HashSet 1 1 285 10 7 12 1 1 1 7 1 10 9 7 12 1 1 1 11 7 12 1 1 1 4 10 7 12 1 1 1 10 12 1 10 12 1 1 10 12 1 7 1 10 10 12 1 1 11 7 12 1 1 1 10 10 12 1 1 10 12 1 1 9 12 1 1 10 12 1 1 10 12 1 1 10 12 1 10 7 12 1 1 1 10 100 1 100 1 10 12 1 10 100 12 1 1 10 12 1 10 12 1 10 12 1 1 10 12 1 1 11 100 12 1 1 11 12 1 10 12 1 1 10 100 12 1 1 1 10 12 1 100 1 100 1 10 8 1 10 12 1 1 10 12 1 10 12 1 1 10 12 1 10 12 1 10 100 12 1 1 1 8 1 10 12 1 4 10 12 1 4 10 12 1 8 1 4 10 100 12 1 1 1 100 1 10 12 1 1 11 100 12 1 1 1 100 1 10 12 1 100 1 10 12 1 10 12 1 1 10 12 1 10 100 1 100 1 1 1 1 5 0 1 1 1 1 1 1 1 1 1 1 1 1 1 1 1 1 1 1 1 1 1 1 1 1 1 1 1 1 1 1 1 1 1 1 100 1 1 1 1 100 1 1 1 1 1 1 1 1 1 1 1 1 1 1 1 100 1 1 100 1 100 1 1 1
staticfield java/util/HashSet PRESENT Ljava/lang/Object; java/lang/Object
ciInstanceKlass java/util/HashMap$EntrySet 1 1 133 9 7 12 1 1 1 10 7 12 1 1 1 9 7 12 1 1 1 10 12 1 7 1 10 12 1 100 1 11 12 1 1 10 12 1 1 10 100 12 1 1 1 11 12 1 10 12 1 1 10 12 1 1 7 1 10 12 1 100 1 10 9 12 1 1 9 12 1 11 100 12 1 1 1 9 12 1 1 100 1 10 1 1 1 1 1 1 1 1 1 1 1 1 1 1 1 1 1 1 1 1 1 1 100 1 1 1 1 1 1 1 1 1 1 1 1 1 1 100 1 1 1 1 1 1 1 1 100 1 1 1 1
ciMethod java/util/HashSet <init> ()V 442 0 192302 0 -1
instanceKlass java/util/LinkedHashMap$Entry
ciInstanceKlass java/util/HashMap$Node 1 1 95 10 7 12 1 1 1 9 7 12 1 1 1 9 12 1 1 9 12 1 9 12 1 1 100 1 10 10 12 1 1 8 1 10 12 1 10 12 1 1 10 100 12 1 1 1 100 1 11 12 1 1 10 12 1 1 11 12 1 1 1 1 1 1 1 1 1 1 1 1 1 1 1 1 1 1 1 1 1 1 1 1 1 1 1 1 1 1 100 1 1 1 100 1 1
ciInstanceKlass java/util/IdentityHashMap 1 1 397 9 7 12 1 1 1 10 7 12 1 1 1 10 12 1 1 100 1 100 1 10 8 1 10 12 1 1 10 12 1 10 12 1 1 10 12 1 10 12 1 1 3 3 10 7 12 1 1 7 1 9 12 1 1 11 7 12 1 1 1 6 0 10 12 10 12 1 1 9 12 1 10 7 12 1 1 1 10 12 1 1 10 12 1 1 10 12 1 1 10 12 1 1 9 12 1 3 3 100 1 8 1 10 11 12 1 1 11 7 12 1 1 1 11 7 12 1 1 1 11 12 1 1 7 1 11 12 1 11 12 1 10 12 1 1 10 12 1 10 10 12 1 1 10 11 12 1 1 10 12 1 10 12 1 9 12 1 10 100 100 1 100 1 10 12 1 9 12 1 7 1 10 12 1 9 12 1 1 7 1 10 100 1 10 10 100 12 1 1 10 12 1 10 12 1 1 10 100 12 1 1 1 10 12 1 100 1 8 1 10 10 100 12 1 1 1 11 100 12 1 1 1 10 12 1 10 12 1 1 10 10 7 12 1 1 11 100 12 1 1 100 1 10 11 100 12 1 1 10 100 1 100 1 1 1 3 1 3 1 1 1 1 1 5 0 1 1 1 1 1 1 1 1 1 1 1 1 1 1 1 1 1 1 1 1 1 1 1 1 1 1 1 1 1 1 1 1 1 1 1 1 1 1 1 1 1 1 1 1 1 1 1 1 1 1 1 1 1 1 1 1 1 1 1 1 1 100 1 1 1 1 1 1 1 100 1 1 1 1 100 1 1 1 1 1 1 1 1 1 1 1 1 1 1 1 1 1 1 1 1 1 1 100 1 100 1 100 1 100 1 100 1 100 1 100 1 100 1 100 1 1 1 1 1 1 100 1 1 1 1 1 1 1 1 1 1
staticfield java/util/IdentityHashMap NULL_KEY Ljava/lang/Object; java/lang/Object
instanceKlass com/android/tools/r8/internal/tm
ciInstanceKlass java/util/ArrayDeque 1 1 438 100 1 9 7 12 1 1 1 3 10 12 1 1 10 7 12 1 1 1 9 12 1 1 9 12 1 10 7 12 1 1 1 100 1 8 1 10 12 1 1 3 10 7 12 1 1 7 1 11 7 12 1 1 1 10 12 1 10 12 1 1 100 1 10 100 1 10 10 12 1 10 12 1 10 12 1 10 18 12 1 1 11 12 1 1 10 12 1 1 10 12 1 10 12 1 1 100 1 10 10 12 1 10 12 1 1 10 12 1 1 10 12 1 1 10 12 1 10 12 1 10 12 1 10 12 1 10 12 1 1 7 1 10 12 1 100 1 10 100 1 10 10 7 12 1 1 1 11 7 12 1 10 12 1 1 18 12 1 1 18 11 7 12 1 10 12 1 1 10 12 1 1 10 12 1 1 10 12 1 1 10 12 1 1 10 12 1 7 10 12 1 1 10 12 1 1 10 12 1 1 10 100 12 1 1 10 12 1 100 1 100 1 10 10 100 12 1 1 10 12 1 10 12 1 10 100 12 1 1 10 12 1 10 100 12 1 1 1 11 100 12 1 1 1 10 12 1 100 1 9 12 1 1 8 1 10 12 1 1 10 100 12 1 1 1 8 1 10 12 1 1 10 12 1 11 12 1 100 1 100 1 100 1 1 1 1 1 5 0 1 1 1 1 1 1 1 1 1 1 1 1 1 1 1 1 1 1 1 1 1 1 1 1 1 1 1 1 1 1 1 1 1 1 1 1 1 1 1 1 1 1 1 1 1 1 1 1 1 1 1 1 1 1 1 1 1 1 1 1 1 1 1 1 1 1 1 1 1 1 1 1 1 1 1 1 1 1 1 1 1 1 1 1 1 1 100 1 1 1 1 1 1 1 1 100 1 1 1 1 1 1 1 1 1 1 1 100 1 1 1 100 1 1 1 1 1 1 1 1 1 1 1 15 10 7 12 1 1 1 16 15 16 15 10 12 15 10 12 1 1 1 1 100 1 100 1 1
ciMethod java/util/ArrayDeque isEmpty ()Z 534 0 3652367 0 -1
ciMethod java/util/ArrayDeque addLast (Ljava/lang/Object;)V 1024 0 12809 0 -1
ciMethod java/util/ArrayDeque removeFirst ()Ljava/lang/Object; 518 0 86824 0 -1
instanceKlass java/util/SortedSet$1
ciInstanceKlass java/util/Spliterators$IteratorSpliterator 1 1 132 10 7 12 1 1 1 9 7 12 1 1 1 9 12 1 1 100 1 9 12 1 1 9 12 1 1 100 1 5 0 11 7 12 1 1 1 11 12 1 1 11 7 12 1 1 1 9 12 1 3 11 12 1 1 100 1 10 12 1 100 1 10 11 12 1 1 11 7 12 1 1 1 10 12 1 1 100 1 10 1 1 3 1 1 1 1 1 1 1 1 1 1 1 1 1 1 1 1 1 1 1 1 1 1 1 1 1 1 100 1 1 1 1 1 1 1 1 1 1 1 1 1 1 1 1 1 100 1 1 1 1
ciMethod java/util/Spliterators$IteratorSpliterator <init> (Ljava/util/Collection;I)V 4096 0 13762 0 0
ciInstanceKlass java/lang/invoke/DirectMethodHandle$Constructor 1 1 90 10 7 12 1 1 1 9 7 12 1 1 1 9 12 1 1 9 12 1 1 10 100 12 1 1 1 100 1 10 12 1 9 12 1 9 12 1 10 12 1 10 12 1 1 9 12 1 1 10 12 1 1 10 7 12 1 1 1 1 1 1 1 1 1 1 1 1 1 1 100 1 100 1 1 1 1 1 1 1 1 1 1 1 1 1 1 1 1 1
staticfield java/lang/invoke/DirectMethodHandle$Constructor $assertionsDisabled Z 1
ciInstanceKlass java/util/function/Predicate 1 1 101 10 7 12 1 1 1 18 12 1 1 18 12 1 18 18 12 1 18 12 1 11 7 12 1 1 10 100 12 1 1 1 11 12 1 1 1 1 1 1 1 1 1 1 1 1 1 1 1 1 1 1 1 1 1 1 1 1 1 1 1 1 1 1 1 1 1 1 1 1 1 15 10 7 12 1 1 1 16 15 11 12 15 11 12 15 11 12 15 10 12 1 15 11 12 1 100 1 100 1 1
instanceKlass java/util/ArrayList$ListItr
ciInstanceKlass java/util/ArrayList$Itr 1 1 103 9 7 12 1 1 1 10 7 12 1 1 1 9 12 1 1 9 7 12 1 1 9 12 1 9 12 1 9 12 1 10 12 1 100 1 10 9 12 1 1 100 1 10 100 1 10 10 12 1 1 100 1 10 100 12 1 1 1 10 12 1 1 11 100 12 1 1 1 100 1 1 1 1 1 1 1 1 1 1 1 1 1 1 1 100 1 1 1 1 1 1 1 1 1 1 1 1 1 1 1 1 1
ciMethod java/util/ArrayList$Itr hasNext ()Z 1024 0 2182733 0 96
ciMethod java/util/ArrayList$Itr next ()Ljava/lang/Object; 782 0 11197 0 288
ciMethod java/util/ArrayList$Itr <init> (Ljava/util/ArrayList;)V 368 0 4740388 0 352
ciMethod java/util/ArrayList$Itr checkForComodification ()V 786 0 11199 0 0
ciInstanceKlass java/util/ListIterator 1 0 27 100 1 100 1 100 1 1 1 1 1 1 1 1 1 1 1 1 1 1 1 1 1 1 1 1 1
ciMethod java/util/ListIterator hasNext ()Z 0 0 1 0 -1
ciMethod java/util/ListIterator next ()Ljava/lang/Object; 0 0 1 0 -1
instanceKlass java/util/stream/ForEachOps$ForEachOp$OfRef
ciInstanceKlass java/util/stream/ForEachOps$ForEachOp 1 1 109 10 7 12 1 1 1 9 7 12 1 1 1 9 7 12 1 1 1 10 7 12 1 1 1 10 12 1 1 100 1 10 12 1 10 12 1 1 100 1 10 12 1 1 10 10 10 12 1 1 10 12 1 100 1 100 1 1 1 1 1 1 1 1 1 1 1 1 1 1 1 1 1 1 1 1 1 1 1 1 1 100 1 1 1 1 1 100 1 1 100 1 1 100 1 1 100 1 1 1 100 1 8 1 1 12 10 1 1
ciInstanceKlass java/util/stream/TerminalOp 1 1 55 9 100 12 1 1 1 9 100 12 1 1 1 10 100 12 1 1 1 8 1 10 12 1 1 11 100 12 1 1 1 1 1 1 1 1 1 1 1 1 1 1 1 1 1 1 1 1 1 1 1 1 1 1 1
ciInstanceKlass java/util/stream/ForEachOps$ForEachOp$OfRef 1 1 58 10 7 12 1 1 1 9 7 12 1 1 1 11 7 12 1 1 1 10 12 1 1 10 12 1 10 12 1 1 1 1 1 1 1 1 1 1 1 1 1 1 1 1 1 1 1 1 1 1 1 1 1 100 1 1 1 1
ciMethod java/util/stream/TerminalOp inputShape ()Ljava/util/stream/StreamShape; 0 0 1 0 -1
ciMethod java/util/stream/ForEachOps$ForEachOp$OfRef <init> (Ljava/util/function/Consumer;Z)V 768 0 42153 0 0
ciInstanceKlass java/util/stream/ForEachOps 1 1 79 10 100 12 1 1 1 10 7 12 1 1 1 7 1 10 12 1 100 1 10 12 1 100 1 10 12 1 100 1 10 12 1 100 1 1 1 1 1 1 1 1 1 1 1 1 1 1 1 1 1 1 1 1 1 1 1 1 1 1 1 1 1 1 1 100 1 100 1 100 1 1 1 1 1 1 1 1 1
ciMethod java/util/stream/ForEachOps makeRef (Ljava/util/function/Consumer;Z)Ljava/util/stream/TerminalOp; 768 0 42152 0 0
ciMethod java/util/stream/ForEachOps$ForEachOp <init> (Z)V 768 0 42153 0 0
instanceKlass java/util/Collections$UnmodifiableList
instanceKlass java/util/Collections$UnmodifiableSet
ciInstanceKlass java/util/Collections$UnmodifiableCollection 1 1 136 10 7 12 1 1 1 100 1 10 9 7 12 1 1 1 11 7 12 1 1 1 11 12 1 1 11 12 1 1 11 12 1 1 11 12 1 11 12 1 10 12 1 1 7 1 10 12 1 100 1 10 11 12 1 1 11 12 1 1 11 12 1 1 11 12 1 1 11 12 1 100 1 1 1 1 5 0 1 1 1 1 1 1 1 1 1 1 1 1 1 1 1 1 1 1 1 1 1 1 1 1 1 1 1 1 1 1 1 1 1 1 1 1 1 1 1 1 1 1 1 1 1 1 1 1 1 1 1 1 1 1 100 1 1 1
ciMethod java/util/Collections$UnmodifiableCollection forEach (Ljava/util/function/Consumer;)V 3034 0 36720 0 0
ciInstanceKlass java/util/Collections$UnmodifiableRandomAccessList 1 1 52 10 7 12 1 1 1 100 1 9 12 1 1 11 100 12 1 1 1 10 100 1 1 1 1 5 0 1 1 1 1 1 1 1 1 1 1 1 1 1 1 1 1 1 1 1 1 100 1 1 1 1
ciInstanceKlass java/util/Collections$SetFromMap 1 1 181 10 7 12 1 1 1 11 7 12 1 1 1 100 1 8 1 10 12 1 9 7 12 1 1 1 11 12 1 1 9 12 1 1 11 12 1 11 12 1 1 11 12 1 1 11 12 1 1 9 7 12 1 1 1 11 12 1 1 11 7 12 1 1 1 11 12 1 1 11 12 1 10 100 12 1 1 1 11 12 1 11 12 1 11 12 1 1 11 12 1 11 12 1 11 12 1 1 11 12 1 1 11 12 1 1 11 12 1 1 11 12 1 10 100 12 1 1 100 1 1 1 1 1 1 1 5 0 1 1 1 1 1 1 1 1 1 1 1 1 1 1 1 1 1 1 1 1 1 1 1 1 1 1 1 1 1 1 1 1 1 1 1 1 1 1 1 1 1 100 1 100 1 1 1 1 1 100 1 1 1
ciInstanceKlass java/lang/invoke/BoundMethodHandle$Species_L 1 1 125 10 7 12 1 1 1 9 7 12 1 1 1 9 12 1 1 10 12 1 9 7 12 1 1 1 10 7 12 1 1 1 10 12 1 1 10 7 12 1 1 1 100 1 10 100 12 1 1 1 9 12 1 10 12 1 9 12 1 10 12 1 9 12 1 10 12 1 9 12 1 10 12 1 10 12 1 1 10 12 1 1 1 1 1 1 1 1 1 1 1 1 1 1 1 1 1 1 1 1 1 1 1 1 1 1 1 1 1 1 1 1 1 1 1 1 1 1 1 1 1 1 100 1 1
ciInstanceKlass java/lang/invoke/BoundMethodHandle$Species_LLLLLLL 1 1 88 1 7 1 7 1 1 1 1 1 1 1 1 1 1 1 1 1 12 9 1 1 1 12 10 12 9 12 9 12 9 12 9 12 9 12 9 12 9 1 1 12 10 1 1 1 100 1 7 1 1 12 10 1 7 1 1 12 10 1 1 1 12 10 1 1 1 12 10 1 1 1 12 10 1 1 1 12 10 1 1 1 12 10 1 1 1 1
ciInstanceKlass java/util/function/BiPredicate 1 1 76 10 100 12 1 1 1 18 12 1 1 18 12 1 18 11 100 12 1 1 100 1 1 1 1 1 1 1 1 1 1 1 1 1 1 1 1 1 1 1 1 1 1 1 1 1 1 1 1 1 1 1 1 15 10 100 12 1 1 1 16 15 11 12 15 11 12 15 11 12 1 100 1 100 1 1
ciMethod java/util/function/BiPredicate test (Ljava/lang/Object;Ljava/lang/Object;)Z 0 0 1 0 -1
ciInstanceKlass java/util/IdentityHashMap$KeyIterator 1 1 45 9 7 12 1 1 1 10 7 12 1 1 1 9 12 1 1 10 12 1 1 10 7 12 1 1 1 1 1 1 1 1 1 1 1 1 1 1 1 1 1 1 1 1 1
instanceKlass java/util/stream/SliceOps$1
instanceKlass java/util/stream/SortedOps$OfRef
ciInstanceKlass java/util/stream/ReferencePipeline$StatefulOp 1 1 66 10 7 12 1 1 1 9 7 12 1 1 1 10 100 12 1 1 1 100 1 10 12 1 10 12 1 1 10 7 12 1 1 1 1 1 1 1 1 1 1 1 1 1 1 1 1 1 1 1 100 1 1 1 1 1 1 1 1 1 1 1 1 1 1 1
staticfield java/util/stream/ReferencePipeline$StatefulOp $assertionsDisabled Z 1
ciMethod java/util/stream/ReferencePipeline$StatefulOp opIsStateful ()Z 256 0 128 0 0
ciMethod java/util/stream/ReferencePipeline forEach (Ljava/util/function/Consumer;)V 768 0 42150 0 0
ciMethod java/util/stream/ReferencePipeline$StatefulOp <init> (Ljava/util/stream/AbstractPipeline;Ljava/util/stream/StreamShape;I)V 916 0 23751 0 0
ciMethod java/util/stream/AbstractPipeline opIsStateful ()Z 0 0 1 0 -1
ciInstanceKlass java/util/stream/ReferencePipeline$2 1 1 56 9 7 12 1 1 1 9 12 1 1 10 7 12 1 1 1 7 1 10 12 1 1 1 1 1 1 1 1 1 1 1 1 1 1 1 1 1 1 1 1 1 1 1 1 1 1 1 100 1 12 1 1 1 1 1
ciMethod java/util/stream/ReferencePipeline$StatelessOp opIsStateful ()Z 256 0 128 0 0
ciMethod java/util/stream/ReferencePipeline$2 <init> (Ljava/util/stream/ReferencePipeline;Ljava/util/stream/AbstractPipeline;Ljava/util/stream/StreamShape;ILjava/util/function/Predicate;)V 768 0 55987 0 0
ciMethod java/util/stream/TerminalOp getOpFlags ()I 0 0 1 0 -1
ciMethod java/util/Set add (Ljava/lang/Object;)Z 0 0 1 0 -1
ciMethod java/util/stream/TerminalOp evaluateSequential (Ljava/util/stream/PipelineHelper;Ljava/util/Spliterator;)Ljava/lang/Object; 0 0 1 0 -1
ciMethod java/util/stream/TerminalOp evaluateParallel (Ljava/util/stream/PipelineHelper;Ljava/util/Spliterator;)Ljava/lang/Object; 0 0 1 0 -1
ciMethod java/util/function/Supplier get ()Ljava/lang/Object; 0 0 1 0 -1
ciMethod java/util/stream/ReferencePipeline$Head <init> (Ljava/util/Spliterator;IZ)V 512 0 60760 0 0
ciMethod java/util/stream/ReferencePipeline$StatelessOp <init> (Ljava/util/stream/AbstractPipeline;Ljava/util/stream/StreamShape;I)V 524 0 56200 0 0
ciMethod java/util/stream/ReferencePipeline <init> (Ljava/util/stream/AbstractPipeline;I)V 960 0 79749 0 0
ciMethod java/util/stream/ReferencePipeline <init> (Ljava/util/Spliterator;IZ)V 512 0 60764 0 0
ciMethod java/util/stream/AbstractPipeline <init> (Ljava/util/stream/AbstractPipeline;I)V 4098 0 83711 0 0
ciMethod java/util/stream/AbstractPipeline <init> (Ljava/util/Spliterator;IZ)V 4096 0 60765 0 0
ciMethod java/util/stream/AbstractPipeline sourceSpliterator (I)Ljava/util/Spliterator; 518 0 60827 0 0
ciMethod java/util/stream/AbstractPipeline getOutputShape ()Ljava/util/stream/StreamShape; 0 0 1 0 -1
ciMethod java/util/stream/AbstractPipeline evaluate (Ljava/util/stream/TerminalOp;)Ljava/lang/Object; 4096 0 47192 0 0
ciMethod java/util/stream/PipelineHelper <init> ()V 512 0 141023 0 0
ciMethod java/util/SortedSet spliterator ()Ljava/util/Spliterator; 4096 0 13762 0 0
ciMethod java/util/SortedSet comparator ()Ljava/util/Comparator; 0 0 1 0 -1
ciMethod java/util/LinkedList isPositionIndex (I)Z 530 0 3775168 0 0
ciMethod java/util/LinkedList checkPositionIndex (I)V 526 0 3774527 0 128
ciMethod java/util/Collections unmodifiableSet (Ljava/util/Set;)Ljava/util/Set; 104 0 22842 0 -1
ciMethod java/lang/invoke/DirectMethodHandle allocateInstance (Ljava/lang/Object;)Ljava/lang/Object; 1024 0 10262394 0 384
ciMethod java/lang/invoke/DirectMethodHandle constructorMethod (Ljava/lang/Object;)Ljava/lang/Object; 1024 0 10301364 0 128
ciMethod java/util/HashMap getNode (Ljava/lang/Object;)Ljava/util/HashMap$Node; 1024 28 6671 0 -1
ciMethod java/util/HashMap <init> ()V 804 0 2170554 0 64
ciMethod java/util/Spliterator characteristics ()I 0 0 1 0 -1
ciMethod java/util/AbstractList <init> ()V 512 0 7102330 0 -1
ciMethod java/util/List add (Ljava/lang/Object;)Z 0 0 1 0 -1
ciMethod java/util/List get (I)Ljava/lang/Object; 0 0 1 0 -1
ciMethod java/util/List clear ()V 0 0 1 0 -1
ciMethod java/util/List isEmpty ()Z 0 0 1 0 -1
ciMethod java/util/List size ()I 0 0 1 0 -1
ciMethod java/util/List addAll (Ljava/util/Collection;)Z 0 0 1 0 -1
ciMethod java/util/Collection toArray ()[Ljava/lang/Object; 0 0 1 0 -1
ciMethod java/util/AbstractMap <init> ()V 1024 0 6282656 0 64
ciMethod java/util/function/Function apply (Ljava/lang/Object;)Ljava/lang/Object; 0 0 1 0 -1
ciMethod java/util/Arrays copyOf ([Ljava/lang/Object;I)[Ljava/lang/Object; 66 0 580863 0 672
ciMethod java/util/Arrays copyOf ([Ljava/lang/Object;ILjava/lang/Class;)[Ljava/lang/Object; 176 0 50443 0 -1
ciMethod java/util/Arrays hashCode ([Ljava/lang/Object;)I 768 1790 12686 0 320
ciMethod java/util/Arrays hashCode ([B)I 258 38044 999 0 352
ciMethod java/lang/Math ceil (D)D 512 0 1178350 0 -1
ciMethod java/lang/Math max (JJ)J 512 0 509773 0 0
ciMethod java/lang/Math max (II)I 512 0 1314516 0 -1
ciMethod java/lang/Math min (II)I 512 0 1370675 0 -1
ciMethod java/util/Map$Entry setValue (Ljava/lang/Object;)Ljava/lang/Object; 0 0 1 0 -1
ciMethod java/util/Map$Entry getValue ()Ljava/lang/Object; 0 0 1 0 -1
ciMethod java/util/Set addAll (Ljava/util/Collection;)Z 0 0 1 0 -1
ciMethod java/util/Set contains (Ljava/lang/Object;)Z 0 0 1 0 -1
ciMethod java/util/Set iterator ()Ljava/util/Iterator; 0 0 1 0 -1
ciMethod java/util/Set isEmpty ()Z 0 0 1 0 -1
ciMethod java/util/Set clear ()V 0 0 1 0 -1
ciMethod java/util/Map entrySet ()Ljava/util/Set; 0 0 1 0 -1
ciMethod java/util/Map put (Ljava/lang/Object;Ljava/lang/Object;)Ljava/lang/Object; 0 0 1 0 -1
ciMethod java/util/Map get (Ljava/lang/Object;)Ljava/lang/Object; 0 0 1 0 -1
ciMethod jdk/internal/misc/Unsafe allocateInstance (Ljava/lang/Class;)Ljava/lang/Object; 256 0 128 0 -1
ciMethod java/util/ArrayList contains (Ljava/lang/Object;)Z 5240 0 102385 0 -1
ciMethod java/util/ArrayList iterator ()Ljava/util/Iterator; 368 0 4742850 0 192
ciMethod java/util/ArrayList add (Ljava/lang/Object;)Z 512 0 5004670 0 2016
ciMethod java/util/ArrayList <init> (Ljava/util/Collection;)V 512 0 18538 0 1088
ciMethod java/util/ArrayList <init> ()V 512 0 4086830 0 -1
ciMethod java/util/ArrayList add (Ljava/lang/Object;[Ljava/lang/Object;I)V 510 0 5004981 0 0
ciMethod java/util/ArrayList grow (I)[Ljava/lang/Object; 56 0 6187 0 960
ciMethod java/util/ArrayList grow ()[Ljava/lang/Object; 56 0 1283687 0 0
ciMethod java/util/Iterator hasNext ()Z 0 0 1 0 -1
ciMethod java/util/Iterator next ()Ljava/lang/Object; 0 0 1 0 -1
ciMethod java/lang/Object getClass ()Ljava/lang/Class; 256 0 128 0 -1
ciMethod java/lang/Object <init> ()V 1024 0 58007300 0 64
ciInstanceKlass java/lang/invoke/LambdaForm$MH+0x0000000020000400 1 1 41 1 7 1 100 1 1 1 1 1 1 1 7 1 1 12 9 1 1 1 1 1 7 1 1 12 10 1 7 1 1 12 11 1 7 12 9 1 1 1 1
staticfield java/lang/invoke/LambdaForm$MH+0x0000000020000400 _D_0 Ljava/lang/invoke/LambdaForm; java/lang/invoke/LambdaForm
instanceKlass com/android/tools/r8/origin/ArchiveEntryOrigin
instanceKlass com/android/tools/r8/utils/a1
instanceKlass com/android/tools/r8/origin/e
instanceKlass com/android/tools/r8/origin/d
instanceKlass com/android/tools/r8/origin/PathOrigin
instanceKlass com/android/tools/r8/origin/a
ciInstanceKlass com/android/tools/r8/origin/Origin 1 1 150 1 8 1 1 7 1 1 7 1 100 1 1 7 1 7 1 1 1 1 1 1 1 1 1 1 12 9 1 12 9 1 1 12 10 12 9 1 12 9 1 100 10 1 1 1 1 7 1 1 12 10 10 10 1 1 1 1 1 1 12 10 12 10 12 10 1 7 1 1 12 11 1 1 1 1 12 10 1 1 1 1 1 7 12 10 1 1 1 1 12 10 1 1 12 11 1 100 1 1 12 10 1 1 12 11 1 12 10 1 100 1 12 10 1 1 1 1 12 11 1 7 1 12 11 1 1 12 11 12 10 1 1 8 1 1 12 10 1 12 10 1 1 1 1 1 1 1 1 1
staticfield com/android/tools/r8/origin/Origin c Lcom/android/tools/r8/origin/d; com/android/tools/r8/origin/d
staticfield com/android/tools/r8/origin/Origin d Lcom/android/tools/r8/origin/e; com/android/tools/r8/origin/e
staticfield com/android/tools/r8/origin/Origin e Z 1
instanceKlass com/android/tools/r8/graph/F0$b$a
instanceKlass com/android/tools/r8/graph/F0$b
instanceKlass com/android/tools/r8/graph/F0$a
instanceKlass com/android/tools/r8/graph/o0
instanceKlass com/android/tools/r8/graph/a1
instanceKlass com/android/tools/r8/graph/s5
instanceKlass com/android/tools/r8/graph/m0
instanceKlass com/android/tools/r8/graph/G2
instanceKlass com/android/tools/r8/graph/K0
instanceKlass com/android/tools/r8/graph/C
instanceKlass com/android/tools/r8/graph/K2
instanceKlass com/android/tools/r8/graph/X0
ciInstanceKlass com/android/tools/r8/graph/j1 1 1 68 1 8 1 1 100 1 7 1 1 12 10 1 1 1 16 1 12 10 15 1 16 1 100 1 1 12 10 15 1 1 12 18 1 100 1 100 12 11 1 1 12 10 15 18 1 100 1 1 12 11 1 12 10 1 1 1 12 10 1 1 1 1 1 1 1 1 1
ciInstanceKlass com/android/tools/r8/graph/w5 1 1 81 1 8 1 1 100 1 100 1 100 1 100 1 100 1 1 1 1 1 1 1 1 1 1 12 11 1 100 12 10 1 12 10 1 1 1 1 1 1 1 12 11 1 12 11 1 12 11 1 1 1 1 100 1 8 1 1 12 10 1 1 1 8 1 1 1 8 1 1 1 8 1 1 1 8 1 1 1 8 1 1
instanceKlass com/android/tools/r8/internal/an
instanceKlass com/android/tools/r8/internal/jn
instanceKlass com/android/tools/r8/internal/Cm
ciInstanceKlass com/android/tools/r8/internal/sm 1 1 132 1 8 1 1 7 1 7 1 100 1 1 1 1 12 10 1 1 7 12 9 1 1 1 1 1 100 1 12 10 1 1 1 12 10 1 1 12 10 1 1 12 10 12 10 1 12 10 1 12 10 1 7 1 1 12 10 1 12 9 1 7 1 12 10 1 7 1 1 12 10 7 1 12 10 1 100 10 1 1 1 1 1 1 1 1 1 1 1 1 1 100 1 100 1 12 10 1 12 10 12 10 1 100 1 1 12 11 1 100 1 12 10 1 100 1 1 12 9 1 1 100 1 12 11 1 1 1 1 1 1 1
staticfield com/android/tools/r8/internal/sm b [Ljava/lang/Object; 0 [Ljava/lang/Object;
instanceKlass com/android/tools/r8/internal/JV
instanceKlass com/android/tools/r8/internal/wm
instanceKlass com/android/tools/r8/internal/cn
ciInstanceKlass com/android/tools/r8/internal/jn 1 1 190 1 8 1 1 7 1 7 1 7 1 1 1 1 1 7 1 12 9 1 1 7 1 1 12 10 1 1 1 7 1 12 10 1 1 3 1 8 1 7 1 1 12 10 1 100 1 100 1 12 10 1 7 1 12 10 1 7 1 1 12 10 1 12 10 1 12 10 1 12 10 1 100 1 1 100 1 1 12 10 1 7 1 1 12 10 1 100 1 1 12 10 1 100 1 12 10 1 100 1 12 10 1 7 1 1 12 11 1 7 1 1 12 9 1 8 1 7 1 12 10 1 7 1 1 12 10 1 7 1 12 9 1 7 1 12 10 1 100 1 12 10 1 1 12 10 1 100 1 8 10 10 1 1 1 7 10 1 3 1 7 1 12 10 6 0 3 1 8 1 1 1 12 10 1 12 10 10 1 100 1 12 10 1 12 10 1 1 1 1
staticfield com/android/tools/r8/internal/jn c I 0
instanceKlass com/android/tools/r8/internal/fn
instanceKlass com/android/tools/r8/internal/Nm
instanceKlass com/android/tools/r8/internal/En
instanceKlass com/android/tools/r8/internal/cT
ciInstanceKlass com/android/tools/r8/internal/cn 1 1 45 1 8 1 1 7 1 7 1 1 1 1 12 10 1 1 12 9 1 12 10 1 100 1 100 1 100 1 1 12 9 1 1 12 10 1 12 10 1 12 10 1 1 1 1
ciInstanceKlass com/android/tools/r8/internal/cT 1 1 98 1 8 1 1 7 1 7 1 1 1 1 1 1 1 1 1 1 1 1 12 10 12 9 12 9 12 9 12 9 1 1 7 12 10 12 9 1 1 100 1 7 1 1 12 10 1 12 10 1 1 1 1 7 1 12 10 1 1 1 100 1 12 10 1 1 1 1 1 1 7 1 1 12 10 1 1 1 100 1 12 9 1 100 1 100 1 12 10 1 12 10 1 1 1 1 1 1
staticfield com/android/tools/r8/internal/cT i [Ljava/lang/Object; null
staticfield com/android/tools/r8/internal/cT j Lcom/android/tools/r8/internal/cT; com/android/tools/r8/internal/cT
instanceKlass com/android/tools/r8/internal/Vt
instanceKlass com/android/tools/r8/internal/qm
instanceKlass com/android/tools/r8/internal/Hm
instanceKlass com/android/tools/r8/internal/ZS
ciInstanceKlass com/android/tools/r8/internal/Im 1 1 324 1 8 1 1 7 1 7 1 7 1 100 1 1 1 1 1 1 1 1 1 1 7 1 1 12 9 1 1 7 1 1 12 10 1 1 1 100 1 100 1 1 12 10 1 1 12 10 1 100 10 1 8 1 1 12 10 1 8 1 8 1 1 12 10 1 12 10 1 1 100 1 1 12 10 1 7 1 12 10 1 1 12 10 1 100 1 1 12 11 1 100 1 12 11 1 1 12 11 1 7 1 12 11 1 12 11 1 100 1 12 10 1 12 10 1 100 10 1 100 1 12 10 1 100 1 100 12 10 11 12 9 1 7 7 1 100 11 1 100 1 12 10 1 100 1 12 10 1 1 12 11 1 100 1 12 10 1 12 10 1 100 1 100 1 12 10 1 100 1 1 12 10 10 1 1 1 1 100 10 1 1 1 1 1 1 1 1 1 1 1 1 1 1 1 1 1 1 11 1 1 1 12 10 1 1 1 12 10 1 100 1 12 10 1 1 1 12 9 1 12 10 1 100 1 12 9 1 12 10 1 1 12 10 1 12 10 1 100 1 12 10 1 1 1 12 10 16 15 1 16 1 100 1 1 12 10 15 1 1 12 18 1 100 1 12 10 12 9 1 12 10 1 12 11 1 1 100 1 12 10 8 1 12 10 5 0 5 0 1 100 1 1 12 10 1 12 10 1 8 1 12 10 1 1 1 12 10 1 1 1 1 1 1 1 100 1 8 1 1 12 10 1 1
staticfield com/android/tools/r8/internal/Im e [Ljava/util/Map$Entry; 0 [Ljava/util/Map$Entry;
ciInstanceKlass com/android/tools/r8/internal/ZS 1 1 185 1 8 1 1 7 1 7 1 1 1 1 1 1 1 1 1 1 1 7 1 100 6 0 1 7 1 12 10 100 100 1 7 1 1 12 10 1 7 1 1 12 11 1 12 11 1 7 1 12 10 1 7 1 1 12 10 1 12 10 1 12 10 1 12 10 1 7 1 1 12 10 1 12 10 1 1 12 10 12 10 1 12 10 12 9 12 9 12 9 1 7 1 1 12 9 1 1 12 10 1 12 10 1 100 10 1 8 1 100 1 1 12 10 1 12 10 1 100 1 12 10 1 1 12 10 1 8 1 1 12 10 1 12 10 1 1 12 9 12 9 1 1 12 9 1 1 1 1 12 10 1 100 1 12 11 1 1 1 1 1 7 1 7 1 12 10 1 12 10 1 1 7 1 12 10 1 1 1 100 10 1 1 1 1
staticfield com/android/tools/r8/internal/ZS i Lcom/android/tools/r8/internal/ZS; com/android/tools/r8/internal/ZS
instanceKlass com/android/tools/r8/graph/S0
instanceKlass com/android/tools/r8/graph/p0
instanceKlass com/android/tools/r8/graph/f0
instanceKlass com/android/tools/r8/graph/T3
ciInstanceKlass com/android/tools/r8/graph/C 1 1 67 1 8 1 1 7 1 7 1 1 1 1 1 1 12 10 12 9 1 1 7 1 1 12 10 12 9 1 1 1 1 12 10 1 1 12 10 1 1 1 12 10 1 1 1 100 1 8 1 100 1 1 12 10 15 1 12 18 1 12 10 1 1 1 1 1 1
staticfield com/android/tools/r8/graph/C c Z 1
instanceKlass com/android/tools/r8/graph/y0
instanceKlass com/android/tools/r8/graph/u2
instanceKlass com/android/tools/r8/graph/D2
instanceKlass com/android/tools/r8/graph/A2
instanceKlass com/android/tools/r8/graph/B2
ciInstanceKlass com/android/tools/r8/graph/T3 1 1 36 1 8 1 1 7 1 7 1 1 1 1 12 10 1 1 1 1 7 1 1 12 10 12 9 1 1 1 100 10 1 1 1 1 1 1
staticfield com/android/tools/r8/graph/T3 d Z 1
instanceKlass com/android/tools/r8/graph/E2
instanceKlass com/android/tools/r8/graph/n2
ciInstanceKlass com/android/tools/r8/graph/B2 1 1 76 1 8 1 1 7 1 7 1 1 1 1 12 10 1 1 1 100 1 1 12 10 1 100 1 1 12 10 1 100 1 1 12 11 1 1 12 10 1 1 12 10 1 12 10 1 1 12 10 1 100 10 1 1 7 1 12 10 12 9 1 1 1 1 1 1 1 1 1 1 1 1 1 1 1 1
staticfield com/android/tools/r8/graph/B2 e Z 1
instanceKlass com/android/tools/r8/graph/s2
instanceKlass com/android/tools/r8/graph/h1
ciInstanceKlass com/android/tools/r8/graph/n2 1 1 111 1 8 1 1 7 1 1 7 1 100 1 1 1 1 1 1 1 1 1 12 10 12 9 1 100 10 1 100 1 100 12 9 12 9 1 1 1 1 12 10 1 1 7 1 1 12 10 1 1 1 1 1 1 1 1 1 1 1 1 1 1 1 12 10 1 16 12 10 15 1 16 1 100 1 1 12 10 15 1 1 12 18 1 100 1 12 10 1 1 1 1 1 1 1 1 1 1 100 1 8 1 1 12 10 1 1 1 8 1 1
staticfield com/android/tools/r8/graph/n2 h Z 1
ciInstanceKlass com/android/tools/r8/internal/JV 1 1 77 1 8 1 1 7 1 7 1 1 1 1 1 12 10 1 7 1 1 12 10 12 9 1 1 1 1 1 7 1 12 10 1 1 1 7 12 10 1 1 100 10 1 1 1 1 12 10 1 1 12 10 1 100 1 1 12 10 1 12 10 1 100 1 12 10 1 1 12 10 1 12 10 10 1 1 1
ciInstanceKlass com/android/tools/r8/internal/hl 1 1 41 1 8 1 1 7 1 7 1 1 5 0 1 7 1 1 12 10 5 0 1 1 1 12 10 12 10 1 1 7 1 12 10 1 12 10 3 1 1 1 1
ciInstanceKlass com/android/tools/r8/internal/Mt 1 1 36 1 8 1 1 7 1 7 1 1 1 1 1 1 1 1 1 12 10 12 9 12 9 1 1 1 7 12 10 12 9 1 1 1 1 1
staticfield com/android/tools/r8/internal/Mt f Lcom/android/tools/r8/internal/Mt; com/android/tools/r8/internal/Mt
ciInstanceKlass com/android/tools/r8/internal/Lt 1 1 32 1 8 1 1 7 1 7 1 1 1 1 1 1 12 9 1 12 10 1 1 12 9 1 1 1 100 10 1 1 1 1
ciInstanceKlass com/android/tools/r8/utils/Q2 1 1 134 1 8 1 1 7 1 7 1 100 1 100 1 7 1 100 1 1 1 1 1 1 1 1 12 10 1 12 10 1 1 10 1 7 10 12 9 12 9 12 9 1 1 1 1 100 1 1 12 9 1 12 10 1 1 12 9 1 1 1 100 12 10 12 10 1 1 1 1 12 9 12 10 1 1 100 1 12 10 1 12 10 1 1 12 10 1 1 12 11 1 1 12 10 1 100 1 1 12 11 1 1 12 11 12 10 1 100 1 12 9 1 100 1 1 12 10 1 100 10 1 100 12 10 11 11 12 11 1 1 1 1 1 1
instanceKlass com/android/tools/r8/internal/Qk
instanceKlass com/android/tools/r8/internal/Lm
ciInstanceKlass com/android/tools/r8/internal/um 1 1 33 1 8 1 1 7 1 7 1 100 1 1 1 1 1 1 12 10 12 9 12 9 1 1 1 1 1 1 100 10 1 1 1
instanceKlass com/android/tools/r8/internal/Km
ciInstanceKlass com/android/tools/r8/internal/Lm 1 1 25 1 8 1 1 100 1 7 1 1 12 10 1 7 1 12 10 1 1 1 1 1 1 1 1
ciInstanceKlass com/android/tools/r8/internal/Km 1 1 23 1 8 1 1 7 1 7 1 1 1 1 1 12 10 12 9 1 1 1 1 1 1
ciInstanceKlass com/android/tools/r8/graph/y1 1 1 2926 1 8 1 1 7 1 7 1 100 1 7 1 7 1 7 1 7 1 7 1 7 1 7 1 7 1 7 1 7 1 7 1 7 1 7 1 7 1 7 1 7 1 7 1 7 1 7 1 7 1 7 1 7 1 7 1 7 1 7 1 7 1 7 1 7 1 7 1 7 1 7 1 7 1 7 1 7 1 7 1 7 1 7 1 7 1 7 1 7 1 7 1 7 1 7 1 7 1 7 1 7 1 7 1 7 1 7 1 7 1 7 1 7 1 7 1 7 1 100 1 7 1 1 1 1 1 7 1 100 1 7 1 100 1 1 1 1 1 1 1 1 1 1 1 1 1 1 1 1 1 1 1 1 1 1 1 1 1 1 1 1 1 1 1 1 1 1 1 1 1 1 1 1 1 1 1 1 1 1 1 1 1 1 1 1 1 1 1 1 1 1 1 1 1 1 1 1 1 1 1 1 1 1 1 1 1 1 1 1 1 1 1 1 1 1 1 1 1 1 1 1 1 1 1 1 1 1 1 1 1 1 1 1 1 1 1 1 1 1 1 1 1 1 1 1 1 1 1 1 1 1 1 1 1 1 1 1 1 1 1 1 1 1 1 1 1 1 1 1 1 1 1 1 1 1 1 1 1 1 1 1 1 1 1 1 1 1 1 1 1 1 1 1 1 1 1 1 1 1 1 1 1 1 1 1 1 1 1 1 1 1 1 1 1 1 1 1 1 1 1 1 1 1 1 1 1 1 1 1 1 1 1 1 1 1 1 1 1 1 1 1 1 1 1 1 1 1 1 1 1 1 1 1 1 1 1 1 1 1 1 1 1 1 1 1 1 1 1 1 1 1 1 1 1 1 1 1 1 1 1 1 1 1 1 1 1 1 1 1 1 1 1 1 1 1 1 1 1 1 1 1 1 1 1 1 1 1 1 1 1 1 1 1 1 1 1 1 1 1 1 1 1 1 1 1 1 1 1 1 1 1 1 1 1 1 1 1 1 1 1 1 1 1 1 1 1 1 1 1 1 1 1 1 1 1 1 1 1 1 1 1 1 1 1 1 1 1 1 1 1 1 1 1 1 1 1 1 1 1 1 1 1 1 1 1 1 1 1 1 1 1 1 1 1 1 1 1 1 1 1 1 1 1 1 1 1 1 1 1 1 1 1 1 1 1 1 1 1 1 1 1 1 1 1 1 1 1 1 1 1 1 1 1 1 1 1 1 1 1 1 1 1 1 1 1 1 1 1 1 1 1 1 1 1 1 1 1 1 1 1 1 1 1 12 10 1 7 1 12 10 12 9 1 7 10 12 9 12 9 12 9 12 9 12 9 12 9 12 9 1 7 10 12 9 12 9 12 9 12 9 12 9 1 7 10 12 9 1 7 10 12 9 1 7 10 12 9 12 9 1 12 10 12 9 12 9 12 9 12 9 1 7 1 12 10 12 9 8 1 12 10 12 9 8 12 9 8 12 9 8 12 9 8 12 9 8 12 9 8 12 9 8 12 9 8 12 9 1 8 12 9 1 8 12 9 1 8 12 9 1 8 12 9 1 8 12 9 1 8 12 9 1 8 12 9 1 8 1 8 1 8 1 8 1 8 1 8 1 8 1 8 1 8 1 8 1 8 1 8 12 9 1 8 1 8 1 8 12 9 1 8 1 8 12 9 1 8 1 8 12 9 1 8 12 9 1 8 12 9 1 8 1 8 1 8 1 8 1 8 1 8 1 8 1 8 1 8 12 9 1 8 12 9 1 8 12 9 1 8 12 9 1 8 12 9 1 8 12 9 1 8 12 9 1 8 12 9 1 8 12 9 1 8 12 9 1 8 12 9 1 8 12 9 1 8 12 9 1 8 12 9 1 8 12 9 1 8 12 9 1 8 12 9 1 8 12 9 1 8 12 9 1 8 1 8 12 9 1 8 12 9 1 8 12 9 1 8 12 9 1 8 12 9 1 8 12 9 1 8 12 9 1 8 12 9 1 8 12 9 1 8 12 9 1 8 12 9 1 8 12 9 1 8 12 9 1 8 12 9 1 8 12 9 1 8 12 9 1 8 12 9 1 8 12 9 1 8 12 9 1 8 12 9 1 8 12 9 1 8 12 9 1 8 12 9 1 8 1 8 12 9 1 8 12 9 1 8 1 8 12 9 1 8 1 8 12 9 1 8 1 8 1 8 12 9 1 8 12 9 1 8 12 9 1 8 1 8 12 9 1 8 12 9 1 8 12 9 1 8 12 9 1 8 12 9 1 8 1 8 1 8 1 8 1 8 1 8 1 8 1 8 1 8 1 8 1 8 1 8 1 8 1 8 1 8 1 8 1 8 1 8 1 8 1 8 1 8 1 8 1 8 1 8 1 8 1 8 1 8 1 8 1 8 1 8 12 9 8 1 8 1 8 1 8 1 8 1 8 1 8 1 8 1 8 1 8 1 8 1 8 1 8 1 8 1 8 1 8 12 9 1 8 8 1 8 1 8 12 9 1 8 1 8 1 8 1 8 1 8 1 8 1 8 1 8 12 9 1 8 1 8 1 8 1 8 12 9 1 8 12 9 1 8 12 9 1 8 12 9 8 12 9 1 8 12 9 1 8 12 9 1 8 12 9 1 8 12 9 1 8 12 9 1 8 12 9 1 8 1 8 12 9 1 8 12 9 1 8 12 9 1 8 12 9 1 8 12 9 1 8 12 9 1 8 12 9 1 8 12 9 1 8 12 9 1 8 12 9 1 8 12 9 1 8 12 9 1 8 12 9 1 8 12 9 1 8 12 9 1 8 12 9 1 12 10 12 9 12 9 12 9 12 9 12 9 12 9 12 9 12 9 12 9 12 9 12 9 12 9 12 9 12 9 12 9 12 9 12 9 12 9 12 9 12 9 12 9 12 9 12 9 12 9 12 9 12 9 12 9 12 9 12 9 12 9 12 9 12 9 12 9 12 9 12 9 12 9 12 9 12 9 12 9 12 9 12 9 12 9 12 9 12 9 1 12 10 12 9 12 9 12 9 12 9 12 9 12 9 12 9 12 9 12 9 12 9 1 8 1 12 10 12 9 1 8 12 9 12 9 1 8 12 9 12 9 12 9 12 9 12 9 12 9 12 9 12 9 12 9 12 9 12 9 12 9 12 9 12 9 1 8 12 9 12 9 12 9 12 9 12 9 12 9 12 9 12 9 12 9 12 9 12 9 12 9 12 9 12 9 12 9 12 9 1 7 1 12 10 12 9 1 12 10 12 9 1 8 12 9 1 8 12 9 1 8 12 9 1 8 12 9 12 9 12 9 12 9 12 9 12 9 12 9 12 9 12 9 1 8 12 9 12 9 12 9 12 9 1 8 1 7 1 12 10 1 12 10 12 9 1 8 12 9 1 8 12 9 1 8 12 9 12 9 12 9 1 8 12 9 12 9 1 8 12 9 1 8 12 9 1 8 12 9 12 9 1 8 1 8 12 9 1 8 12 9 1 8 12 9 1 8 12 9 1 8 12 9 1 8 12 9 1 8 12 9 1 8 12 9 1 8 12 9 1 8 12 9 1 8 12 9 1 8 12 9 1 8 12 9 1 8 12 9 1 8 12 9 1 8 12 9 1 12 10 12 9 12 9 1 12 10 12 9 10 12 9 10 12 9 10 12 9 10 12 9 10 12 9 10 12 9 10 12 9 10 12 9 10 12 9 10 12 9 10 12 9 10 12 9 10 12 9 10 12 9 10 12 9 10 12 9 10 12 9 10 12 9 10 12 9 10 10 12 9 10 12 9 10 12 9 10 10 12 9 10 12 9 10 12 9 10 12 9 10 12 9 10 12 9 10 10 12 9 10 10 10 10 12 9 10 12 9 10 12 9 10 12 9 10 12 9 10 12 9 10 10 10 10 12 9 10 10 10 10 1 12 10 12 9 1 8 12 9 1 12 10 12 9 1 8 12 9 1 8 12 9 12 9 1 8 12 9 1 8 12 9 1 8 12 9 1 8 12 9 1 8 12 9 1 8 12 9 1 8 12 9 1 8 12 9 1 8 12 9 1 8 12 9 1 8 12 9 1 8 12 9 1 8 12 9 1 8 12 9 1 8 12 9 1 8 12 9 1 8 12 9 1 8 12 9 1 8 12 9 1 8 12 9 1 8 12 9 1 8 12 9 1 8 12 9 1 8 1 8 12 9 1 8 12 9 12 9 1 8 12 9 1 8 12 9 1 8 12 9 1 8 12 9 1 8 12 9 1 8 12 9 1 8 12 9 1 8 12 9 1 8 12 9 1 8 12 9 1 8 12 9 1 8 12 9 1 8 12 9 10 12 9 10 12 9 10 12 9 1 7 10 12 9 1 7 1 12 10 1 7 1 12 10 1 12 10 1 7 1 12 10 12 9 1 12 10 12 9 1 8 1 12 10 12 9 1 8 12 9 12 9 12 10 12 9 1 7 1 12 10 12 9 1 7 1 12 10 1 12 10 12 9 1 7 12 9 12 9 12 9 9 9 12 9 9 12 9 1 12 10 12 9 12 10 12 9 12 10 12 9 1 12 10 12 9 12 9 1 7 10 12 9 1 1 1 7 1 12 10 1 100 1 12 10 1 7 1 12 10 1 1 1 1 100 12 9 1 100 1 12 10 1 100 1 1 12 11 1 100 1 1 12 10 1 1 12 10 1 7 1 12 10 12 9 1 7 1 8 1 12 10 1 12 10 12 9 1 8 12 9 1 7 1 7 1 7 1 12 10 1 7 1 12 9 1 7 1 12 10 1 12 10 1 100 1 100 1 100 1 12 10 1 12 10 12 9 1 8 1 8 1 12 10 12 9 1 7 1 8 1 8 1 8 1 8 1 8 1 8 1 8 1 8 1 8 1 8 1 8 1 8 1 8 1 8 1 8 12 9 1 8 1 8 12 9 1 1 12 10 1 100 10 1 100 1 1 12 10 1 7 1 1 16 1 12 10 15 1 16 1 7 1 12 10 15 1 1 12 18 1 12 10 1 1 100 12 11 1 12 10 1 12 10 1 7 12 11 1 7 1 100 1 1 12 11 1 7 1 12 11 1 100 1 100 1 12 10 1 12 10 1 100 10 1 12 10 10 1 12 10 12 9 11 12 9 1 7 11 12 9 12 9 1 12 10 1 12 9 1 7 1 1 12 10 1 12 9 1 100 1 1 12 10 12 9 11 1 1 12 11 1 12 11 1 12 10 12 10 12 10 12 10 12 10 12 10 1 12 10 12 10 1 12 10 12 10 1 12 10 1 12 10 1 12 10 1 12 10 1 100 12 10 1 100 12 9 1 12 10 1 100 1 12 9 1 100 1 12 10 1 12 10 1 100 12 10 1 12 10 1 100 12 10 1 12 10 1 12 10 1 100 1 7 1 12 10 1 1 100 1 12 11 1 1 7 9 12 9 1 1 12 10 1 1 12 10 1 1 12 11 1 12 11 12 9 1 12 10 1 1 7 1 12 11 11 1 100 1 8 1 7 1 1 12 10 15 1 12 18 10 12 10 10 1 1 12 10 1 12 10 1 8 18 1 12 10 1 7 10 1 7 1 12 10 1 1 12 11 12 10 15 16 1 12 18 1 7 1 1 12 11 1 7 1 1 12 10 1 1 12 11 1 1 1 1 12 10 12 10 1 1 7 10 1 1 12 10 1 12 10 12 10 1 1 12 10 1 8 1 12 10 10 1 1 12 10 12 9 12 10 15 1 16 1 12 18 12 10 1 16 12 10 15 16 1 12 18 1 100 10 12 10 15 18 1 100 1 12 10 1 1 1 100 10 1 12 10 11 1 100 1 12 10 10 1 12 11 1 12 10 1 1 100 10 12 10 1 1 1 8 1 1 12 10 12 10 1 8 1 12 18 1 1 1 7 1 12 10 1 1 1 1 100 1 1 12 10 1 1 12 10 1 12 10 12 10 1 1 1 12 10 7 1 12 10 1 1 1 12 10 1 12 10 1 1 12 9 1 1 12 11 1 1 1 12 10 12 10 1 12 10 1 12 10 1 1 1 1 1 100 1 1 12 10 11 1 16 12 10 15 1 16 1 12 18 1 100 1 12 10 10 1 12 10 1 12 10 1 100 1 1 1 1 7 1 12 10 1 1 1 1 1 7 1 12 10 1 7 1 12 10 15 1 16 1 12 18 1 1 12 11 1 100 1 10 15 1 16 18 1 10 15 1 16 18 12 9 12 10 1 1 7 10 15 1 16 18 1 1 7 10 15 1 16 18 1 10 15 16 18 10 1 1 7 1 12 10 12 10 15 16 18 1 1 12 10 1 100 10 1 1 7 1 12 10 12 10 1 12 10 12 9 10 1 12 10 1 7 12 9 12 9 1 12 10 1 12 10 12 10 12 10 15 1 16 1 12 18 10 1 1 100 12 10 1 12 10 1 12 10 1 12 10 12 10 15 16 1 12 18 1 12 10 1 7 1 8 18 1 12 10 12 10 1 12 10 1 7 11 10 1 12 10 15 1 12 18 1 7 12 10 1 7 1 12 10 1 1 100 10 1 100 1 12 10 10 1 100 1 12 10 1 100 12 10 1 100 1 12 10 11 10 10 1 12 10 15 1 12 18 1 1 1 1 1 1 1 1 1 1
staticfield com/android/tools/r8/graph/y1 Z5 Lcom/android/tools/r8/graph/E2; com/android/tools/r8/graph/E2
staticfield com/android/tools/r8/graph/y1 a6 Lcom/android/tools/r8/graph/D2; com/android/tools/r8/graph/D2
staticfield com/android/tools/r8/graph/y1 b6 Ljava/util/IdentityHashMap; java/util/IdentityHashMap
staticfield com/android/tools/r8/graph/y1 c6 Lcom/android/tools/r8/internal/Cm; com/android/tools/r8/internal/VS
staticfield com/android/tools/r8/graph/y1 d6 Lcom/android/tools/r8/internal/Cm; com/android/tools/r8/internal/VS
staticfield com/android/tools/r8/graph/y1 e6 Lcom/android/tools/r8/internal/Cm; com/android/tools/r8/internal/VS
staticfield com/android/tools/r8/graph/y1 f6 Z 1
ciInstanceKlass com/android/tools/r8/graph/A2 1 1 255 1 8 1 1 7 1 1 7 1 100 1 1 1 1 1 1 1 1 1 1 1 12 10 12 9 12 9 12 9 1 1 1 16 1 1 12 10 15 1 16 1 7 1 1 12 10 15 1 1 12 18 1 7 1 1 12 10 1 12 10 15 16 18 1 1 12 10 15 16 18 1 1 7 1 12 10 1 12 10 12 9 1 1 16 12 10 15 12 18 1 1 7 1 12 10 1 7 10 1 1 1 12 10 10 1 1 12 10 15 1 16 1 12 18 1 100 1 12 10 1 100 1 1 12 10 1 12 10 12 10 15 18 1 100 1 1 12 10 1 100 1 12 10 1 1 1 100 1 1 12 11 1 12 10 1 1 1 1 12 10 1 12 10 1 12 9 1 7 1 1 12 10 1 7 1 12 10 1 1 1 8 1 100 1 1 12 10 15 1 12 18 1 1 100 1 12 11 1 12 11 12 10 100 1 100 1 1 100 1 12 9 1 12 10 1 1 100 1 12 10 1 12 10 1 1 100 1 8 1 12 10 1 12 10 1 1 12 10 1 8 1 12 10 12 10 1 1 1 1 1 1 1 1 1
staticfield com/android/tools/r8/graph/A2 h Lcom/android/tools/r8/graph/A2; com/android/tools/r8/graph/A2
ciInstanceKlass com/android/tools/r8/graph/s2 1 1 469 1 8 1 1 7 1 1 7 1 1 1 1 1 12 10 12 9 1 7 1 1 12 10 1 7 1 100 1 1 12 10 1 8 1 100 1 1 12 10 15 1 12 18 1 12 10 1 1 1 16 1 1 12 10 15 1 16 1 7 1 1 12 10 15 1 1 12 18 1 7 1 1 12 10 1 1 12 10 15 1 16 18 1 12 10 15 16 18 1 1 7 1 12 10 1 12 10 1 1 12 10 1 8 1 1 12 9 1 8 1 1 12 9 1 12 10 1 8 1 1 12 10 1 8 1 7 1 12 9 1 7 1 1 12 9 1 8 1 12 10 1 1 100 1 12 10 1 1 12 10 1 100 1 12 11 1 12 10 1 1 16 12 10 15 12 18 1 1 7 1 12 10 1 7 1 12 9 1 12 9 1 7 1 12 11 1 1 12 10 1 16 15 16 1 1 12 18 1 7 1 1 12 11 1 1 1 12 10 1 1 100 12 10 1 1 1 1 1 1 1 1 9 1 1 100 12 11 1 1 1 100 12 11 1 1 1 12 10 1 100 1 12 10 10 1 12 10 1 7 1 100 1 1 12 10 1 100 1 1 100 1 12 10 1 100 10 1 1 1 7 10 100 1 12 10 1 7 1 1 12 10 1 1 12 10 1 8 1 7 1 12 10 1 7 1 1 12 10 10 1 1 12 10 1 12 10 1 1 12 10 12 10 1 100 1 12 11 12 10 10 1 7 1 12 9 1 100 12 10 1 1 12 10 1 12 11 1 1 100 1 12 9 1 12 10 1 1 7 1 1 12 10 1 7 1 12 10 1 1 7 1 12 10 10 12 10 1 12 10 1 1 1 12 10 12 10 1 1 1 1 8 1 12 18 1 12 10 10 1 8 1 12 18 12 10 1 1 1 7 1 12 9 1 1 12 10 1 12 9 1 12 10 1 100 1 12 11 1 12 10 1 100 1 12 10 1 12 10 12 10 12 10 1 12 9 1 1 12 10 1 1 1 1 1 12 10 1 12 10 1 1 7 1 12 10 1 1 1 1 12 10 1 1 1 1 1 1 1
ciInstanceKlass com/android/tools/r8/graph/D2 1 1 264 1 8 1 1 7 1 1 7 1 100 1 100 1 1 1 1 1 1 1 1 1 1 1 12 10 12 9 12 9 1 1 7 1 1 12 10 1 1 12 10 1 1 12 10 12 9 1 100 10 100 1 12 10 1 1 7 1 1 12 9 1 7 1 12 11 1 1 12 10 1 7 1 12 10 1 7 1 12 10 1 1 7 1 1 12 10 12 9 1 1 1 12 10 1 12 10 1 1 1 1 1 100 10 1 1 1 1 1 1 100 1 12 9 1 100 1 12 11 1 1 7 1 1 12 10 1 1 1 1 12 10 1 12 10 1 100 1 100 1 8 1 12 10 1 1 100 1 1 12 10 1 100 1 8 12 10 1 8 1 8 1 12 10 1 1 100 1 1 12 9 1 12 10 1 1 7 1 12 10 1 1 12 10 1 1 12 10 1 12 10 1 1 100 10 12 10 1 1 12 10 1 8 1 8 1 100 1 1 12 10 1 8 10 1 1 12 10 1 1 1 1 1 100 1 1 12 10 1 100 1 12 10 1 1 1 12 10 1 1 7 1 12 10 1 12 10 1 1 1 1 1 1 1 1 12 10 1 1 1 1 1 1 1
staticfield com/android/tools/r8/graph/D2 g [Lcom/android/tools/r8/graph/D2; 0 [Lcom/android/tools/r8/graph/D2;
staticfield com/android/tools/r8/graph/D2 h Z 1
instanceKlass com/android/tools/r8/internal/tZ
instanceKlass com/android/tools/r8/internal/c6
instanceKlass com/android/tools/r8/internal/oN
instanceKlass com/android/tools/r8/internal/KS
ciInstanceKlass com/android/tools/r8/internal/O00 1 1 338 1 8 1 1 7 1 7 1 1 1 1 12 10 1 1 1 7 1 1 12 9 1 1 1 7 1 12 9 1 1 1 7 1 1 12 9 1 1 1 7 1 12 9 1 1 1 7 1 12 9 1 1 1 7 1 12 9 1 1 1 7 1 12 9 1 1 1 7 1 12 9 1 1 1 100 1 1 12 9 1 1 1 7 1 12 9 1 1 1 7 1 12 9 1 1 1 100 1 12 9 1 1 1 7 1 12 9 1 1 12 10 1 100 1 1 12 11 1 7 1 100 1 1 12 11 1 1 12 11 1 12 10 1 1 12 10 1 7 1 1 12 9 1 12 10 1 12 10 1 1 12 9 1 1 12 9 12 9 1 7 12 10 1 100 10 12 10 1 7 1 12 10 1 7 12 9 1 12 9 1 7 1 12 9 1 12 10 1 12 10 1 1 100 1 12 10 1 1 7 1 12 10 1 1 1 100 1 1 12 10 1 12 10 1 16 12 10 15 1 16 1 100 1 1 12 10 15 1 1 12 18 12 10 1 1 1 12 10 12 10 1 1 1 1 12 10 1 1 12 10 1 12 10 12 10 1 12 10 12 10 12 10 12 10 1 12 10 1 10 1 1 1 1 1 1 1 1 12 10 12 10 1 100 1 1 12 10 1 1 1 1 1 1 1 1 1 1 1 1 12 10 1 7 1 1 1 12 10 1 1 1 1 1 1 12 10 12 10 12 10 12 10 12 10 12 10 12 10 1 12 10 1 1 1 1 1 1
staticfield com/android/tools/r8/internal/O00 a Z 1
ciInstanceKlass com/android/tools/r8/graph/E2 1 1 431 1 8 1 1 7 1 1 7 1 100 1 1 1 1 1 1 1 1 1 1 1 1 1 12 10 12 9 12 9 1 7 1 1 12 10 1 8 1 7 1 1 12 10 1 100 1 8 1 100 1 1 12 10 15 1 12 18 1 12 10 12 9 1 1 7 1 1 12 10 12 9 1 8 1 8 1 8 1 8 1 8 1 8 1 8 1 8 1 8 1 7 1 1 12 10 12 9 1 1 12 10 10 1 12 10 1 1 12 10 1 8 1 100 1 12 10 1 1 12 10 1 1 1 100 1 1 12 10 1 1 1 1 1 1 12 10 1 1 1 1 100 1 12 10 1 100 1 12 10 1 1 1 100 1 1 12 10 1 1 12 10 1 100 1 12 11 1 12 10 1 1 1 100 10 1 1 100 1 12 10 1 1 1 1 1 12 10 1 12 10 1 1 7 1 12 10 1 1 12 10 1 1 7 1 12 10 1 7 1 12 10 1 1 100 1 12 10 1 12 10 1 1 12 9 1 100 1 12 10 1 12 10 1 100 1 12 10 1 1 12 10 10 1 1 12 10 1 1 12 10 1 1 7 1 1 12 11 1 1 100 1 12 11 1 1 12 10 1 7 1 1 12 9 1 7 1 12 10 1 7 12 10 1 1 1 12 9 1 1 1 100 12 11 1 1 12 9 1 100 1 12 10 1 12 11 1 1 100 1 12 9 1 12 10 1 1 12 10 1 1 1 1 1 1 1 1 1 1 12 9 1 1 12 10 12 10 12 10 1 12 10 12 10 1 12 10 1 8 1 12 18 1 12 10 1 1 12 10 1 1 12 9 1 7 1 1 12 10 1 12 10 1 12 10 1 1 1 1 8 1 12 10 1 8 1 12 18 1 12 10 1 8 18 1 12 10 12 10 1 1 12 10 1 12 10 1 12 10 1 12 10 1 1 7 1 12 10 1 1 1 1 12 10 1 1 1 1 1 1 1
staticfield com/android/tools/r8/graph/E2 h [Lcom/android/tools/r8/graph/E2; 0 [Lcom/android/tools/r8/graph/E2;
staticfield com/android/tools/r8/graph/E2 i Lcom/android/tools/r8/internal/Cm; com/android/tools/r8/internal/VS
staticfield com/android/tools/r8/graph/E2 j Z 1
ciInstanceKlass com/android/tools/r8/internal/mb 1 1 647 1 8 1 1 7 1 7 1 100 1 100 1 100 1 7 1 1 1 1 1 1 1 1 1 1 1 1 1 12 9 1 100 1 1 12 10 1 100 1 7 1 7 1 1 12 10 1 16 1 12 10 15 1 16 1 7 1 1 12 10 15 1 1 12 18 1 7 1 12 10 1 1 1 1 12 10 15 1 12 18 1 1 12 10 15 1 12 18 1 1 100 1 12 10 1 7 1 12 9 1 100 1 12 10 1 1 12 10 1 1 12 10 1 100 12 9 1 100 1 1 12 10 1 100 1 12 10 1 7 1 100 1 12 11 1 1 1 12 9 1 100 1 12 11 10 1 1 12 9 1 1 12 10 1 100 1 12 9 1 100 1 1 12 10 1 12 11 1 100 1 100 1 100 10 1 100 10 1 16 1 12 10 15 1 16 1 1 12 18 1 12 10 12 10 15 18 10 1 1 12 10 12 9 1 12 9 1 12 10 15 16 1 12 18 1 1 12 11 12 9 1 12 9 1 100 12 10 12 9 12 10 1 100 1 12 10 12 9 9 10 10 1 12 9 1 100 1 12 9 100 1 12 10 10 10 1 12 10 15 16 1 12 18 1 12 10 1 12 10 1 1 12 10 1 100 1 12 11 1 12 11 1 100 1 12 10 12 10 1 12 10 12 10 1 100 1 12 10 1 12 10 1 12 10 1 12 10 1 12 10 12 9 1 100 1 1 12 10 12 10 11 9 1 12 10 12 9 1 100 12 9 11 12 9 12 9 1 1 100 12 11 1 8 1 12 10 1 1 1 12 10 1 8 1 100 1 1 12 10 15 1 12 18 1 100 1 1 12 10 1 12 10 1 1 7 1 12 10 1 12 10 12 10 1 12 10 12 9 12 9 12 9 12 9 1 1 12 9 1 1 12 10 12 10 1 12 10 1 1 12 10 1 12 10 12 10 12 10 1 1 100 11 1 100 1 100 12 10 1 12 10 1 100 12 10 10 1 100 1 8 1 12 18 1 12 10 12 10 1 1 1 10 16 12 10 15 16 1 12 18 1 12 10 1 12 10 1 16 12 10 15 1 16 1 1 12 18 1 12 10 1 1 1 12 10 1 100 10 1 1 12 10 1 8 1 12 10 1 8 1 12 10 15 1 16 18 1 100 1 1 12 11 1 1 12 10 1 1 12 11 12 10 15 16 18 1 100 1 1 12 11 1 8 1 100 1 1 12 10 1 1 12 11 1 8 10 1 1 7 1 1 12 10 1 1 12 10 1 100 12 9 1 12 9 1 100 1 12 9 1 12 10 10 10 12 10 15 1 12 18 10 12 9 12 10 15 1 12 18 1 1 1 7 1 12 10 1 12 10 1 12 9 1 12 10 1 12 9 12 10 1 100 12 10 12 10 12 10 12 10 1 100 12 10 12 10 1 100 10 1 1 1 12 10 12 9 12 9 1 1 1 1 1 1 1 1
staticfield com/android/tools/r8/internal/mb i Z 1
instanceKlass com/android/tools/r8/utils/o2
ciInstanceKlass com/android/tools/r8/utils/L 1 1 41 1 8 1 1 7 1 7 1 1 12 10 1 1 1 1 1 1 1 12 10 12 10 1 12 10 1 1 1 1 1 100 1 1 12 10 1 1 1 1 1
instanceKlass com/android/tools/r8/utils/n2
instanceKlass com/android/tools/r8/utils/m2
instanceKlass com/android/tools/r8/utils/l2
ciInstanceKlass com/android/tools/r8/utils/o2 1 1 53 1 8 1 1 7 1 7 1 1 1 1 1 1 12 10 1 12 9 12 9 1 1 1 1 12 9 1 1 7 10 1 7 10 1 7 10 1 1 1 1 1 100 1 1 12 10 1 1 1 1 1 1
staticfield com/android/tools/r8/utils/o2 a Lcom/android/tools/r8/utils/o2; com/android/tools/r8/utils/l2
staticfield com/android/tools/r8/utils/o2 b Lcom/android/tools/r8/utils/o2; com/android/tools/r8/utils/m2
staticfield com/android/tools/r8/utils/o2 c Lcom/android/tools/r8/utils/o2; com/android/tools/r8/utils/n2
ciInstanceKlass com/android/tools/r8/internal/ZU 1 1 133 1 8 1 1 100 1 100 1 1 1 100 1 1 12 10 1 1 1 100 1 12 10 1 100 1 1 12 11 1 100 1 12 10 1 1 100 1 12 10 1 12 10 1 1 7 12 10 1 1 1 100 10 1 1 7 10 1 7 1 1 12 10 1 1 100 11 1 100 1 1 12 11 1 1 12 11 1 1 12 10 1 1 12 11 1 1 12 11 1 100 1 100 1 1 1 12 10 1 100 1 12 11 11 1 1 12 11 1 12 11 11 12 11 1 1 8 1 8 1 100 1 12 10 1 100 1 12 10 1 1 1 1
ciInstanceKlass com/android/tools/r8/internal/lr 1 1 187 1 8 1 1 7 1 7 1 100 1 1 1 1 1 1 1 1 1 1 1 1 1 1 1 1 1 1 1 1 1 1 12 10 1 1 100 1 1 12 11 1 1 12 10 4 12 10 12 9 1 7 1 1 12 10 12 9 12 9 1 12 10 12 9 12 9 1 7 12 9 1 100 1 8 1 12 10 1 12 10 6 0 1 7 11 12 10 12 9 1 7 1 1 12 10 1 12 10 5 0 1 1 12 10 5 0 1 12 10 10 1 12 9 1 12 10 100 1 7 1 12 9 1 1 12 10 1 1 1 1 100 1 1 7 1 1 12 10 1 12 10 1 1 1 1 12 9 1 7 12 10 1 1 12 9 1 100 10 1 1 100 1 1 12 10 1 12 9 1 7 10 1 1 12 10 10 10 1 100 1 100 10 1 1 1 1
ciInstanceKlass com/android/tools/r8/internal/cl 1 1 69 1 8 1 1 7 1 100 1 1 3 1 5 0 1 1 1 7 1 1 12 10 1 1 12 10 12 10 5 0 1 1 12 10 5 0 1 100 1 100 1 8 1 1 12 10 1 1 12 10 1 8 1 12 10 1 12 10 1 8 1 1 12 10 10 1 1 1 1
ciInstanceKlass com/android/tools/r8/graph/y1$$Lambda$19+0x0000000020033578 1 1 26 1 7 1 7 1 100 1 1 12 10 1 1 1 7 1 7 1 1 12 10 1 12 10 1 1
ciInstanceKlass com/android/tools/r8/graph/G2 1 1 181 1 8 1 1 7 1 1 7 1 100 1 100 1 1 1 1 1 1 1 1 1 16 1 12 10 15 16 1 7 1 1 12 10 15 1 1 12 18 1 7 1 12 10 1 1 12 9 1 1 12 10 1 7 1 12 9 12 9 1 12 9 1 100 10 100 1 12 10 12 10 1 1 7 1 1 12 10 10 1 1 1 1 1 1 1 12 10 1 100 1 12 10 12 10 1 1 16 12 10 15 12 18 1 1 12 10 1 1 1 1 1 1 7 1 1 12 11 1 1 1 1 1 1 7 1 12 10 1 1 100 1 12 10 1 1 1 12 10 1 1 1 1 1 100 1 1 12 11 1 1 1 100 10 1 1 12 10 1 12 10 12 10 1 1 1 1 7 1 12 10 1 1 1 1 1 1 1 1 1 1
staticfield com/android/tools/r8/graph/G2 c Lcom/android/tools/r8/graph/G2; com/android/tools/r8/graph/G2
staticfield com/android/tools/r8/graph/G2 d Z 1
instanceKlass com/android/tools/r8/graph/c1
instanceKlass com/android/tools/r8/graph/f1
ciInstanceKlass com/android/tools/r8/graph/d1 1 1 142 1 8 1 1 7 1 1 7 1 1 1 1 1 1 1 1 1 12 10 12 9 12 9 12 9 1 1 1 100 1 1 12 11 1 1 1 1 1 1 1 1 1 1 12 10 1 7 1 12 10 1 1 1 1 1 1 12 10 1 1 1 1 1 1 1 1 1 12 10 1 7 1 12 10 1 1 12 10 1 1 1 16 12 10 15 1 16 1 100 1 1 12 10 15 1 1 12 18 12 10 15 1 16 18 12 10 1 1 1 1 1 1 1 1 100 1 1 12 10 1 7 12 10 1 1 12 10 1 1 1 1 12 10 1 1 1 1 1 1 1 1
ciInstanceKlass com/android/tools/r8/graph/f1 1 1 1202 1 8 1 1 7 1 1 7 1 100 1 7 1 7 1 7 1 1 7 1 100 1 1 100 1 100 1 1 100 1 7 1 100 1 1 100 1 100 1 100 1 100 1 100 1 1 1 1 1 1 1 1 1 1 1 1 1 1 1 1 1 1 1 1 1 1 1 1 1 1 1 1 1 1 1 1 1 1 12 10 12 9 12 9 1 7 1 12 9 12 9 1 7 1 12 10 12 9 12 9 12 9 12 9 12 9 12 9 12 9 12 9 12 9 12 9 12 9 1 7 1 1 12 10 1 7 12 9 12 9 1 100 1 12 10 1 7 1 7 1 7 1 1 12 10 1 16 1 1 12 10 15 1 16 1 100 1 1 12 10 15 1 1 12 18 1 100 1 12 10 1 1 12 10 15 1 16 18 1 100 1 1 12 10 15 1 16 18 1 12 10 15 16 18 1 12 10 15 16 18 12 10 1 16 1 12 10 15 1 16 1 1 12 18 1 12 10 12 10 15 18 12 10 1 1 12 10 15 1 16 18 1 16 1 12 10 15 16 1 12 18 1 16 1 12 10 15 16 1 12 18 1 12 10 1 12 10 1 1 12 10 1 100 1 12 11 1 12 10 1 1 12 10 1 100 1 12 11 1 100 1 8 1 100 1 1 12 10 15 1 12 18 1 12 10 1 100 1 12 10 1 12 11 1 100 11 1 1 7 1 100 1 1 12 9 1 100 1 12 10 1 7 1 12 11 1 7 1 12 10 1 1 12 10 1 1 12 10 1 7 1 12 10 1 12 10 1 100 1 12 9 1 12 10 1 12 10 1 1 12 10 1 100 1 12 10 1 1 100 1 100 1 100 12 10 1 100 1 1 12 10 1 1 12 10 1 12 10 12 10 1 7 1 7 1 12 9 12 9 1 12 10 1 12 10 1 1 12 10 1 12 10 1 12 10 1 12 10 1 12 10 12 9 1 7 12 10 1 1 12 9 1 100 12 10 1 12 9 12 9 1 12 10 12 10 1 12 10 1 12 10 12 9 12 9 12 9 1 12 10 1 1 1 1 12 10 1 1 1 12 10 12 10 1 12 10 1 1 100 1 12 9 1 100 1 12 11 1 100 12 9 12 10 1 1 7 1 12 10 12 9 1 12 10 12 9 12 9 1 7 1 12 9 1 7 1 12 9 12 10 12 9 1 7 12 10 1 1 1 100 12 10 1 1 12 10 12 10 1 12 9 1 7 1 12 9 1 100 1 12 9 1 100 100 1 100 1 12 10 12 10 1 100 1 1 12 10 1 12 10 1 12 10 1 12 10 1 1 12 10 1 8 1 12 18 1 12 10 1 8 1 12 9 1 12 9 1 12 10 1 12 9 8 1 12 10 1 12 9 12 9 1 1 12 9 1 100 1 12 10 1 100 1 12 10 1 100 1 12 10 1 100 10 1 100 10 12 10 1 1 12 9 1 8 1 8 1 12 10 1 12 10 1 100 1 100 1 12 10 1 100 1 12 10 1 100 1 12 10 1 100 1 12 10 1 100 1 12 9 1 12 10 1 100 10 1 100 1 12 10 1 12 9 1 12 10 1 100 10 1 12 10 1 12 10 1 1 16 1 12 10 15 1 16 1 1 12 18 12 10 15 18 1 12 10 12 10 15 16 1 12 18 1 12 10 12 10 1 12 11 1 12 10 12 9 1 100 1 12 9 12 9 1 100 1 1 12 10 1 12 9 1 1 1 12 10 1 1 16 12 10 15 12 18 1 1 1 12 10 1 12 10 1 1 1 1 12 10 1 1 12 10 1 1 1 7 1 12 10 1 9 1 1 12 10 12 9 1 1 100 12 10 12 10 12 10 10 1 8 1 12 18 12 10 1 8 18 1 1 100 12 11 1 1 12 10 1 12 10 1 100 1 100 1 12 10 1 1 1 12 10 1 1 12 10 1 12 10 1 1 12 10 1 1 12 10 1 1 12 10 1 12 10 1 12 10 1 12 10 1 12 10 1 12 10 12 10 1 12 10 1 1 1 12 10 1 12 10 1 1 12 10 1 12 10 1 1 1 1 1 100 1 12 10 1 12 10 1 100 1 12 9 12 9 1 100 10 1 8 18 10 1 100 1 100 1 7 1 12 10 1 8 1 12 18 12 10 1 100 1 12 10 12 10 1 12 10 12 10 1 12 10 12 10 12 10 12 10 1 1 12 9 1 7 1 12 9 12 9 12 9 12 9 12 9 12 9 12 9 1 1 8 1 12 18 1 1 100 1 12 10 1 1 1 1 1 1 7 1 7 1 12 11 12 11 1 1 12 10 1 1 100 1 12 10 1 12 10 1 100 1 8 10 1 12 10 12 10 1 1 12 10 1 8 10 1 1 12 10 1 12 10 10 1 12 9 1 12 10 15 1 16 1 12 18 1 12 10 12 10 15 18 1 12 10 1 12 10 1 12 9 12 10 12 10 12 9 1 12 10 1 1 100 12 11 1 1 12 10 12 10 15 18 1 1 8 1 100 1 12 9 1 12 10 1 100 1 1 1 1 1 1 12 11 1 1 1 7 1 12 11 1 7 1 1 12 10 12 10 12 10 1 1 12 10 1 12 10 12 9 10 1 1 1 1 1 1 1 1 1 1 1 12 10 12 10 12 10 12 10 10 1 12 10 1 12 10 15 18 12 10 15 1 16 1 12 18 1 12 10 12 10 1 1 1 1 1 1 1 1 1
staticfield com/android/tools/r8/graph/f1 t [Lcom/android/tools/r8/graph/f1; 0 [Lcom/android/tools/r8/graph/f1;
staticfield com/android/tools/r8/graph/f1 u Lcom/android/tools/r8/graph/f1; com/android/tools/r8/graph/f1
staticfield com/android/tools/r8/graph/f1 v Lcom/android/tools/r8/internal/Oq; com/android/tools/r8/internal/Oq
staticfield com/android/tools/r8/graph/f1 w Z 1
instanceKlass com/android/tools/r8/graph/A0
instanceKlass com/android/tools/r8/graph/C0
ciInstanceKlass com/android/tools/r8/graph/B0 1 1 132 1 8 1 1 7 1 1 7 1 100 1 1 1 1 1 1 1 1 1 12 10 12 9 1 100 10 1 7 1 7 1 1 12 9 1 1 12 10 12 9 12 9 1 1 7 1 1 12 10 1 1 12 10 1 1 12 10 1 1 1 1 1 1 1 1 1 12 10 1 100 1 12 10 1 1 12 10 1 1 1 12 9 1 1 1 7 1 12 10 1 12 10 1 1 1 100 1 8 1 12 10 1 1 1 8 1 1 1 12 10 1 1 1 1 1 1 1 1 100 1 8 1 1 12 10 1 1 1 8 1 1
staticfield com/android/tools/r8/graph/B0 d Z 1
instanceKlass com/android/tools/r8/graph/b0
instanceKlass com/android/tools/r8/graph/q4
instanceKlass com/android/tools/r8/graph/A5
ciInstanceKlass com/android/tools/r8/graph/C0 1 1 199 1 8 1 1 7 1 1 7 1 100 1 1 1 1 1 12 10 12 9 1 7 1 1 12 10 1 100 1 100 1 12 10 1 12 10 1 7 1 7 1 12 10 1 7 1 1 1 100 1 1 12 11 1 1 1 12 10 1 12 10 1 1 12 10 1 12 10 1 100 1 7 1 1 12 10 1 12 10 1 1 7 1 12 10 1 1 12 10 1 12 10 1 12 10 10 1 1 1 1 1 12 10 1 1 1 1 1 1 12 10 1 7 1 12 10 1 1 1 100 1 1 12 10 1 100 1 12 10 1 1 1 12 10 1 1 12 9 1 1 100 1 12 10 1 12 10 1 12 10 1 12 10 1 1 1 1 1 12 10 1 1 1 12 10 1 1 1 12 10 1 1 1 1 1 1 1 1 12 10 1 1 1 1 1 1 1 1 1 1 100 1 8 1 1 12 10 1 1
staticfield com/android/tools/r8/graph/C0 e Z 1
instanceKlass java/lang/ArrayIndexOutOfBoundsException
ciInstanceKlass java/lang/IndexOutOfBoundsException 1 0 49 10 100 12 1 1 1 10 12 1 100 1 10 8 1 10 12 1 1 10 12 1 10 12 1 1 10 12 1 100 1 1 1 1 5 0 1 1 1 1 1 1 1 1 1 1 1 1 1
ciInstanceKlass java/lang/AssertionError 0 0 79 10 100 12 1 1 1 10 12 1 10 100 12 1 1 1 10 100 1 100 1 10 12 1 1 10 12 1 10 12 1 10 12 1 10 12 1 10 12 1 10 12 1 10 12 1 1 1 1 5 0 1 1 1 1 1 1 1 1 1 1 100 1 1 1 1 1 1 1 1 1 1 1 1 1 1 1 1 1
instanceKlass com/android/tools/r8/internal/Ks
ciInstanceKlass java/lang/IllegalStateException 0 0 35 10 100 12 1 1 1 10 12 1 10 12 1 10 12 1 100 1 1 1 1 5 0 1 1 1 1 1 1 1 1 1 1 1 1
ciInstanceKlass java/util/NoSuchElementException 0 0 34 10 100 12 1 1 1 10 12 1 10 12 1 10 12 1 100 1 1 1 1 5 0 1 1 1 1 1 1 1 1 1 1 1
ciInstanceKlass java/util/ConcurrentModificationException 0 0 34 10 100 12 1 1 1 10 12 1 10 12 1 10 12 1 100 1 1 1 1 5 0 1 1 1 1 1 1 1 1 1 1 1
ciInstanceKlass com/android/tools/r8/utils/A1 1 1 1609 1 8 1 1 7 1 7 1 100 1 7 1 7 1 100 1 100 1 7 1 7 1 7 1 7 1 100 1 7 1 7 1 100 1 7 1 7 1 7 1 7 1 7 1 7 1 7 1 100 1 100 1 100 1 7 1 7 1 7 1 1 1 1 1 1 1 1 1 1 1 1 1 1 1 1 1 100 1 100 1 100 1 100 1 100 1 1 1 1 1 1 1 1 1 1 1 1 1 1 1 1 1 1 1 1 1 1 1 1 1 1 1 1 1 1 1 1 1 1 1 1 1 1 1 1 1 1 1 1 1 1 1 1 1 1 1 1 1 1 1 1 1 1 1 1 1 1 1 1 1 1 1 1 1 1 1 1 1 1 1 1 1 1 1 1 1 1 1 1 1 1 1 1 1 1 1 1 1 1 1 1 1 1 1 1 1 1 1 1 1 1 1 1 1 1 1 1 1 1 1 1 1 1 1 1 1 1 1 1 1 1 1 1 1 1 1 1 1 1 1 1 1 1 1 1 1 1 1 1 1 1 1 1 1 1 1 1 1 1 1 1 1 1 1 1 1 1 1 1 1 1 1 1 1 1 1 1 1 1 1 1 1 1 1 1 1 1 1 1 1 1 1 1 1 1 1 1 1 1 1 1 1 1 12 10 1 7 1 12 10 12 9 12 9 12 9 12 9 12 9 12 9 12 9 12 9 1 7 1 1 12 10 12 9 1 8 1 7 1 1 12 10 12 9 1 8 12 9 12 9 12 9 1 8 1 7 1 12 10 1 8 1 12 10 12 9 12 9 1 8 12 9 12 9 12 9 12 9 12 9 12 9 12 9 12 9 12 9 12 9 12 9 12 9 12 9 12 9 12 9 12 9 1 16 1 12 10 15 16 1 7 1 1 12 10 15 1 1 12 18 12 9 12 9 12 9 1 8 12 9 12 9 1 7 1 1 12 10 12 9 12 9 12 9 12 9 12 9 12 9 10 12 9 12 9 12 9 12 9 12 9 12 9 1 8 12 9 12 9 12 9 12 9 1 8 12 9 12 9 12 9 1 8 12 9 1 8 12 9 1 8 12 9 1 8 12 9 1 7 1 12 10 12 9 12 9 12 9 1 12 10 12 9 12 10 12 9 1 12 10 12 9 1 7 1 12 10 12 9 12 9 12 9 12 9 1 8 12 9 1 8 12 9 12 9 12 9 12 9 12 9 12 9 12 9 1 8 12 9 12 9 1 7 12 9 12 9 12 9 12 9 12 9 1 8 12 9 12 9 12 9 12 9 12 9 12 9 12 9 12 9 12 9 12 9 12 9 12 9 12 9 1 7 1 12 10 12 9 10 12 9 10 12 9 10 12 9 10 12 9 10 12 9 10 12 9 10 12 9 10 12 9 1 7 10 12 9 10 12 9 10 12 9 10 12 9 10 12 9 1 7 10 12 9 1 7 10 12 9 1 7 10 12 9 10 12 9 12 9 12 9 12 9 12 9 1 7 10 12 9 12 9 12 9 12 9 12 9 12 9 12 9 12 9 12 9 12 9 1 7 1 12 10 12 9 12 9 12 9 12 9 12 9 12 9 12 9 12 9 12 9 1 7 1 12 10 12 9 12 9 12 9 1 100 10 12 9 1 7 10 12 9 12 9 12 9 12 9 1 1 1 12 9 1 100 10 12 10 1 1 1 1 100 1 100 1 1 12 9 1 12 10 1 12 10 12 10 12 10 12 10 12 10 12 10 12 10 12 10 12 10 12 10 1 1 1 1 100 1 12 10 1 100 1 12 10 1 12 9 1 8 1 100 1 1 12 10 15 1 12 18 1 1 7 10 1 100 1 12 9 1 16 1 7 1 1 12 11 15 1 16 1 1 12 18 1 16 18 1 16 18 1 12 10 12 9 1 1 12 11 1 100 1 12 11 1 1 12 11 1 100 1 8 1 12 10 1 16 12 10 15 1 16 1 1 12 18 1 8 1 100 1 12 10 1 1 12 10 1 8 12 9 1 12 11 12 10 15 1 16 18 1 8 10 1 16 18 1 8 1 8 1 8 1 16 18 1 8 1 12 10 12 9 12 9 12 9 1 1 1 100 1 12 10 1 1 7 1 12 10 1 8 1 7 12 9 12 9 12 9 1 12 10 1 1 12 10 1 7 1 12 9 12 9 12 9 1 8 1 7 12 9 1 100 10 1 12 10 15 16 1 12 18 1 12 10 12 10 1 7 1 12 9 1 8 1 12 10 1 12 10 1 100 12 9 12 9 12 9 12 9 12 9 1 1 7 11 1 16 1 12 10 15 1 16 1 12 18 1 12 10 12 10 12 9 1 12 10 12 10 1 7 1 12 11 1 12 11 12 10 1 12 10 12 9 12 9 9 12 9 9 9 12 10 12 10 1 12 9 1 1 1 12 10 1 8 1 12 10 1 12 9 12 9 1 12 9 1 8 1 100 1 12 9 1 100 1 12 10 10 12 10 1 12 10 1 7 1 12 9 12 9 1 8 1 7 1 12 10 1 8 1 100 1 1 12 10 1 100 1 12 9 1 7 1 100 12 10 1 100 1 1 12 10 1 12 10 1 12 10 1 12 9 1 100 12 10 1 8 1 100 1 100 10 1 12 9 10 10 1 100 1 12 10 1 100 1 12 9 12 10 1 8 12 9 1 8 1 8 1 8 1 8 1 1 12 9 1 1 1 1 7 1 7 1 12 9 1 100 1 100 12 9 12 9 1 100 1 8 10 12 10 12 10 12 10 1 1 1 1 12 11 12 9 1 100 11 12 9 1 100 12 9 1 100 1 1 12 10 1 1 12 11 1 100 12 11 12 9 12 10 12 9 12 9 1 1 1 12 10 1 12 9 12 10 9 1 12 10 1 100 1 12 9 1 12 10 12 10 10 12 9 9 1 1 1 1 1 1 1 1 1 1 1 1 1 1 1 1 10 1 8 12 10 1 8 12 10 1 100 12 10 1 8 18 1 1 100 1 8 1 100 12 10 1 100 12 11 12 10 1 1 1 1 1 1 12 10 1 7 11 1 12 9 1 7 12 10 1 7 10 1 100 1 12 10 1 100 1 1 100 11 1 100 12 10 1 100 1 1 12 10 12 10 15 16 1 12 18 1 100 1 12 10 1 100 1 12 10 1 12 10 1 1 12 10 1 1 12 10 12 10 15 16 18 1 1 12 10 1 7 1 1 12 10 12 10 15 18 1 12 10 15 18 1 7 1 12 10 12 10 1 100 1 100 1 8 1 12 10 1 7 1 12 9 1 12 10 1 100 12 10 1 12 10 1 12 11 11 1 9 1 100 1 1 12 9 1 12 9 1 12 9 12 9 12 9 12 11 1 12 9 1 12 10 12 9 1 100 10 10 12 10 1 100 1 12 11 12 10 1 12 9 12 9 12 9 12 10 12 9 12 9 10 1 100 1 8 10 1 12 10 1 100 1 12 10 1 12 10 10 1 100 1 8 1 12 10 1 8 1 12 9 1 12 10 1 8 9 1 12 10 1 8 9 1 12 10 1 1 12 10 1 100 11 1 8 1 8 1 8 1 12 18 1 8 12 10 1 100 1 100 12 10 12 10 1 8 1 8 12 9 12 9 12 9 1 8 1 1 1 1 1 1 1 1 1 1
staticfield com/android/tools/r8/utils/A1 R1 Z 0
staticfield com/android/tools/r8/utils/A1 S1 Lcom/android/tools/r8/internal/C9; com/android/tools/r8/internal/C9
staticfield com/android/tools/r8/utils/A1 T1 I 41
staticfield com/android/tools/r8/utils/A1 U1 Z 1
ciInstanceKlass com/android/tools/r8/graph/A5 1 1 379 1 8 1 1 7 1 1 7 1 100 1 100 1 100 1 1 7 1 7 1 1 1 1 1 1 12 10 1 1 1 1 1 1 1 1 1 7 1 1 12 10 12 9 1 1 1 1 12 10 1 12 10 1 1 7 1 1 12 10 1 7 1 12 10 1 1 12 10 1 12 9 1 7 1 1 12 9 1 7 1 12 10 1 100 1 1 7 1 1 12 10 1 100 1 1 12 10 1 12 10 1 12 10 1 12 10 1 1 12 10 1 100 1 12 10 1 100 1 12 10 1 12 10 1 12 10 1 12 10 1 100 1 1 12 10 1 100 1 1 12 9 1 100 1 1 12 11 1 1 12 10 1 12 10 1 12 9 1 100 12 9 1 100 1 12 9 1 12 9 1 12 10 1 1 12 9 1 100 1 12 10 1 1 12 10 1 100 12 11 1 100 1 12 10 1 1 12 10 12 10 12 10 12 10 12 10 1 100 12 11 1 12 10 12 10 1 12 10 1 12 10 1 12 10 12 10 12 10 1 12 10 12 10 1 12 10 1 12 10 12 10 1 12 9 12 9 1 100 12 10 1 100 1 12 9 1 12 10 1 100 1 12 9 1 12 10 12 10 1 100 1 12 10 1 12 10 1 12 10 1 100 1 12 10 1 1 12 10 1 1 12 10 1 100 1 12 10 1 1 12 10 1 1 1 7 1 12 10 1 12 10 1 100 12 10 1 1 12 9 1 12 10 1 1 12 9 1 100 1 1 12 10 12 9 1 12 9 1 12 10 1 1 1 1 1 1 1 1 1 1 12 9 1 1 1 1 100 1 12 10 12 9 1 100 1 12 11 1 12 10 1 1 1 1 1 1 1 1
staticfield com/android/tools/r8/graph/A5 f Z 1
instanceKlass com/android/tools/r8/graph/j
ciInstanceKlass com/android/tools/r8/graph/h 1 1 346 1 8 1 1 7 1 7 1 7 1 100 1 7 1 1 1 1 1 1 1 1 1 1 1 1 1 1 100 1 12 10 1 7 12 9 1 100 1 1 12 9 1 100 1 100 1 1 12 9 1 100 1 12 9 1 100 1 1 12 9 1 1 12 10 1 100 1 12 9 1 100 12 9 1 12 10 1 100 1 7 1 12 10 1 100 1 12 10 1 12 10 1 1 1 1 1 12 10 1 12 10 10 12 9 12 9 12 9 12 9 12 9 1 1 7 1 1 12 10 9 1 1 7 12 9 1 1 1 12 10 1 100 10 1 100 1 100 12 10 9 12 10 1 12 10 1 8 1 12 10 12 10 1 12 9 1 12 9 1 12 9 12 9 12 9 1 12 10 12 10 1 12 10 9 10 1 1 1 1 12 9 1 1 12 10 1 12 10 1 1 1 12 10 12 10 1 10 1 100 1 1 12 11 1 100 1 100 1 12 11 1 1 12 11 1 100 1 12 10 1 1 7 1 1 12 10 16 12 11 15 16 1 7 1 1 12 10 15 1 1 12 18 1 12 10 1 1 1 12 10 1 7 1 1 12 11 1 1 1 7 1 12 10 12 10 1 7 1 1 12 9 1 100 1 12 9 1 1 12 10 1 12 10 1 12 11 1 100 1 12 10 1 100 1 1 12 11 1 100 1 1 1 1 1 1 1 7 1 12 10 12 9 1 7 1 12 9 1 100 1 7 1 12 10 1 12 10 1 12 10 1 7 1 12 9 12 10 1 1 1 1 1 1 1 1
staticfield com/android/tools/r8/graph/h f Z 1
instanceKlass com/android/tools/r8/shaking/i
ciInstanceKlass com/android/tools/r8/graph/j 1 1 729 1 8 1 1 7 1 7 1 100 1 100 1 100 1 1 1 1 1 1 1 1 1 100 1 100 1 1 12 9 1 7 1 1 12 9 1 100 1 100 1 12 9 1 100 1 1 12 9 1 100 1 1 12 9 1 1 12 10 1 100 1 12 9 1 12 10 1 7 1 7 1 12 10 1 12 10 1 12 10 1 12 10 12 9 12 9 1 1 7 1 1 12 10 1 7 1 1 12 9 1 7 1 12 10 1 12 9 1 100 1 1 12 10 1 7 1 12 9 1 1 12 9 1 7 1 1 100 1 12 11 1 1 1 7 1 12 10 12 9 1 12 10 1 7 1 12 10 1 1 12 10 1 1 1 12 10 1 1 1 12 10 1 12 10 1 12 10 1 100 1 1 12 11 1 100 1 12 10 1 1 100 1 1 12 10 1 100 12 10 1 100 1 1 100 1 100 1 12 9 12 10 1 8 1 12 10 1 1 12 9 1 12 9 1 12 9 12 9 1 12 9 1 12 10 1 12 10 1 12 10 10 1 1 1 1 1 1 12 10 1 12 10 1 7 1 12 11 12 10 1 12 9 1 7 1 12 9 1 12 9 1 7 1 7 10 1 7 100 1 1 12 11 1 12 10 1 12 10 1 1 12 10 1 1 12 10 12 10 1 1 1 1 1 12 10 1 12 9 16 12 10 15 1 16 1 7 1 1 12 10 15 1 12 18 12 10 1 1 12 10 12 10 12 10 12 10 15 1 16 1 12 18 12 10 1 12 10 12 10 1 12 10 1 12 10 1 1 12 9 10 12 10 1 12 10 1 12 10 1 1 12 10 1 100 1 12 11 1 12 11 1 12 11 1 1 12 10 1 100 1 1 12 9 1 100 1 12 10 1 12 10 1 12 9 1 12 9 1 100 1 1 12 10 1 12 10 10 1 12 10 12 10 12 10 1 12 10 1 1 100 1 1 12 10 1 100 11 1 100 1 1 12 10 1 7 1 12 10 1 1 12 10 1 100 1 12 10 1 100 12 10 12 10 1 12 10 1 12 9 12 10 1 1 12 10 1 100 1 12 10 12 10 1 16 15 16 1 12 18 1 7 1 12 10 1 7 1 12 9 12 9 1 12 10 1 1 12 10 1 7 1 1 12 10 1 7 1 1 12 10 1 12 10 1 12 10 1 7 1 12 10 1 1 1 100 1 12 9 1 1 12 10 1 100 1 12 10 1 100 1 12 10 1 100 1 12 10 12 10 1 1 1 1 1 7 1 12 10 1 100 1 12 10 1 100 1 12 10 1 12 10 1 1 1 1 1 1 1 1 1 1 1 12 10 1 1 12 10 12 10 12 10 12 10 1 1 12 10 1 12 10 12 10 1 1 1 12 10 12 10 1 12 10 1 12 10 1 12 10 12 10 10 12 10 10 1 12 10 15 16 18 1 12 10 12 10 1 12 10 10 1 12 9 1 1 100 1 12 10 10 1 12 9 12 9 1 100 10 1 100 1 12 10 1 12 10 1 100 1 12 9 1 12 9 1 12 10 1 12 10 1 12 9 1 100 10 1 12 10 10 1 12 10 15 1 12 18 1 1 12 9 1 100 1 12 10 11 1 100 1 12 11 1 12 10 12 9 1 1 1 1 1 1 1 1 1 1 1
staticfield com/android/tools/r8/graph/j i Z 1
ciInstanceKlass com/android/tools/r8/shaking/i 1 1 1596 1 8 1 1 7 1 100 1 100 1 100 1 100 1 1 100 1 100 1 1 100 1 100 1 1 1 1 1 1 1 1 1 1 1 1 1 1 1 1 1 1 1 1 1 1 1 1 1 1 1 1 1 1 1 1 1 1 1 1 1 1 1 1 1 1 1 1 1 1 1 1 7 1 1 12 10 1 1 1 12 9 1 100 1 1 12 10 1 100 1 1 12 9 1 100 10 1 12 9 12 9 1 12 9 1 1 100 1 12 10 1 100 1 1 100 1 12 10 1 1 100 12 10 1 1 100 1 1 12 11 1 100 1 1 12 11 1 1 12 11 1 100 1 100 1 1 12 10 1 12 10 1 100 1 12 10 1 16 1 100 1 1 12 10 15 1 16 1 100 1 1 12 10 15 1 1 12 18 1 12 10 1 12 10 1 1 12 10 1 100 1 1 12 9 1 12 10 1 16 18 1 12 10 1 1 12 10 1 12 10 1 16 18 1 12 10 1 1 100 1 1 12 11 1 100 11 1 1 12 11 1 1 12 11 1 1 12 11 15 1 12 18 1 1 12 11 1 1 12 11 15 1 12 18 1 1 100 12 9 12 9 16 1 12 10 15 1 16 1 1 12 18 1 1 12 11 1 16 18 1 16 18 1 12 10 1 12 11 1 1 100 1 12 11 1 100 1 12 10 1 100 1 12 10 1 12 11 1 1 7 1 12 10 1 1 12 10 1 100 10 12 9 12 9 12 9 12 9 12 9 12 9 12 9 12 9 12 9 12 9 12 9 12 9 12 9 12 9 12 9 12 9 12 9 12 9 12 9 12 9 12 9 12 9 12 9 12 9 12 9 12 9 12 9 12 9 12 9 12 9 12 9 12 9 12 9 12 9 12 10 1 1 100 1 12 10 1 100 12 11 15 1 12 18 18 1 1 12 11 12 10 15 1 16 1 12 18 1 12 10 16 12 10 15 1 12 18 1 100 1 12 10 1 100 1 12 10 1 1 100 1 12 9 11 12 10 15 1 12 18 1 12 10 15 1 12 18 1 11 12 10 15 1 16 1 12 18 1 100 1 12 10 1 1 100 1 1 12 10 1 12 10 1 100 1 12 10 1 12 10 1 12 10 1 12 10 12 10 1 12 10 15 1 12 18 1 12 10 1 100 12 9 1 12 10 12 10 1 12 9 1 100 12 10 1 12 10 1 8 1 100 1 1 12 10 15 1 12 18 12 10 1 1 12 10 1 100 1 1 12 10 1 1 12 10 1 1 100 12 10 1 12 10 1 100 1 12 10 1 12 10 1 12 10 1 100 1 1 12 10 1 100 1 1 12 9 1 100 1 12 9 1 12 10 12 9 1 12 10 1 1 100 12 10 1 12 10 1 100 1 12 10 1 100 12 9 1 100 12 9 12 9 1 100 1 12 9 12 9 12 9 12 9 12 9 12 9 1 1 100 1 12 10 1 12 10 1 1 12 9 1 1 12 9 12 10 10 1 100 12 10 1 100 12 10 1 100 10 1 8 18 1 1 1 1 100 1 12 10 1 1 12 10 1 1 1 12 10 1 100 1 12 10 1 100 12 10 1 1 100 1 12 9 1 100 1 12 10 1 12 10 1 100 1 12 9 10 1 100 12 10 1 100 1 12 10 10 1 12 10 11 1 1 12 10 1 100 11 1 12 10 1 100 12 9 12 9 1 12 9 1 100 12 10 1 12 9 1 100 1 12 9 1 100 1 1 12 10 1 12 10 1 1 12 10 12 10 10 1 1 100 1 12 10 1 100 10 1 12 10 1 100 1 100 12 10 1 12 10 1 12 10 1 8 1 12 18 12 10 1 12 10 12 10 15 16 1 12 18 12 10 1 12 10 12 10 1 16 12 10 15 1 16 1 1 12 18 12 10 15 1 16 18 1 12 10 1 12 10 1 12 10 1 12 10 1 12 10 1 12 10 1 100 12 11 1 100 1 12 9 1 12 10 1 12 10 1 100 1 12 10 1 1 1 12 10 1 12 10 12 10 1 12 10 1 1 12 10 1 100 9 1 100 1 12 10 1 1 12 9 12 10 9 1 12 10 12 10 1 100 12 11 1 12 11 1 1 1 100 1 100 10 1 12 9 1 8 1 12 10 12 10 12 10 15 1 16 1 12 18 1 12 10 12 10 15 18 12 10 15 18 10 1 12 9 1 12 9 1 12 9 12 9 1 12 9 1 12 10 1 100 1 12 10 1 100 1 12 10 12 9 12 10 1 12 10 1 12 10 12 10 12 9 12 10 12 10 12 10 1 100 1 12 10 1 100 1 100 1 100 12 10 1 12 10 10 1 1 12 9 12 11 1 1 1 12 11 1 12 10 15 16 1 12 18 1 100 1 1 12 11 1 100 12 10 15 1 16 1 12 18 1 1 12 11 1 12 10 15 1 16 1 12 18 1 100 1 1 12 10 1 1 12 11 1 100 1 100 1 100 1 100 9 1 12 10 1 12 10 1 12 10 9 1 100 1 12 10 1 12 10 1 12 10 1 12 10 1 12 10 1 12 10 1 8 1 12 10 1 100 10 1 100 1 12 9 1 12 10 1 100 9 9 9 9 9 1 12 10 12 9 12 9 12 9 12 9 1 12 10 1 12 10 1 100 1 12 9 1 12 10 1 16 12 10 15 16 1 12 18 1 12 10 1 12 10 15 16 1 12 18 10 12 9 11 1 100 1 100 12 11 12 9 10 1 100 10 1 12 10 1 100 1 12 10 10 10 1 100 1 12 9 1 12 10 12 9 1 12 10 1 12 10 1 12 10 1 1 16 12 10 15 1 12 18 1 100 1 100 1 100 9 1 100 1 12 9 1 12 10 1 1 1 1 1 1 1 1 1 12 10 12 10 1 12 10 1 12 9 16 12 10 15 1 16 1 1 12 18 1 100 1 12 10 1 100 1 12 10 10 1 12 9 1 100 12 10 1 12 11 11 1 12 9 1 12 10 1 12 10 12 10 1 12 10 1 100 10 12 10 1 12 10 12 11 1 100 10 1 12 10 12 10 1 12 10 1 12 10 1 100 12 10 1 12 10 1 100 1 12 11 1 1 12 11 12 11 12 10 1 12 10 1 12 10 12 10 1 12 10 1 12 10 1 12 10 10 9 1 12 9 1 100 11 1 1 12 11 1 100 1 12 11 12 11 1 12 11 1 12 10 1 12 9 11 1 1 12 10 12 10 1 12 10 12 10 1 12 10 11 1 1 12 10 10 12 10 12 10 12 10 1 1 100 1 12 9 12 9 12 10 1 100 1 12 10 10 10 1 12 10 1 12 10 1 12 10 1 12 10 1 1 1 12 10 1 12 10 1 100 12 9 12 10 1 100 1 12 10 1 12 9 1 100 1 12 9 12 9 1 12 10 1 100 10 1 12 10 1 12 9 10 9 10 9 12 9 9 12 9 9 1 12 10 15 16 18 12 10 1 9 1 100 1 12 10 1 12 9 1 100 1 12 10 10 10 12 10 1 12 10 10 12 10 1 1 12 10 1 1 12 10 11 10 12 11 12 10 12 10 15 16 1 12 18 1 12 10 15 1 16 1 12 18 12 10 1 1 1 1 1 1 1 1 1
staticfield com/android/tools/r8/shaking/i R Z 1
ciInstanceKlass com/android/tools/r8/graph/w 1 1 1312 1 8 1 1 7 1 1 7 1 100 1 100 1 100 1 100 1 100 1 100 1 100 1 100 1 100 1 100 1 100 1 100 1 100 1 100 1 1 100 1 7 1 1 100 1 1 100 1 1 100 1 1 1 1 1 1 1 1 1 1 1 1 1 1 1 1 1 1 1 1 1 1 1 1 1 1 1 1 1 1 1 1 1 1 1 1 1 1 1 1 1 1 1 1 1 1 1 1 1 1 1 1 1 1 1 1 1 1 1 1 1 1 1 1 1 1 1 1 1 1 1 1 1 1 1 1 1 1 1 1 1 1 7 1 12 10 1 100 1 12 10 1 100 1 1 12 10 1 1 12 10 1 7 1 12 10 1 12 10 1 1 1 100 1 12 9 1 1 1 100 1 12 10 1 12 10 1 1 1 100 1 12 9 1 100 12 9 1 12 10 1 12 9 1 12 9 1 12 10 1 100 1 12 11 1 7 1 12 10 1 100 1 12 10 1 1 8 1 12 10 1 7 1 12 10 1 100 1 100 1 16 1 12 10 15 16 1 7 1 1 12 10 15 1 1 12 18 1 12 10 15 1 12 18 1 100 1 12 10 1 12 10 1 12 10 1 12 10 1 12 10 12 10 12 9 1 1 12 10 1 12 10 1 8 1 100 1 12 10 1 12 10 1 100 1 12 9 1 100 1 12 10 1 12 10 10 1 12 10 10 10 10 10 10 10 1 100 1 12 10 1 100 1 100 1 100 1 12 11 1 100 1 12 10 1 12 10 1 100 12 9 1 100 1 1 12 10 1 1 12 10 1 100 1 12 10 1 12 10 12 10 11 1 1 7 1 12 10 12 9 1 1 100 10 1 100 1 100 1 8 1 12 10 1 100 1 12 10 1 12 10 1 12 10 12 9 1 12 9 1 100 1 1 12 11 1 100 1 12 11 1 1 12 11 1 100 1 100 1 1 12 10 1 12 10 1 100 1 12 10 1 12 10 1 12 9 1 8 1 12 10 12 10 12 9 12 10 1 12 10 12 10 16 12 10 15 1 12 18 1 100 12 11 10 1 7 1 12 10 1 7 1 12 10 12 9 12 9 12 9 1 7 1 12 10 12 9 12 9 12 9 1 7 10 12 9 1 7 10 12 9 1 7 10 12 9 12 9 1 7 10 1 7 1 12 9 12 9 1 7 1 12 10 12 9 12 9 1 7 1 12 10 12 9 1 7 1 12 10 12 9 1 7 10 12 9 12 9 12 9 1 7 1 1 12 10 12 9 12 9 1 100 12 9 16 1 12 10 15 16 1 1 12 18 1 8 1 12 10 1 7 12 9 12 9 12 10 1 100 1 1 12 10 1 12 10 12 9 1 100 10 12 9 12 9 12 9 1 12 10 15 16 18 1 8 1 7 12 9 1 7 1 12 10 15 16 1 12 18 1 8 12 9 12 9 1 8 1 12 10 10 1 100 1 12 10 10 12 9 1 12 10 15 16 18 1 8 1 7 12 9 1 12 10 15 1 16 1 12 18 1 8 1 7 12 9 1 12 10 15 16 18 1 8 1 100 12 9 1 12 10 15 16 18 1 8 1 7 12 9 1 12 10 15 16 18 1 8 1 7 12 9 1 1 100 1 1 12 11 1 12 10 1 1 12 11 1 12 10 1 1 12 11 1 100 1 12 10 1 12 10 1 12 10 1 1 12 10 12 10 1 100 12 10 1 12 10 12 9 10 1 100 1 8 12 10 1 100 1 1 12 10 9 12 9 9 12 9 12 9 1 12 10 1 12 10 10 1 12 10 1 12 10 1 12 10 1 12 9 1 100 1 12 11 1 1 1 1 1 1 1 10 1 12 10 12 10 1 100 1 12 10 12 9 12 9 1 12 10 1 1 12 9 1 100 12 10 12 10 12 9 1 1 12 9 1 1 1 1 1 1 1 1 12 10 1 100 12 11 1 12 10 10 1 10 1 1 7 12 9 1 12 10 9 1 12 10 12 9 1 8 1 12 10 1 1 100 1 12 11 1 12 9 1 12 9 1 12 9 1 1 100 1 100 1 12 10 1 1 1 1 1 1 12 9 1 12 9 1 1 1 1 1 1 1 12 11 1 16 12 10 15 1 16 1 1 12 18 12 10 15 1 16 18 12 10 15 1 16 18 1 100 1 12 10 1 100 1 100 1 12 10 1 100 1 100 12 10 1 12 10 1 100 1 100 10 1 12 10 1 12 9 1 1 1 100 10 1 12 9 1 100 1 12 11 1 12 9 1 12 10 12 9 1 1 100 10 1 12 10 12 10 1 12 9 1 100 1 12 11 1 1 1 100 12 9 1 1 1 1 100 1 100 1 12 9 1 12 10 1 12 9 1 1 1 12 10 1 7 1 12 10 1 7 1 12 9 1 12 9 12 9 1 1 12 9 1 7 1 100 1 1 12 10 12 9 1 100 11 1 1 100 12 10 12 9 1 8 1 12 10 12 10 1 12 10 1 12 10 1 8 1 100 1 12 10 1 100 1 12 9 1 100 1 1 12 11 11 1 100 1 100 12 9 1 12 11 1 12 11 1 100 1 12 10 11 1 100 1 12 10 1 12 10 1 1 12 11 1 100 1 12 10 1 12 10 11 12 9 1 12 10 12 10 1 12 10 1 12 10 12 10 1 8 1 100 12 10 1 100 12 9 11 1 12 10 1 12 9 1 8 1 100 1 12 9 1 100 1 12 10 1 100 1 12 10 12 9 11 1 100 1 12 9 9 1 12 11 1 12 10 1 100 1 12 10 1 12 10 12 10 1 1 12 10 9 1 100 12 10 1 12 10 1 100 1 12 10 12 9 1 1 1 12 9 1 100 12 11 1 100 1 12 10 1 1 100 12 11 1 12 10 12 10 1 8 1 100 1 1 12 10 15 1 12 18 12 10 1 8 18 1 12 10 1 1 12 9 1 12 9 1 1 1 1 1 1 1 1 1 1
staticfield com/android/tools/r8/graph/w S Z 1
instanceKlass com/android/tools/r8/ir/optimize/info/k
instanceKlass com/android/tools/r8/ir/optimize/info/d
ciInstanceKlass com/android/tools/r8/ir/optimize/info/g 1 1 93 1 8 1 1 7 1 1 7 1 100 1 1 1 1 12 10 1 1 7 1 1 12 10 12 9 1 1 1 1 1 1 1 1 1 1 1 1 1 1 1 1 1 1 1 1 1 1 1 1 1 1 1 1 1 1 1 1 1 1 12 10 1 100 1 12 10 1 100 10 1 1 1 1 1 1 1 1 1 1 1 1 1 1 100 1 8 1 1 12 10 1 1
staticfield com/android/tools/r8/ir/optimize/info/g a Z 1
ciInstanceKlass java/util/LinkedList$ListItr 1 1 133 9 7 12 1 1 1 10 7 12 1 1 1 9 7 12 1 1 1 9 12 1 9 12 1 10 12 1 1 9 12 1 1 9 12 1 10 12 1 10 12 1 1 100 1 10 9 12 1 9 7 1 9 12 1 1 10 12 1 9 12 1 9 12 1 100 1 10 10 12 1 1 10 12 1 1 10 12 1 1 10 100 12 1 1 1 11 100 12 1 1 100 1 10 100 1 1 1 1 1 1 1 1 1 1 1 1 1 1 1 1 1 1 1 1 1 1 1 1 1 1 1 1 1 1 1 1 1 1 1 1 1 1
ciInstanceKlass java/util/HashMap$EntrySpliterator 1 1 121 10 7 12 1 1 1 10 7 12 1 1 1 9 12 1 1 9 12 1 1 9 12 1 1 9 12 1 9 12 1 10 100 1 10 12 1 9 7 12 1 1 1 9 12 1 9 12 1 11 7 12 1 1 1 9 7 12 1 1 100 1 10 9 12 1 100 1 10 12 1 1 1 1 1 1 1 1 1 1 1 1 1 1 1 1 1 1 1 1 1 1 1 1 1 1 1 1 1 1 100 1 1 1 1 1 1 1 1 1 1 1 1 1 1 1 100 1 100 1 1
ciInstanceKlass java/util/SortedSet$1 1 1 46 9 7 12 1 1 1 10 7 12 1 1 1 11 7 12 1 1 1 1 1 1 1 1 1 1 1 1 1 1 1 1 1 1 1 1 1 1 12 1 1 1 1 100 1 1
ciInstanceKlass java/util/stream/SortedOps 1 1 100 10 100 12 1 1 1 7 1 10 12 1 10 12 1 100 1 10 100 1 10 100 1 10 100 1 1 1 1 1 1 1 1 1 1 1 1 1 1 1 1 1 1 1 1 1 1 1 1 1 1 1 1 1 1 1 1 1 1 100 1 100 1 100 1 100 1 100 1 100 1 100 1 100 1 100 1 100 1 100 1 100 1 1 1 1 1 1 1 1 1 1 1 1 1 1 1 1 1 1
ciInstanceKlass java/util/stream/SortedOps$OfRef 1 1 147 9 7 12 1 1 1 9 7 12 1 1 1 9 12 1 10 7 12 1 1 1 9 7 12 1 1 1 11 7 12 1 1 1 9 12 1 1 9 12 1 10 7 12 1 1 1 9 12 1 1 10 12 1 1 9 12 1 100 1 10 12 1 7 1 10 10 100 12 1 1 1 10 12 1 1 11 100 12 1 1 1 10 100 12 1 1 1 10 100 12 1 1 1 1 1 1 1 1 1 1 1 1 1 1 1 1 1 1 1 1 1 1 1 1 1 1 1 1 1 1 1 1 1 1 1 1 1 1 1 1 1 1 1 1 1 1 1 100 1 1 100 1 1 1 1 1
ciInstanceKlass java/util/stream/SliceOps 1 1 214 10 100 12 1 1 1 10 7 12 1 1 1 10 12 1 5 0 100 1 5 0 9 7 12 1 1 1 100 1 11 12 1 1 100 1 10 10 12 1 9 100 12 1 1 1 10 7 12 1 1 1 100 1 10 100 1 10 12 1 100 1 100 1 10 12 1 100 1 100 1 10 12 1 100 1 100 1 10 12 1 100 1 100 1 10 8 1 10 12 1 1 10 12 1 10 12 1 1 10 12 1 7 1 9 12 1 1 10 12 1 1 10 12 1 100 1 9 12 1 10 100 1 9 12 1 10 100 1 9 12 1 10 9 7 12 1 1 1 9 12 1 10 7 12 1 1 1 1 1 1 1 1 1 1 1 1 1 1 1 1 1 1 1 1 1 1 1 100 1 1 1 1 1 1 1 1 1 1 1 1 1 1 1 1 1 1 1 1 1 1 1 1 1 1 100 1 100 1 100 1 100 1 100 1 1 100 1 1 1 1 1 1 1
staticfield java/util/stream/SliceOps $assertionsDisabled Z 1
ciInstanceKlass java/util/stream/SliceOps$1 1 1 182 9 7 12 1 1 1 9 12 1 9 12 1 10 7 12 1 1 1 10 100 12 1 1 1 10 100 12 1 1 1 100 1 10 12 1 10 100 12 1 1 1 100 1 11 12 1 1 100 1 10 12 1 1 10 12 1 10 9 100 12 1 1 1 10 12 1 1 10 12 1 10 12 1 1 100 1 10 100 12 1 1 1 10 12 1 10 12 1 1 100 1 11 12 1 1 10 12 1 1 10 12 1 1 10 12 1 1 7 1 10 12 1 1 1 1 1 1 1 1 1 1 1 1 1 1 1 1 1 1 1 1 1 1 1 1 1 1 1 1 1 1 1 1 1 1 1 1 1 1 1 1 1 1 1 1 1 1 1 1 1 1 1 1 12 1 1 1 1 100 1 1 100 1 100 1 1 1 100 1 1 1
ciInstanceKlass java/util/AbstractList$SubList 1 1 164 10 7 12 1 1 1 9 7 12 1 1 1 9 12 1 1 9 12 1 1 9 12 1 9 12 1 9 10 100 12 1 1 1 10 12 1 10 12 1 1 10 12 1 1 10 12 1 1 10 12 1 1 10 12 1 10 12 1 10 12 1 1 10 12 1 1 11 100 12 1 1 10 10 12 1 1 7 1 10 12 1 10 12 1 1 10 12 1 100 1 10 12 1 1 10 12 1 100 1 10 8 1 10 12 1 1 10 12 1 8 1 10 12 1 1 100 1 10 1 1 1 1 1 1 1 1 1 1 1 1 1 1 1 1 1 1 1 1 1 1 1 1 1 1 1 1 1 1 1 1 1 1 1 1 1 1 1 1 1 1 1 1 1
ciInstanceKlass java/util/stream/MatchOps$MatchOp 1 1 107 10 7 12 1 1 1 9 7 12 1 1 1 9 12 1 1 9 12 1 1 9 7 12 1 1 1 9 12 1 11 7 12 1 1 1 7 1 10 7 12 1 1 1 10 12 1 1 10 7 12 1 1 1 100 1 10 12 1 10 12 1 10 12 1 1 10 12 1 100 1 1 1 1 1 1 1 1 1 1 1 1 1 1 1 1 1 1 1 1 1 1 1 1 1 1 1 1 100 1 1 1 100 1 1 1 1
instanceKlass com/android/tools/r8/internal/tK
instanceKlass com/android/tools/r8/internal/X0
ciInstanceKlass com/android/tools/r8/internal/R0 1 1 75 1 8 1 1 7 1 7 1 100 1 1 12 10 1 1 1 100 1 8 1 12 10 1 1 12 11 1 1 12 10 1 100 1 8 1 1 12 10 1 100 1 1 12 11 1 8 1 100 1 100 1 1 12 10 1 8 12 10 1 10 1 1 1 1 1 100 1 8 1 1 12 10 1 1
instanceKlass com/android/tools/r8/internal/lp
instanceKlass com/android/tools/r8/internal/ir
instanceKlass com/android/tools/r8/internal/Y0
ciInstanceKlass com/android/tools/r8/internal/X0 1 1 64 1 8 1 1 100 1 7 1 100 1 100 1 1 12 10 1 1 1 100 1 1 12 11 1 100 10 1 1 12 10 1 1 100 1 1 12 11 1 100 1 100 1 1 12 11 1 100 12 10 1 1 1 1 1 100 1 8 1 1 12 10 1 1
instanceKlass com/android/tools/r8/internal/vq
instanceKlass com/android/tools/r8/internal/DJ
instanceKlass com/android/tools/r8/internal/aq
instanceKlass com/android/tools/r8/internal/rp
instanceKlass com/android/tools/r8/internal/gK
ciInstanceKlass com/android/tools/r8/internal/Y0 1 1 52 1 8 1 1 100 1 7 1 100 1 1 12 10 1 1 1 1 100 1 8 1 1 12 10 1 1 1 8 1 1 1 8 1 1 8 1 1 1 8 1 1 1 8 1 1 1 8 1 1 8 1
instanceKlass com/android/tools/r8/graph/U4
instanceKlass com/android/tools/r8/graph/t3
ciInstanceKlass com/android/tools/r8/graph/z4 1 1 50 1 8 1 1 100 1 1 7 1 1 12 10 1 1 1 1 1 1 1 1 100 1 1 12 10 1 100 1 12 10 1 1 1 1 1 1 1 1 1 1 1 1 1 1 1 1 1 1 1
instanceKlass com/android/tools/r8/internal/se
instanceKlass com/android/tools/r8/internal/W1
instanceKlass com/android/tools/r8/internal/V1
instanceKlass com/android/tools/r8/internal/dH
instanceKlass com/android/tools/r8/internal/In
instanceKlass com/android/tools/r8/internal/pM
instanceKlass com/android/tools/r8/internal/te
instanceKlass com/android/tools/r8/internal/bG
instanceKlass com/android/tools/r8/internal/dR
instanceKlass com/android/tools/r8/internal/K10
instanceKlass com/android/tools/r8/internal/f5
instanceKlass com/android/tools/r8/internal/aG
instanceKlass com/android/tools/r8/internal/Z3
instanceKlass com/android/tools/r8/internal/i3
instanceKlass com/android/tools/r8/internal/L2
instanceKlass com/android/tools/r8/internal/U9
instanceKlass com/android/tools/r8/internal/p3
instanceKlass com/android/tools/r8/internal/YF
instanceKlass com/android/tools/r8/internal/Bo
instanceKlass com/android/tools/r8/internal/pe
instanceKlass com/android/tools/r8/internal/eH
instanceKlass com/android/tools/r8/internal/cH
instanceKlass com/android/tools/r8/internal/ru
instanceKlass com/android/tools/r8/internal/dd
instanceKlass com/android/tools/r8/internal/yi
instanceKlass com/android/tools/r8/internal/Ys
ciInstanceKlass com/android/tools/r8/internal/Ko 1 1 868 1 8 1 1 7 1 7 1 100 1 100 1 100 1 100 1 7 1 100 1 100 1 100 1 100 1 100 1 100 1 100 1 1 1 1 1 1 1 1 1 1 1 1 1 1 1 1 1 1 12 10 12 9 1 7 10 12 9 12 9 12 9 12 9 12 9 1 12 10 1 12 10 1 1 7 12 10 1 16 15 16 1 7 1 1 12 10 15 1 1 12 18 1 1 12 10 1 7 11 1 1 7 1 1 12 10 12 9 1 1 7 1 1 12 11 1 7 1 12 11 1 1 12 11 1 1 7 1 12 9 1 1 12 9 1 100 1 12 10 1 1 1 1 1 100 10 1 1 7 1 12 10 1 7 1 12 9 12 10 12 10 1 1 1 8 1 12 10 1 7 1 1 1 12 10 1 1 12 10 1 1 1 1 12 10 1 12 10 1 12 9 1 7 10 1 12 9 16 1 12 10 15 1 16 1 1 12 18 10 1 7 12 11 1 1 1 12 10 12 10 12 10 1 12 10 1 12 9 1 1 100 1 12 9 1 1 12 10 1 1 1 12 10 1 1 1 1 1 12 10 1 1 12 10 1 12 10 11 1 1 1 12 10 1 8 1 100 1 1 12 10 15 1 12 18 12 10 11 12 10 11 1 1 12 9 1 7 12 9 12 9 1 12 11 1 12 10 1 1 1 100 1 1 1 1 12 10 1 12 10 1 100 10 12 10 1 1 12 10 1 12 10 1 8 1 12 10 1 8 1 12 10 1 12 9 1 8 1 12 10 10 1 1 1 1 7 1 12 11 12 10 1 7 1 12 10 1 12 10 1 12 10 1 1 12 10 1 100 1 1 12 10 1 100 1 12 9 1 100 10 8 10 1 100 1 100 1 7 12 10 1 12 9 100 1 12 10 1 12 11 1 1 12 10 1 1 12 10 1 7 10 12 10 1 12 10 12 10 1 7 1 7 1 12 10 1 12 10 12 10 12 9 1 1 12 9 1 7 1 12 10 1 1 7 1 1 7 1 1 12 9 1 12 10 12 10 1 1 7 1 12 10 12 10 1 7 1 12 9 1 12 9 1 12 10 1 100 1 12 9 1 100 1 12 9 1 1 1 1 1 100 1 1 1 7 12 9 1 7 1 12 9 1 1 1 1 7 1 1 1 1 1 1 1 1 1 100 1 1 1 1 1 1 1 1 100 1 1 1 1 7 1 1 12 10 1 12 10 1 1 1 12 9 1 100 1 12 10 1 100 12 10 1 1 1 1 1 1 1 1 1 1 1 1 1 1 1 1 100 1 1 1 1 100 1 1 1 1 100 1 1 1 1 100 1 1 1 1 1 1 1 1 1 1 1 1 1 1 1 1 1 1 1 1 1 1 1 1 1 1 1 7 1 1 1 1 1 1 1 7 1 1 1 1 1 1 1 100 1 1 1 1 1 1 1 1 7 1 1 1 1 1 1 1 1 7 1 1 1 1 1 1 1 1 1 1 1 1 1 1 1 1 1 1 1 1 1 1 1 1 1 7 1 1 1 1 1 1 1 7 1 1 1 1 1 1 100 1 1 1 1 1 1 1 1 1 1 1 1 1 1 1 1 1 1 1 100 1 1 1 1 1 1 1 1 100 1 1 1 1 7 1 7 1 7 1 7 1 1 1 1 1 1 1 1 1 1 1 1 1 1 1 1 1 1 7 1 1 1 1 7 1 1 1 1 1 100 1 1 1 1 7 1 1 1 1 100 1 1 1 1 1 1 1 100 1 1 1 1 100 1 1 1 1 100 1 1 1 1 100 1 1 1 1 12 10 12 10 1 12 10 12 10 1 1 1 1 100 12 10 1 100 1 8 1 12 10 1 1 12 10 1 7 12 10 1 7 1 12 9 1 1 100 1 8 1 12 18 10 1 1 1 8 1 1 1 1 1 12 10 12 10 1 100 1 12 9 1 1 1 1 1 1 1 1 1 1
staticfield com/android/tools/r8/internal/Ko h Z 1
instanceKlass com/android/tools/r8/internal/jt
instanceKlass com/android/tools/r8/internal/kt
instanceKlass com/android/tools/r8/internal/Zs
instanceKlass com/android/tools/r8/internal/gt
ciInstanceKlass com/android/tools/r8/internal/Ys 1 1 312 1 8 1 1 7 1 7 1 1 1 1 12 10 1 1 1 7 1 1 12 10 1 100 1 100 1 8 1 100 1 1 12 10 15 1 12 18 1 12 10 1 100 1 100 1 7 1 100 1 100 1 7 1 12 10 1 8 1 100 1 7 1 12 10 1 100 10 1 7 1 12 10 1 7 1 12 10 1 7 10 1 7 10 1 7 10 1 1 1 7 1 1 12 10 12 9 1 1 1 1 1 1 1 1 12 9 1 1 1 7 1 12 10 1 100 12 10 1 1 12 10 1 1 1 12 10 1 7 1 12 11 1 1 12 11 1 1 12 9 1 7 1 12 10 1 1 1 12 10 1 7 1 1 12 9 1 12 9 1 7 1 12 11 1 1 100 12 11 1 1 1 12 9 1 12 10 1 1 12 10 1 12 10 1 12 10 1 12 10 1 7 1 12 10 1 12 10 1 7 10 12 10 1 7 10 1 7 1 100 1 12 10 1 1 12 10 1 8 1 12 18 1 12 10 1 1 100 1 12 10 1 1 12 10 1 100 12 10 1 12 10 1 1 12 10 1 12 10 1 100 12 10 1 100 1 12 10 1 12 10 1 12 10 3 12 10 1 1 1 1 12 10 1 8 1 12 18 1 1 1 1 12 10 1 12 10 1 7 1 1 12 10 1 12 10 1 8 1 1 12 10 1 12 10 12 9 1 1 1 1 1
staticfield com/android/tools/r8/internal/Ys i Z 1
instanceKlass com/android/tools/r8/internal/lt
instanceKlass com/android/tools/r8/internal/ht
instanceKlass com/android/tools/r8/internal/st
ciInstanceKlass com/android/tools/r8/internal/gt 1 1 474 1 8 1 1 7 1 7 1 100 1 1 1 1 1 1 1 12 10 12 9 1 1 1 100 1 1 12 10 1 100 1 100 1 8 1 100 1 1 12 10 15 1 12 18 1 12 10 1 7 1 7 1 100 12 9 1 100 1 12 10 1 100 12 10 1 100 1 12 10 1 100 10 1 100 10 1 100 10 1 1 1 100 1 1 12 11 1 7 1 1 12 10 1 100 1 100 1 1 12 11 1 100 1 12 10 1 1 7 1 1 12 10 1 1 1 7 1 12 10 1 100 1 12 10 1 1 12 10 1 1 1 1 1 12 9 1 7 1 1 12 9 1 1 1 1 12 10 1 1 12 10 12 10 1 1 12 10 1 12 10 1 8 1 12 18 1 1 1 1 100 9 1 100 1 12 10 1 12 10 12 10 1 100 1 12 10 1 100 1 1 12 9 1 100 1 12 10 1 100 1 1 12 10 1 100 1 12 10 1 12 10 1 100 1 12 10 1 1 12 10 1 100 1 12 10 1 100 1 1 12 10 1 12 10 1 100 1 12 10 1 12 10 1 100 1 100 1 12 9 1 100 1 12 10 12 10 1 12 10 1 12 10 1 100 1 12 10 1 12 10 1 100 12 10 1 12 10 1 16 12 10 15 1 16 1 100 1 1 12 10 15 1 1 12 18 12 10 15 16 1 12 18 1 12 10 1 1 12 10 1 7 1 12 11 1 12 9 1 7 1 12 10 1 1 12 10 1 1 12 10 1 7 1 12 10 1 1 100 1 12 10 12 10 1 12 10 1 12 9 1 12 9 1 100 1 12 10 1 12 9 1 100 1 12 10 1 12 10 1 100 1 12 10 12 10 1 12 9 1 12 9 1 100 1 12 11 1 12 10 1 12 10 1 100 1 12 10 1 1 12 10 1 12 10 1 12 10 1 100 1 12 11 1 12 10 12 10 1 1 1 1 1 100 1 12 10 1 1 12 10 1 100 1 12 10 1 100 1 12 10 1 1 12 9 1 100 1 12 10 1 100 1 12 9 1 1 12 10 1 1 12 10 1 100 1 12 10 1 1 1 1 1 1
staticfield com/android/tools/r8/internal/gt k Z 1
ciInstanceKlass com/android/tools/r8/internal/KB 1 1 349 1 8 1 1 7 1 7 1 7 1 7 1 1 7 1 1 7 1 1 1 1 1 1 12 10 1 7 1 12 10 1 12 10 12 9 1 12 10 12 9 12 10 12 9 1 7 1 1 12 10 1 1 12 9 1 7 1 12 9 1 16 1 12 10 15 16 1 7 1 1 12 10 15 1 1 12 18 1 7 1 12 10 1 1 12 9 1 7 1 12 9 1 12 10 15 1 12 18 1 1 12 9 12 9 12 10 15 18 1 12 9 12 10 15 18 1 1 12 9 1 7 1 12 9 12 10 15 1 12 18 1 7 1 1 12 11 1 7 1 7 1 1 12 11 1 1 12 11 1 12 9 1 12 10 1 7 1 12 9 1 7 10 1 1 12 9 1 12 9 1 12 10 12 9 1 12 9 1 1 12 9 1 7 12 9 1 1 12 9 1 7 9 1 1 12 9 1 7 9 1 1 12 9 1 7 1 12 9 1 1 12 9 1 7 9 1 1 12 9 1 7 9 1 1 12 9 1 7 9 1 1 12 9 1 7 9 9 1 1 12 9 1 7 9 1 1 12 9 9 9 1 1 12 9 1 7 9 1 12 9 9 9 9 1 12 9 12 9 1 12 9 1 12 10 1 12 10 1 12 9 1 12 10 9 1 12 9 1 12 9 1 12 10 1 7 1 12 10 1 7 1 1 12 11 1 7 1 12 10 1 1 7 1 12 11 1 1 12 11 1 7 12 10 1 12 10 1 100 12 11 1 1 100 1 12 10 1 100 1 12 9 10 1 1 1 1 1 1
ciInstanceKlass com/android/tools/r8/internal/KB$$Lambda$122+0x0000000020122160 1 1 30 1 7 1 7 1 100 1 1 1 1 1 12 10 12 9 1 1 1 7 1 7 1 7 1 1 12 10 1 1
instanceKlass com/android/tools/r8/internal/tt
instanceKlass com/android/tools/r8/internal/et
instanceKlass com/android/tools/r8/internal/bt
instanceKlass com/android/tools/r8/internal/xt
ciInstanceKlass com/android/tools/r8/internal/ht 1 1 473 1 8 1 1 7 1 7 1 100 1 100 1 1 100 1 7 1 1 100 1 100 1 1 1 1 1 12 10 1 1 1 7 1 1 12 10 12 9 1 1 1 1 1 1 7 1 12 9 1 7 1 1 12 10 1 100 12 10 1 1 12 10 1 7 1 1 1 100 1 1 12 10 12 10 1 1 12 10 1 100 1 1 12 10 1 100 1 12 10 1 100 1 12 10 1 7 1 100 1 100 1 100 1 12 10 1 12 10 1 12 9 1 12 9 1 100 9 12 10 1 1 1 7 1 1 12 10 1 7 12 10 1 1 12 10 1 12 10 1 7 12 9 1 7 1 12 9 1 12 10 1 1 1 12 10 1 7 1 1 12 10 1 7 1 1 12 9 1 7 1 12 11 1 7 12 10 1 100 1 12 10 1 7 1 12 10 1 100 1 12 10 1 12 9 1 100 1 12 10 1 1 12 10 1 12 9 1 12 9 1 12 10 1 100 1 12 9 1 100 1 12 11 1 12 10 12 10 1 100 1 1 12 10 1 100 10 1 12 10 1 12 10 1 1 1 1 12 10 1 12 10 1 12 10 1 100 1 12 10 1 100 1 100 1 12 10 1 100 1 12 10 1 1 12 10 1 12 9 1 12 9 1 12 10 1 100 1 12 10 1 12 10 1 8 1 12 10 1 1 12 9 1 100 12 10 1 100 12 10 1 12 10 1 1 12 9 1 12 9 1 12 10 1 12 10 1 12 9 1 100 1 12 10 12 10 12 10 1 12 10 1 12 10 1 12 10 1 1 12 10 1 100 1 12 10 1 100 12 10 10 1 12 9 1 12 9 1 12 10 1 12 9 1 100 1 12 10 1 100 12 9 1 12 10 12 10 1 100 1 100 1 1 12 11 1 12 10 1 12 10 1 12 10 1 12 9 1 100 1 12 10 1 12 10 1 100 1 12 10 1 12 10 1 100 10 1 12 10 12 10 1 12 10 1 16 1 12 10 15 1 16 1 100 1 1 12 10 15 1 1 12 18 1 12 10 1 12 11 1 12 10 1 12 10 12 10 1 1 1 1 1 1
staticfield com/android/tools/r8/internal/ht l Z 1
ciInstanceKlass com/android/tools/r8/internal/st 1 1 398 1 8 1 1 7 1 7 1 100 1 100 1 100 1 1 1 1 1 1 1 12 10 12 9 1 100 1 1 12 9 1 100 1 1 12 9 1 100 1 1 12 10 1 100 11 1 100 1 12 10 12 10 12 9 1 1 7 1 1 12 10 1 1 1 1 1 100 1 12 10 1 1 1 7 1 1 12 9 1 1 1 8 1 1 7 1 12 10 1 7 1 12 10 1 1 12 10 12 10 1 1 12 10 1 7 1 1 12 10 1 12 10 1 12 10 1 7 1 12 10 1 100 1 12 10 1 1 7 1 1 12 10 12 10 1 1 1 1 7 1 12 10 1 7 12 10 1 1 12 10 1 100 1 100 1 12 10 1 7 1 12 9 1 7 1 1 12 10 1 7 1 7 1 12 10 1 7 1 12 10 1 12 10 1 12 9 1 7 1 12 11 1 12 10 1 1 12 9 1 12 9 1 7 1 12 9 1 7 1 1 12 11 12 10 1 12 10 1 1 100 1 12 10 1 1 100 1 12 10 1 100 1 12 9 1 12 10 1 100 1 12 9 1 12 10 1 12 9 1 100 1 12 9 12 9 1 12 10 1 1 100 1 12 10 1 100 1 12 10 1 1 100 12 10 1 12 10 1 100 1 12 10 1 1 12 10 1 1 12 10 1 100 1 12 9 1 1 12 9 1 100 1 12 9 1 100 1 12 10 1 12 10 1 1 12 10 1 12 9 1 12 9 1 100 1 12 10 1 100 1 12 10 1 100 12 10 1 100 1 12 9 1 1 12 10 1 100 1 12 10 1 100 12 9 1 1 12 10 1 100 1 12 10 12 10 1 12 10 1 12 10 1 1 100 1 12 10 1 1 100 1 100 1 100 1 1 12 10 1 12 10 1 1 1 1 1 1
staticfield com/android/tools/r8/internal/st m Z 1
ciInstanceKlass com/android/tools/r8/internal/xt 1 1 340 1 8 1 1 7 1 7 1 1 1 1 12 10 1 1 1 7 1 1 12 10 1 7 1 1 12 10 1 1 12 10 1 100 1 12 10 1 100 1 7 1 7 1 12 9 1 7 1 12 10 1 1 12 10 1 7 1 12 10 1 1 12 9 1 12 9 1 7 1 12 9 1 7 1 1 12 11 1 12 10 1 12 9 1 7 12 10 1 12 10 1 12 10 1 1 1 7 1 12 10 12 9 1 1 1 1 1 100 1 12 10 1 1 1 100 1 1 12 9 1 1 1 8 1 1 7 1 12 10 1 7 1 12 10 1 1 12 10 12 10 1 1 12 10 12 10 12 10 1 7 1 7 1 1 12 10 1 12 10 1 100 10 1 12 10 1 100 1 7 1 12 10 1 100 10 1 100 1 12 10 1 1 7 1 12 10 12 10 1 1 1 12 10 1 1 100 1 12 9 1 100 1 1 12 10 1 100 1 12 10 1 100 1 12 9 1 12 10 1 100 1 12 9 1 100 1 12 9 1 100 1 12 10 1 100 1 12 10 12 9 1 12 10 1 1 12 10 1 12 10 1 1 100 1 12 10 1 100 1 12 10 1 1 1 12 10 1 100 1 12 10 1 100 1 12 10 10 1 1 12 10 1 12 10 1 100 1 12 10 1 12 10 1 12 10 1 100 1 1 12 10 1 12 10 1 100 12 10 1 1 100 1 12 10 1 1 12 9 1 100 1 1 12 10 1 100 1 1 12 10 1 100 1 12 10 1 1 1 1
staticfield com/android/tools/r8/internal/xt m Z 1
ciInstanceKlass com/android/tools/r8/internal/c6 1 1 43 1 8 1 1 7 1 7 1 1 1 1 12 10 1 10 12 9 1 1 1 100 1 12 10 1 1 1 8 1 1 1 1 1 100 1 1 12 10 1 1 1 1
staticfield com/android/tools/r8/internal/c6 b Lcom/android/tools/r8/internal/c6; com/android/tools/r8/internal/c6
instanceKlass com/android/tools/r8/internal/U1
instanceKlass com/android/tools/r8/internal/gd
instanceKlass com/android/tools/r8/internal/cd
instanceKlass com/android/tools/r8/internal/fd
instanceKlass com/android/tools/r8/internal/Uf
instanceKlass com/android/tools/r8/internal/kd
instanceKlass com/android/tools/r8/internal/id
ciInstanceKlass com/android/tools/r8/internal/dd 1 1 32 1 8 1 1 100 1 7 1 1 1 1 12 10 1 1 1 1 1 1 1 1 100 1 1 12 9 1 1 1 1 1
staticfield com/android/tools/r8/internal/dd i I 0
instanceKlass com/android/tools/r8/internal/qe
ciInstanceKlass com/android/tools/r8/internal/id 1 1 353 1 8 1 1 7 1 7 1 100 1 1 1 1 1 1 1 12 10 12 9 1 7 1 12 10 1 1 12 9 1 7 1 12 10 1 100 1 12 10 12 9 1 1 1 7 1 1 12 9 1 7 1 12 10 1 12 10 1 12 10 1 12 10 1 1 12 10 1 1 12 10 12 10 1 1 7 1 12 10 1 1 1 12 10 1 1 1 12 10 1 7 1 12 9 12 9 1 12 9 1 1 1 12 9 1 100 1 1 12 10 1 1 1 12 9 1 100 1 1 12 10 1 12 10 1 1 1 1 12 9 1 12 10 1 7 1 1 12 10 1 7 1 12 10 1 7 1 12 10 1 12 9 1 12 9 1 7 1 12 11 12 10 12 10 1 7 1 12 10 1 7 1 12 10 1 12 10 5 0 1 7 10 12 10 1 7 10 1 7 1 12 10 5 0 5 0 1 7 10 1 7 10 5 0 1 7 10 1 7 10 1 1 100 1 12 10 1 1 100 10 1 100 1 12 10 1 100 1 12 10 1 1 8 1 12 10 1 1 1 12 10 1 8 1 100 1 1 12 10 15 1 12 18 1 8 1 12 18 1 1 1 12 10 1 5 0 5 0 1 1 1 1 100 1 12 10 1 100 1 1 12 9 1 1 12 10 1 7 1 12 9 1 7 1 12 10 1 1 1 1 1 12 9 1 100 1 12 10 1 1 100 1 12 9 1 100 1 12 10 1 100 10 1 100 1 12 10 12 10 1 12 10 12 10 1 12 10 1 1 100 1 12 10 1 100 1 1 1 1 1 1 1
staticfield com/android/tools/r8/internal/id k Z 1
instanceKlass com/android/tools/r8/internal/NY
instanceKlass com/android/tools/r8/internal/mU
instanceKlass com/android/tools/r8/internal/jZ
instanceKlass com/android/tools/r8/internal/xk
instanceKlass com/android/tools/r8/internal/jm
ciInstanceKlass com/android/tools/r8/internal/ru 1 1 65 1 8 1 1 7 1 7 1 1 1 1 1 12 10 1 12 10 1 1 12 10 1 1 7 1 1 12 10 12 9 1 1 1 1 1 100 1 8 1 12 10 1 1 1 7 1 12 9 1 1 1 1 1 100 1 1 12 9 1 1 1 1 1 1
staticfield com/android/tools/r8/internal/ru i Z 1
ciInstanceKlass com/android/tools/r8/internal/xk 1 1 179 1 8 1 1 7 1 7 1 1 1 1 12 10 1 1 7 1 1 12 10 12 9 1 1 1 1 1 1 1 7 1 12 10 1 7 1 12 10 1 100 10 1 1 12 10 1 7 1 12 11 1 1 12 11 1 1 7 1 1 12 10 12 10 1 7 1 1 12 9 1 7 1 12 10 1 12 10 1 7 1 12 10 1 1 8 1 12 10 1 1 8 1 1 1 12 11 12 10 12 10 1 8 1 100 1 1 12 10 15 1 12 18 1 8 1 12 18 1 1 1 12 10 1 1 12 10 1 1 1 100 1 100 1 12 10 1 12 10 1 12 10 1 1 1 100 1 1 12 9 1 100 1 12 10 1 100 12 9 12 10 1 1 12 9 1 100 1 12 10 1 1 12 10 1 1 1 1 1
staticfield com/android/tools/r8/internal/xk j Z 1
instanceKlass com/android/tools/r8/internal/sM
instanceKlass com/android/tools/r8/internal/uM
instanceKlass com/android/tools/r8/internal/vM$c
instanceKlass com/android/tools/r8/internal/vM$b
ciInstanceKlass com/android/tools/r8/internal/vM 1 1 266 1 8 1 1 7 1 1 7 1 7 1 100 1 100 1 7 1 100 1 100 1 100 1 7 1 100 1 7 1 1 1 1 1 1 1 1 1 1 1 1 1 1 12 10 12 9 12 9 12 9 12 9 12 9 1 1 1 1 12 9 1 1 16 1 12 10 15 1 16 1 7 1 1 12 10 15 1 1 12 18 1 7 1 12 10 12 10 15 18 1 16 1 12 10 15 1 16 1 1 12 18 1 1 12 10 12 10 15 1 16 18 1 16 1 1 12 10 15 1 16 1 1 12 18 1 12 10 1 12 10 15 18 1 1 1 7 1 12 10 12 9 1 1 12 10 12 10 1 100 12 11 1 1 1 1 1 1 1 12 10 15 1 12 18 1 12 10 12 10 12 9 12 10 12 10 1 12 10 1 1 7 1 12 11 1 1 7 12 9 1 1 12 11 1 12 10 1 1 12 10 1 8 1 100 10 12 10 12 10 1 1 12 10 1 8 1 12 10 1 8 1 12 10 1 100 1 12 9 1 8 12 10 1 8 12 10 1 8 12 10 1 8 12 10 1 1 1 1 1 1 1 1 1 1 1 1 100 1 8 1 1 12 10 1 1
staticfield com/android/tools/r8/internal/vM g Z 1
ciInstanceKlass com/android/tools/r8/graph/j4$$Lambda$153+0x00000000201485e8 1 1 23 1 7 1 7 1 100 1 1 12 10 1 1 1 7 1 7 1 1 12 10 1 1
ciInstanceKlass com/android/tools/r8/internal/og 1 1 39 1 8 1 1 7 1 7 1 1 1 1 12 10 1 10 12 9 1 1 1 8 1 1 8 1 1 8 1 1 1 7 1 1 12 10 1 1 1
staticfield com/android/tools/r8/internal/og d Lcom/android/tools/r8/internal/og; com/android/tools/r8/internal/og
ciInstanceKlass com/android/tools/r8/internal/kd 1 1 233 1 8 1 1 7 1 7 1 1 1 1 1 1 1 12 10 12 9 1 1 1 7 1 1 12 10 12 9 1 1 1 1 1 1 1 1 1 7 1 1 12 9 1 1 12 9 1 7 1 1 12 9 1 7 1 12 11 1 7 1 12 10 1 12 10 1 1 7 1 1 12 10 1 1 12 10 1 1 100 1 8 1 12 10 1 1 1 12 10 1 8 1 100 1 1 12 10 15 1 12 18 1 1 1 1 7 10 1 100 1 100 1 1 12 10 1 100 1 12 10 1 1 7 1 1 12 10 1 7 1 1 12 9 1 7 1 7 1 12 10 1 7 1 12 9 1 12 9 1 1 100 1 12 10 1 1 100 1 12 10 1 100 1 12 10 1 1 12 10 1 100 1 1 12 9 1 1 7 1 12 10 1 7 1 12 10 1 1 1 12 9 1 100 1 12 10 1 100 1 12 9 1 1 12 10 1 1 12 10 12 10 1 1 100 1 1 12 10 1 1 12 10 1 100 1 12 10 1 1 1 1 1
staticfield com/android/tools/r8/internal/kd k Z 1
ciInstanceKlass com/android/tools/r8/graph/g0 1 1 170 1 8 1 1 7 1 1 7 1 100 1 1 1 1 1 1 1 1 1 1 16 1 12 10 15 16 1 100 1 1 12 10 15 1 1 12 18 1 100 1 12 10 1 12 10 15 16 18 12 10 15 18 1 12 10 1 1 1 12 10 12 9 12 9 12 9 1 1 7 1 1 12 11 1 7 1 1 12 11 1 7 1 1 12 11 1 100 1 7 1 1 12 11 1 1 12 11 1 7 1 12 10 1 7 1 1 12 11 1 1 12 10 1 1 16 12 10 15 12 18 1 1 7 12 10 1 1 1 12 10 1 7 1 12 10 1 100 12 10 1 100 1 12 10 1 8 1 7 1 1 12 10 15 1 12 18 1 100 10 1 8 1 1 1 1 1 1 1 1
staticfield com/android/tools/r8/graph/g0 e I 0
ciInstanceKlass com/android/tools/r8/internal/s20 1 1 188 1 8 1 1 7 1 7 1 7 1 1 1 1 1 1 1 1 1 1 1 1 1 12 10 1 1 1 12 9 1 1 12 10 1 100 1 8 1 100 1 1 12 10 15 1 12 18 1 12 10 12 9 12 9 12 9 12 9 12 9 1 1 8 1 12 18 12 9 12 9 1 1 8 1 12 18 1 100 1 8 10 1 1 7 1 12 9 1 7 1 12 9 12 10 1 12 9 1 8 1 12 18 1 1 7 1 1 12 10 1 12 10 1 12 10 1 12 10 1 12 10 1 12 10 1 12 10 1 12 10 1 12 10 12 9 1 8 1 12 18 1 1 1 8 10 1 8 1 8 1 8 1 8 1 8 1 8 1 8 12 9 1 1 12 10 1 8 1 12 18 1 1 12 10 1 12 10 1 1 12 10 1 1 1 1 1 1
staticfield com/android/tools/r8/internal/s20 b Lcom/android/tools/r8/internal/s20; com/android/tools/r8/internal/s20
staticfield com/android/tools/r8/internal/s20 c Lcom/android/tools/r8/internal/s20; com/android/tools/r8/internal/s20
staticfield com/android/tools/r8/internal/s20 d Lcom/android/tools/r8/internal/s20; com/android/tools/r8/internal/s20
staticfield com/android/tools/r8/internal/s20 e Lcom/android/tools/r8/internal/s20; com/android/tools/r8/internal/s20
staticfield com/android/tools/r8/internal/s20 f Lcom/android/tools/r8/internal/s20; com/android/tools/r8/internal/s20
staticfield com/android/tools/r8/internal/s20 g Lcom/android/tools/r8/internal/s20; com/android/tools/r8/internal/s20
staticfield com/android/tools/r8/internal/s20 h Lcom/android/tools/r8/internal/s20; com/android/tools/r8/internal/s20
staticfield com/android/tools/r8/internal/s20 i Lcom/android/tools/r8/internal/s20; com/android/tools/r8/internal/s20
staticfield com/android/tools/r8/internal/s20 j [Lcom/android/tools/r8/internal/s20; 8 [Lcom/android/tools/r8/internal/s20;
ciInstanceKlass com/android/tools/r8/internal/pe 1 1 65 1 8 1 1 100 1 7 1 1 1 12 10 1 1 1 1 1 1 100 1 8 1 12 10 1 1 1 100 1 1 12 10 1 1 1 100 1 1 12 10 1 12 10 1 1 1 100 1 1 12 9 1 1 7 1 12 9 1 1 1 1 1 1 1
ciInstanceKlass com/android/tools/r8/internal/bt 1 1 337 1 8 1 1 7 1 7 1 100 1 1 1 1 1 1 12 10 12 9 12 9 1 7 1 1 12 9 1 100 1 1 12 10 8 1 100 1 1 12 10 1 100 1 12 10 1 1 7 1 1 12 10 1 1 1 1 1 1 100 1 12 10 1 1 1 100 1 1 12 9 1 1 8 1 1 7 1 12 10 1 7 1 12 10 1 12 10 1 12 10 1 1 12 10 1 7 1 7 1 1 12 10 1 12 10 1 12 10 1 7 1 12 10 1 100 1 12 10 1 1 7 1 12 10 12 10 1 1 7 12 10 1 1 1 7 1 1 12 10 1 7 1 12 10 1 1 12 10 1 100 1 100 1 12 10 1 7 1 1 12 10 1 12 9 1 7 1 1 12 10 1 7 1 7 1 12 10 1 7 1 12 10 1 12 10 1 12 9 1 12 10 1 1 100 1 12 10 1 1 100 1 12 10 1 100 1 12 10 1 1 1 12 10 1 100 1 12 10 1 100 1 12 10 1 100 1 100 1 12 11 1 12 10 1 100 1 12 10 1 1 7 1 1 12 10 1 7 1 12 9 1 12 10 1 7 1 12 9 1 12 10 1 12 9 12 10 12 10 1 100 1 12 10 1 1 1 100 1 12 10 1 12 10 1 12 10 1 12 10 1 1 12 9 1 100 1 12 10 1 100 1 12 10 1 100 1 12 10 1 1 12 9 1 100 1 100 1 100 1 1 12 10 1 12 10 1 1 100 1 12 10 1 1 1 1 1
staticfield com/android/tools/r8/internal/bt n Z 1
ciInstanceKlass com/android/tools/r8/internal/Co 1 1 364 1 8 1 1 7 1 7 1 100 1 100 1 1 1 1 1 1 12 10 1 7 1 7 1 1 12 10 1 12 10 12 9 1 1 12 10 1 100 1 1 12 9 1 12 10 1 7 1 12 10 1 1 12 9 1 12 10 1 1 1 7 1 1 12 10 1 1 1 1 7 1 1 12 9 1 7 1 1 12 10 1 1 12 10 1 1 12 10 1 7 1 12 10 1 1 12 10 1 1 12 10 1 7 1 12 10 1 100 1 8 1 100 1 1 12 10 15 1 12 18 1 12 10 1 7 1 12 10 1 7 10 1 7 10 1 7 10 1 7 10 1 7 10 1 7 10 1 100 1 12 10 1 1 1 7 1 12 10 1 7 12 10 1 1 12 10 1 100 1 100 1 12 10 1 12 10 1 100 1 1 12 10 1 100 1 8 1 12 10 1 100 1 100 1 1 12 10 1 1 12 10 1 100 1 12 10 1 12 9 1 100 1 12 10 1 12 10 10 1 12 10 1 100 1 12 11 1 100 1 1 12 10 1 1 12 10 1 1 12 10 1 7 1 12 10 1 1 12 10 1 12 9 1 7 1 12 10 1 1 1 8 1 1 100 1 12 10 1 1 1 1 1 1 1 12 10 1 12 10 1 8 1 12 18 1 1 100 1 12 10 1 1 100 1 100 1 12 9 1 12 10 1 1 12 10 1 100 1 100 1 12 10 1 12 10 1 12 10 1 1 1 1 1 1 100 1 1 12 10 1 100 1 12 10 1 100 1 12 10 1 1 1 100 1 12 10 1 1 100 1 12 10 1 1 100 1 12 10 1 1 1 1 1
staticfield com/android/tools/r8/internal/Co k Z 1
ciInstanceKlass com/android/tools/r8/internal/L2 1 1 154 1 8 1 1 7 1 7 1 1 1 1 1 1 1 1 12 10 12 9 12 9 1 1 1 7 1 1 12 10 12 9 1 1 1 1 1 1 7 1 1 12 9 1 1 100 1 8 1 12 10 1 3 1 1 7 1 12 9 1 12 10 1 7 1 1 12 9 1 7 1 12 10 1 7 1 12 10 1 12 10 1 1 12 10 1 1 1 1 100 1 1 12 9 1 1 1 100 12 10 1 1 100 1 1 12 10 1 1 12 9 1 1 12 10 1 1 1 1 1 100 1 12 9 1 12 9 10 1 1 1 12 10 1 100 1 1 12 10 1 100 1 100 1 12 11 1 1 12 11 1 1 1 1
staticfield com/android/tools/r8/internal/L2 k Z 1
ciInstanceKlass com/android/tools/r8/internal/et 1 1 292 1 8 1 1 7 1 7 1 1 1 1 12 10 1 1 1 7 1 1 12 10 12 9 1 1 1 1 1 1 100 1 12 10 1 1 1 100 1 1 12 9 1 1 1 8 1 1 7 1 12 10 1 7 1 12 10 1 1 12 10 1 12 10 1 1 12 10 12 10 1 12 10 1 7 1 7 1 1 12 10 1 12 10 1 100 10 1 12 10 1 100 1 7 1 12 10 1 100 10 1 100 1 12 10 1 1 7 1 1 12 10 12 10 1 1 1 1 7 1 12 10 1 7 1 12 10 1 1 12 10 1 100 1 12 10 1 100 1 12 10 1 1 100 1 12 9 1 100 1 1 12 10 1 100 1 100 1 12 10 1 100 1 12 9 1 100 1 12 9 1 100 1 12 10 1 100 1 12 9 1 100 1 12 9 1 100 1 12 10 1 100 1 12 10 12 9 1 12 10 1 1 12 10 1 12 10 1 1 100 1 12 10 1 100 1 12 10 1 1 1 12 10 1 100 1 12 10 1 100 1 12 10 10 1 1 12 10 1 12 10 1 100 1 12 10 1 12 10 1 12 10 1 100 1 1 12 10 1 12 10 1 100 12 10 1 1 100 1 12 10 1 1 100 1 12 9 1 100 1 1 12 10 1 100 1 12 10 1 1 1 1
staticfield com/android/tools/r8/internal/et m Z 1
instanceKlass com/android/tools/r8/internal/cj
instanceKlass com/android/tools/r8/internal/dj
instanceKlass com/android/tools/r8/internal/AW
instanceKlass com/android/tools/r8/internal/zW
instanceKlass com/android/tools/r8/internal/cM
ciInstanceKlass com/android/tools/r8/internal/f20 1 1 916 1 8 1 1 7 1 1 7 1 100 1 7 1 100 1 100 1 1 1 1 1 1 1 1 1 1 1 1 1 1 1 1 1 1 1 1 1 1 1 1 1 1 1 1 1 12 10 12 9 1 7 10 12 9 12 9 12 9 12 9 12 9 12 9 12 9 12 9 12 9 1 100 10 1 7 1 100 12 9 1 12 10 12 9 12 9 1 1 1 7 1 1 12 11 1 7 1 7 1 1 12 11 1 1 12 11 1 7 1 1 12 11 1 12 11 1 12 10 1 1 12 10 1 1 12 11 12 10 1 1 12 10 1 12 10 16 15 16 1 7 1 1 12 10 15 1 1 12 18 1 12 10 1 1 1 1 7 1 12 10 1 12 10 12 10 12 9 1 12 10 15 1 12 18 1 12 10 1 12 10 15 1 16 1 12 18 1 1 12 10 1 12 10 1 7 1 100 1 100 1 100 1 100 1 8 1 100 1 1 12 10 15 1 12 18 1 100 1 1 12 10 1 12 10 1 12 10 1 12 10 1 12 9 1 12 10 1 7 1 1 12 10 1 100 1 8 1 12 18 1 12 10 1 12 10 1 12 10 1 12 10 1 12 10 1 12 10 1 12 10 1 12 10 1 12 10 1 12 10 1 12 10 1 12 10 1 12 10 1 1 12 10 1 7 1 12 10 1 12 10 12 10 1 12 10 12 10 1 12 10 1 12 10 1 12 10 1 100 1 12 10 1 100 1 12 9 1 1 1 7 1 1 7 1 12 9 1 7 1 12 9 1 12 10 1 7 1 7 12 10 12 11 1 12 11 1 1 12 10 1 100 1 1 1 1 12 10 1 1 12 9 1 12 10 1 7 1 12 10 1 12 9 1 1 12 10 12 9 12 10 12 9 1 1 12 10 1 12 10 1 100 1 12 10 1 1 7 1 12 10 1 12 11 1 1 7 10 1 12 10 1 1 100 1 12 10 1 1 12 10 1 12 11 1 10 1 10 1 12 10 1 12 10 12 10 1 1 1 12 10 1 7 12 10 10 1 7 1 12 10 1 7 10 1 12 10 1 100 1 1 12 10 1 12 10 1 100 12 10 1 1 7 1 12 10 11 1 7 1 12 11 1 1 7 1 12 10 1 16 12 10 15 1 16 1 1 12 18 1 7 1 12 10 12 11 1 1 12 11 1 100 1 1 12 10 15 1 12 18 1 12 10 1 12 10 1 7 10 1 12 10 12 10 1 12 9 1 100 1 10 12 10 1 12 10 12 10 1 12 10 1 7 1 1 7 1 1 12 10 1 1 1 1 100 8 10 1 1 12 10 1 8 1 12 10 12 9 1 12 10 1 1 12 10 1 12 10 1 8 1 12 10 1 8 12 9 12 10 1 1 1 7 1 12 10 1 1 12 10 1 12 10 12 10 1 1 100 1 100 1 100 1 12 10 1 12 10 1 7 1 12 9 1 12 10 1 12 9 1 100 1 12 10 12 10 12 10 12 10 1 1 1 12 10 15 18 12 10 1 12 10 15 18 1 1 12 10 1 12 10 1 12 9 1 100 1 1 12 10 12 10 1 12 10 1 100 12 10 1 1 7 12 10 1 12 11 1 1 12 10 1 7 11 12 10 12 10 1 1 12 10 1 7 1 12 10 1 12 10 1 12 10 1 1 12 10 1 12 9 1 12 9 1 12 10 1 12 10 10 1 100 1 8 1 12 18 12 10 1 12 10 1 100 1 8 1 12 18 1 1 100 12 9 1 12 10 1 12 10 1 12 10 10 15 16 18 12 10 1 12 10 1 12 9 1 12 10 1 100 12 10 10 12 10 1 100 12 10 1 12 10 1 100 12 10 10 1 12 9 12 9 1 12 10 1 12 10 1 1 12 10 1 100 1 12 10 1 12 10 12 10 1 12 10 12 10 15 18 10 1 12 10 1 1 1 1 12 10 1 12 10 1 100 1 12 11 1 1 12 11 12 10 15 1 12 18 1 100 1 1 12 11 1 12 11 12 11 1 100 11 12 10 1 12 11 1 100 1 12 10 12 9 1 12 10 12 11 1 1 1 1 1 1 1 1
staticfield com/android/tools/r8/internal/f20 p Lcom/android/tools/r8/internal/f20; com/android/tools/r8/internal/f20
staticfield com/android/tools/r8/internal/f20 q Z 1
instanceKlass com/android/tools/r8/internal/dM
ciInstanceKlass com/android/tools/r8/internal/cM 1 1 458 1 8 1 1 7 1 7 1 100 1 100 1 7 1 1 1 1 1 1 1 1 1 1 1 1 1 1 12 10 1 7 1 12 10 12 9 12 9 12 9 12 9 1 7 1 12 10 1 1 7 1 1 12 10 12 9 1 1 1 12 10 1 100 1 1 12 9 1 8 1 100 1 1 12 10 15 1 12 18 1 12 10 1 1 12 10 1 7 1 1 12 11 1 1 12 10 1 1 12 10 1 12 10 12 9 1 100 10 1 1 1 1 12 9 12 10 12 10 1 1 1 12 10 1 12 10 1 7 1 1 12 11 1 1 12 11 1 7 1 12 11 1 1 12 11 1 12 10 1 1 12 9 1 7 10 1 1 12 9 1 12 10 1 100 1 8 10 1 12 9 1 1 1 12 10 1 1 1 1 10 1 1 12 10 11 1 10 1 12 10 1 7 1 1 12 10 1 12 10 12 10 1 7 1 12 10 1 7 1 1 12 10 1 7 1 7 1 12 10 1 1 12 9 1 7 1 12 10 1 7 1 12 9 1 12 9 1 7 1 1 12 10 1 7 1 12 9 1 12 10 1 1 12 11 1 12 10 1 7 1 1 12 11 11 1 7 1 12 11 1 1 12 11 12 10 1 12 10 12 10 1 1 12 10 12 10 1 1 1 100 10 8 1 1 12 10 1 12 9 1 12 10 1 8 1 12 10 1 8 1 8 16 1 12 10 15 1 16 1 100 1 1 12 10 15 1 1 12 18 1 100 1 12 10 1 100 1 12 10 1 8 1 12 10 10 1 1 100 12 10 1 10 1 1 100 1 12 10 12 10 1 100 1 100 1 12 10 1 12 10 10 1 12 10 1 1 1 12 10 1 12 10 1 100 10 10 10 1 12 10 1 12 10 1 1 12 10 12 10 12 10 1 12 10 1 12 10 1 100 12 10 1 12 10 1 7 10 10 1 12 10 1 12 10 1 12 10 1 100 1 12 10 16 12 10 15 16 1 1 12 18 1 1 12 10 1 1 100 10 1 1 1 1 1 1 1 1
staticfield com/android/tools/r8/internal/cM w Z 1
ciInstanceKlass com/android/tools/r8/ir/optimize/K 1 1 474 1 8 1 1 7 1 7 1 7 1 100 1 100 1 1 1 1 1 1 1 1 1 12 10 12 9 1 7 1 12 10 12 9 1 1 7 1 1 12 10 1 7 1 12 10 1 7 1 7 1 7 1 1 12 11 1 1 12 11 1 7 1 12 10 1 12 9 1 7 1 1 12 10 1 7 11 11 1 7 1 12 10 1 1 12 10 1 7 1 1 12 11 1 12 10 1 16 1 12 10 15 16 1 7 1 1 12 10 15 1 1 12 18 1 100 1 12 11 1 1 12 11 1 1 7 1 12 11 1 7 1 12 10 1 1 12 10 1 12 10 1 1 12 10 1 1 12 10 1 12 10 1 12 11 1 7 1 1 12 11 1 12 9 1 1 12 10 1 12 10 12 10 1 7 1 100 1 12 11 11 1 1 12 10 1 1 12 11 1 11 1 100 1 1 12 10 1 1 10 1 1 7 1 12 10 12 9 1 1 7 10 1 12 10 1 1 12 10 1 1 12 9 1 7 10 1 100 1 1 12 10 1 12 10 1 12 10 1 12 9 1 1 12 10 1 7 1 12 10 1 7 1 1 12 9 1 7 1 12 11 1 12 10 1 1 12 10 1 100 12 10 1 100 10 1 1 12 10 1 100 1 12 10 1 100 1 12 10 1 12 10 1 100 1 12 10 1 100 12 10 1 1 12 10 1 100 1 100 1 1 12 10 1 100 1 12 10 1 12 9 1 1 12 10 1 100 1 12 10 1 12 10 1 12 10 1 1 12 10 1 100 1 12 10 12 10 1 12 10 1 100 1 12 10 10 1 12 10 12 10 12 10 1 16 12 10 15 16 1 1 12 18 1 1 12 11 12 11 1 12 10 1 12 10 1 7 10 1 1 12 9 1 7 1 12 10 1 7 1 1 12 11 12 10 15 16 18 1 7 1 1 12 11 1 16 12 10 15 16 1 12 18 1 1 12 11 5 0 1 1 12 11 16 12 10 15 1 16 1 1 12 18 1 1 12 11 10 1 12 10 12 10 1 12 10 1 12 11 1 12 10 12 10 1 12 10 1 1 1 1 1 1 1
staticfield com/android/tools/r8/ir/optimize/K c Z 1
ciInstanceKlass com/android/tools/r8/internal/Nk 1 0 12 1 8 1 1 100 1 100 1 1 1 1
instanceKlass com/android/tools/r8/graph/b5
instanceKlass com/android/tools/r8/graph/T4
instanceKlass com/android/tools/r8/graph/U4$c
ciInstanceKlass com/android/tools/r8/graph/U4 1 1 230 1 8 1 1 7 1 1 7 1 100 1 100 1 100 1 100 1 100 1 100 1 100 1 100 1 100 1 100 1 100 1 100 1 100 1 100 1 100 1 7 1 100 1 7 1 7 1 1 1 1 1 1 12 10 1 1 7 1 1 12 10 1 1 12 10 1 12 10 1 7 1 1 12 10 1 12 10 12 9 1 7 1 12 10 1 100 10 1 100 1 1 12 10 1 12 10 1 1 7 1 12 10 1 1 1 1 1 1 1 1 1 1 1 1 1 1 1 100 1 12 10 1 100 1 12 10 1 1 1 1 1 1 1 1 1 1 12 10 1 1 1 1 12 10 1 1 1 1 1 1 1 1 1 1 1 1 12 10 12 10 12 10 1 1 1 1 1 1 1 1 1 1 12 10 1 1 1 12 10 12 10 1 1 1 1 1 1 100 1 100 1 1 12 10 1 16 12 10 15 1 100 1 1 12 10 15 1 12 18 12 10 1 1 1 1 1 1 1 1 1 1 1 1 1 1 1 1 1 1
staticfield com/android/tools/r8/graph/U4 a Z 1
instanceKlass com/android/tools/r8/graph/g5
instanceKlass com/android/tools/r8/graph/e5
instanceKlass com/android/tools/r8/graph/f5
ciInstanceKlass com/android/tools/r8/graph/U4$c 1 1 650 1 8 1 1 7 1 1 7 1 100 1 1 100 1 100 1 1 100 1 1 1 1 1 1 1 1 1 12 10 12 9 1 100 10 1 7 1 7 1 12 9 1 7 1 1 12 10 12 9 12 9 12 9 1 1 12 10 1 1 7 1 1 12 10 1 1 12 10 1 7 1 12 9 1 7 1 1 12 11 1 12 11 1 1 100 1 12 11 1 100 1 12 11 1 12 11 1 12 10 1 1 12 9 1 7 1 12 10 1 12 10 1 12 10 1 7 1 12 10 1 12 10 1 1 1 12 10 1 7 1 12 10 1 12 10 1 12 10 12 10 1 100 1 1 12 10 1 100 1 1 12 10 1 1 16 1 12 10 15 1 16 1 7 1 1 12 10 15 1 1 12 18 1 100 1 12 10 1 100 1 100 1 12 10 12 11 1 12 9 12 10 1 100 1 1 12 9 1 100 1 12 10 1 100 1 1 12 9 12 10 1 1 1 7 1 12 10 1 1 7 1 12 10 1 16 12 10 15 1 12 18 1 1 12 10 1 12 10 12 10 1 12 10 1 12 10 1 7 1 12 10 1 12 10 1 7 1 1 12 11 12 9 12 10 1 12 10 1 12 10 1 1 12 10 1 12 10 1 7 1 12 10 1 12 10 1 12 10 1 8 1 100 1 1 12 10 15 1 12 18 12 10 1 12 10 12 10 12 9 12 10 1 100 1 12 10 1 100 1 12 10 12 10 1 1 12 10 1 100 10 1 12 10 1 12 10 1 100 1 1 100 1 12 10 1 100 1 12 9 1 100 1 100 1 1 12 10 1 12 10 15 1 16 1 12 18 1 12 10 15 1 16 18 1 12 10 1 100 1 12 11 1 12 11 1 12 9 1 100 1 12 10 11 12 10 1 1 100 1 12 9 1 100 1 12 11 1 12 9 1 100 1 12 10 1 100 11 12 10 12 11 12 9 1 1 1 1 1 1 1 1 100 1 12 10 1 100 1 1 12 10 1 12 10 1 1 1 1 1 12 10 1 7 1 12 10 1 1 12 10 1 12 10 12 10 1 100 1 12 9 1 1 12 10 1 7 12 10 16 12 10 15 16 1 12 18 12 10 1 12 10 15 1 12 18 1 12 10 1 12 10 1 1 100 1 100 1 12 9 1 100 1 1 12 10 1 1 12 10 1 100 1 100 1 12 10 1 12 10 1 12 10 1 12 10 12 10 15 1 12 18 12 10 15 1 16 1 12 18 11 1 12 10 1 12 10 1 12 10 1 1 12 9 10 12 10 16 12 10 15 1 12 18 12 10 1 12 10 1 12 10 10 10 1 12 9 1 1 1 12 10 1 100 1 100 12 10 1 12 10 1 12 10 1 100 1 12 10 1 12 9 1 12 10 1 12 9 1 100 1 1 12 10 1 100 1 12 10 1 12 10 1 100 1 12 10 1 12 10 1 1 1 1 1 1 1 1 1 1
staticfield com/android/tools/r8/graph/U4$c e Z 1
ciInstanceKlass com/android/tools/r8/internal/mU 1 1 217 1 8 1 1 7 1 7 1 1 1 1 12 10 1 12 10 1 1 7 1 1 12 10 12 9 1 1 1 1 1 1 7 1 1 12 9 1 7 1 12 10 1 1 12 10 1 100 10 1 1 12 10 1 7 1 1 1 7 10 12 10 1 1 12 9 1 7 1 1 12 9 1 7 1 12 11 1 1 12 10 1 7 12 10 1 7 1 12 10 1 12 10 1 7 10 1 12 10 1 7 10 1 100 10 1 12 10 1 1 12 9 1 7 1 1 12 9 1 7 10 1 12 9 1 12 10 1 100 1 12 10 1 12 10 1 100 1 12 10 1 1 12 10 1 1 12 10 1 1 1 8 1 12 10 1 1 100 1 12 9 1 1 100 1 12 10 1 1 100 10 1 100 1 100 1 100 1 12 10 1 12 10 1 100 1 12 10 1 1 100 1 1 12 10 1 100 1 1 12 10 1 1 12 10 1 100 1 12 10 1 12 10 1 1 1 1
staticfield com/android/tools/r8/internal/mU j Z 1
ciInstanceKlass com/android/tools/r8/internal/Kl 1 1 1686 1 8 1 1 7 1 7 1 7 1 7 1 7 1 7 1 7 1 7 1 100 1 1 7 1 7 1 1 1 1 1 1 1 1 1 1 1 1 1 1 1 1 1 1 1 1 1 1 1 1 1 1 1 1 1 1 1 1 1 1 1 1 1 1 1 1 1 1 1 1 1 1 1 1 1 1 7 1 1 12 10 1 100 1 8 1 7 1 1 12 10 15 1 12 18 1 1 12 10 1 7 1 12 10 1 12 10 1 12 10 1 12 10 1 12 10 1 12 10 1 12 10 1 1 7 1 12 10 1 7 1 1 12 10 1 7 1 12 10 1 7 1 12 10 1 12 10 1 7 1 7 1 12 10 1 7 1 12 10 1 12 10 1 1 7 12 9 1 7 1 1 12 10 1 7 1 1 12 10 1 7 1 12 9 1 1 1 12 10 1 1 7 1 12 10 10 1 7 10 12 9 1 7 10 12 9 10 12 9 12 9 12 9 9 12 9 12 9 12 9 12 9 12 9 12 9 1 7 10 12 9 12 9 12 9 12 9 12 9 1 7 10 12 9 1 100 10 1 100 1 7 1 7 1 100 12 9 12 9 12 9 12 9 12 9 12 9 12 9 12 9 1 1 7 1 12 10 1 16 12 10 15 16 1 7 1 1 12 10 15 1 1 12 18 1 100 1 1 12 11 1 1 100 1 8 1 12 18 10 1 1 7 1 12 9 12 9 12 9 1 1 7 1 12 9 1 12 10 1 7 1 12 10 1 1 12 10 1 12 10 1 12 10 1 100 1 12 10 1 7 1 7 1 12 10 12 10 12 10 1 1 12 10 1 7 1 12 9 12 10 12 10 1 12 10 1 12 10 1 100 10 10 1 7 1 1 12 11 1 7 1 12 11 1 1 12 11 1 12 10 1 12 10 12 10 1 12 10 1 1 12 11 1 7 1 8 1 12 18 10 1 1 7 1 12 10 1 12 10 1 12 11 1 8 1 12 18 1 100 1 8 10 12 10 1 12 10 1 12 10 12 10 10 10 1 12 10 1 1 12 11 1 100 10 1 7 1 1 12 10 1 12 10 10 1 12 10 12 10 1 12 10 1 7 12 10 10 1 12 9 1 7 11 1 12 9 1 7 10 12 9 12 9 12 9 12 9 12 9 1 1 12 10 1 10 1 100 1 12 10 1 7 10 1 12 10 1 12 10 1 12 10 1 12 11 1 7 1 12 11 10 1 7 1 12 11 1 7 12 11 1 12 11 12 9 10 1 7 1 12 10 1 7 1 12 10 1 7 11 9 12 9 1 12 10 1 12 10 10 1 12 10 12 10 1 12 10 12 10 1 12 10 12 10 1 1 12 10 11 1 12 10 1 1 12 9 1 12 10 1 100 1 12 10 1 1 12 9 1 12 10 1 7 12 10 1 7 1 7 1 1 12 10 1 12 11 12 9 1 7 12 10 12 10 12 10 1 12 11 1 7 1 12 10 1 7 10 1 12 10 12 9 12 9 12 10 12 9 1 1 12 10 1 7 10 1 12 9 3 1 12 10 1 12 9 11 1 12 10 1 7 12 10 1 12 10 1 100 12 10 1 12 10 1 12 9 1 7 12 10 1 7 1 12 10 1 12 10 1 12 10 10 12 10 1 12 10 12 9 10 12 10 1 100 1 100 1 12 10 1 12 10 1 12 10 12 10 1 12 11 10 10 1 12 10 12 11 11 12 10 10 1 12 11 12 11 12 10 12 11 1 12 10 1 12 10 12 9 12 10 12 9 12 11 1 12 11 1 12 9 1 12 10 1 12 10 1 12 10 12 9 1 12 10 1 7 10 12 9 9 1 12 9 1 7 10 12 10 12 10 1 12 11 10 1 12 10 1 1 12 10 1 100 1 12 10 1 100 1 7 1 12 10 12 10 1 12 10 12 10 1 12 10 1 12 10 11 12 10 12 10 10 1 7 1 12 10 10 1 7 1 12 10 1 12 9 1 7 11 10 1 12 10 1 7 1 12 10 12 10 12 10 1 7 10 1 12 10 12 10 12 10 16 12 10 15 16 1 1 12 18 1 100 1 12 11 10 1 100 1 100 12 9 1 12 10 1 100 10 12 9 1 12 9 10 1 12 10 1 100 1 12 10 12 10 1 12 9 12 10 12 9 12 9 1 7 10 10 1 12 10 10 12 9 12 9 10 10 1 12 10 1 12 10 1 1 12 10 1 12 11 1 12 10 11 1 1 12 10 1 1 12 11 10 12 9 10 9 1 12 9 1 8 10 1 12 10 12 9 9 12 9 1 12 10 1 12 10 1 7 12 10 11 12 10 1 12 10 1 12 10 10 12 10 1 7 1 12 10 10 12 10 1 100 1 7 1 12 10 1 12 10 1 12 10 1 12 10 12 10 1 12 10 12 9 1 1 12 10 12 9 1 100 1 12 10 1 12 9 1 100 12 9 12 9 1 12 9 1 12 10 1 12 9 1 12 10 12 9 1 12 10 12 10 1 100 1 12 10 12 10 1 12 10 11 12 10 11 1 12 9 1 12 10 1 7 1 12 9 1 12 9 12 10 1 12 10 1 12 10 1 7 12 10 1 12 10 10 12 10 1 1 12 10 1 7 1 12 10 1 7 1 12 10 12 10 12 10 12 10 1 7 1 12 10 1 7 12 10 1 12 9 1 7 1 12 9 1 7 12 10 1 12 10 1 7 1 12 10 1 100 12 10 1 7 1 12 10 10 1 12 10 1 7 1 12 10 1 1 7 1 12 10 1 1 12 9 1 7 1 12 9 1 12 10 1 7 1 12 10 1 1 7 1 12 9 1 12 10 1 100 1 12 9 1 100 1 12 10 1 1 100 12 9 1 100 1 12 10 1 7 10 10 1 1 12 10 1 7 10 1 7 10 10 12 10 1 1 7 12 9 1 7 1 12 10 1 7 1 12 10 1 1 100 1 12 9 12 10 12 9 1 12 9 1 12 9 1 7 1 1 12 10 1 100 9 1 1 12 10 1 12 10 12 10 1 12 10 1 12 10 1 11 1 1 12 11 12 10 15 16 18 1 100 1 1 12 11 12 10 1 12 10 1 12 9 1 1 12 10 1 7 10 1 12 10 1 12 10 1 7 1 7 12 10 12 10 1 1 7 1 12 10 12 9 1 7 10 5 0 12 9 1 7 10 1 12 10 1 12 10 12 10 12 10 10 1 12 9 12 9 1 12 9 1 7 10 11 1 1 7 1 12 10 1 7 10 1 7 10 1 1 100 12 10 1 7 10 10 9 1 12 10 12 10 1 7 1 12 10 1 7 10 1 7 10 1 7 10 1 7 10 1 12 10 1 12 10 1 1 12 10 12 9 12 9 1 12 10 1 12 10 1 1 7 1 12 10 12 11 12 9 1 8 1 12 18 12 10 12 10 11 1 12 10 1 7 1 1 12 10 11 10 12 10 10 1 100 1 8 10 12 10 1 1 12 10 1 8 10 12 10 12 10 1 12 10 1 7 12 10 12 10 1 12 11 1 12 10 1 12 11 1 7 1 12 10 1 12 10 1 100 1 12 9 1 100 1 12 11 1 8 18 10 1 12 10 1 12 10 1 12 10 12 10 12 10 1 12 10 10 10 12 10 11 1 12 11 1 12 9 16 12 10 15 1 16 1 12 18 1 12 10 12 9 1 100 1 12 10 1 12 10 1 12 9 1 1 100 1 12 10 1 100 1 100 10 1 100 1 12 9 1 100 1 12 10 1 100 1 100 12 9 12 9 1 12 9 1 12 10 1 1 7 1 12 10 10 1 1 1 1 1 1 1
staticfield com/android/tools/r8/internal/Kl D Z 1
ciInstanceKlass com/android/tools/r8/internal/dM 1 1 131 1 8 1 1 7 1 7 1 100 1 1 1 1 1 12 10 1 1 1 7 1 1 12 10 12 9 1 1 100 1 12 10 1 100 12 10 1 7 1 1 12 9 1 7 1 12 10 1 1 12 10 1 12 10 1 100 1 1 12 10 1 12 10 1 12 10 1 100 10 1 12 10 1 12 10 1 100 1 1 12 10 1 1 1 12 10 1 7 1 12 10 1 1 12 10 1 7 1 1 12 11 1 7 1 12 11 1 1 12 11 1 12 10 1 12 10 1 12 10 1 7 1 12 10 1 1 1 1 1 1
staticfield com/android/tools/r8/internal/dM x Z 1
ciInstanceKlass com/android/tools/r8/internal/te 1 1 116 1 8 1 1 7 1 7 1 1 1 1 1 12 10 1 1 7 1 1 12 10 12 9 1 1 1 1 1 1 1 1 1 12 10 1 100 1 12 10 1 7 1 1 12 10 1 100 1 100 12 10 1 7 1 7 1 7 10 1 12 10 1 12 10 1 1 1 1 100 10 1 1 1 100 1 1 12 9 1 1 7 1 12 9 1 1 1 1 100 1 100 10 1 12 10 1 1 1 1 100 1 12 9 1 1 12 9 1 1 12 10 1 1 1 1
staticfield com/android/tools/r8/internal/te i Z 1
ciInstanceKlass com/android/tools/r8/internal/Xl 1 1 72 1 8 1 1 7 1 7 1 1 1 1 1 1 1 12 10 1 1 1 12 10 1 1 7 1 1 12 10 12 9 5 0 12 9 12 9 1 1 12 10 1 100 10 1 1 7 1 1 12 10 5 0 12 10 5 0 1 5 0 1 1 5 0 5 0 5 0 1 1 1 1
staticfield com/android/tools/r8/internal/Xl c Z 1
ciInstanceKlass com/android/tools/r8/internal/J4 1 1 1156 1 8 1 1 7 1 7 1 7 1 7 1 100 1 100 1 100 1 100 1 1 100 1 7 1 1 1 1 1 1 1 1 1 1 1 1 1 1 1 1 1 1 1 1 1 1 1 1 1 12 10 1 7 10 12 9 12 9 12 9 1 7 12 9 9 1 7 10 12 9 12 9 12 9 12 9 12 9 1 7 10 12 9 12 9 12 9 12 9 12 9 1 1 12 10 1 12 10 1 7 1 1 12 11 10 1 7 10 1 12 10 1 12 10 1 12 10 1 1 12 10 1 7 1 12 10 1 1 8 1 12 9 1 1 12 10 1 100 10 1 1 12 10 1 1 7 1 1 12 10 1 1 16 12 10 15 16 1 7 1 1 12 10 15 1 1 12 18 1 1 12 10 1 1 12 10 1 100 1 12 10 1 7 1 12 10 1 12 10 1 1 12 10 1 7 1 1 12 11 16 1 12 10 15 1 16 1 1 12 18 1 100 1 1 12 11 1 1 12 9 1 1 12 11 12 9 11 1 7 1 12 10 1 7 1 12 10 1 12 10 11 1 12 10 15 1 16 1 12 18 1 12 11 1 12 11 12 10 12 10 1 100 10 1 1 12 11 1 7 1 12 11 1 1 12 11 1 12 10 1 8 1 8 1 1 12 10 10 1 1 12 10 1 7 10 1 1 7 12 9 1 100 10 1 7 1 1 12 10 11 1 1 1 12 10 1 12 10 1 12 10 1 12 10 11 1 12 10 1 7 1 12 10 1 1 1 1 12 10 1 12 10 10 1 7 1 12 10 1 7 1 12 10 15 1 12 18 1 7 12 11 1 12 10 12 10 11 1 1 12 10 12 10 1 8 12 10 1 7 1 12 10 1 12 10 1 1 8 12 10 1 12 10 1 12 9 9 12 10 1 12 9 10 1 12 10 10 1 12 10 1 1 12 11 10 1 12 10 1 12 10 1 1 12 10 1 12 11 1 12 10 1 12 10 1 1 12 10 10 1 8 1 1 12 10 1 12 10 11 1 1 8 1 12 10 1 12 10 12 10 1 12 10 1 12 10 1 12 10 9 1 12 10 12 10 1 12 9 1 1 12 10 1 100 12 10 1 7 1 12 10 1 12 10 1 100 1 100 1 12 10 12 10 1 1 12 10 1 12 10 10 12 9 12 9 1 12 10 1 1 12 10 1 100 12 9 1 12 9 100 1 12 10 1 12 10 11 1 8 1 1 1 12 10 1 1 1 8 1 100 1 1 12 10 15 1 12 18 1 8 1 1 16 12 10 15 1 12 18 12 10 15 18 1 1 10 1 12 10 1 12 10 1 1 12 10 1 7 1 12 11 1 12 11 12 10 12 10 15 16 18 10 10 1 10 1 12 10 1 8 1 12 18 1 7 10 10 1 100 1 7 10 1 12 10 11 1 7 1 12 11 1 12 11 1 12 10 10 1 11 1 1 1 12 10 1 7 12 10 12 10 1 12 10 10 12 10 1 12 10 1 12 10 12 10 1 12 10 11 1 12 11 12 9 1 12 10 10 15 18 1 1 12 11 1 1 12 11 1 7 10 1 1 100 1 100 10 1 12 10 1 1 12 9 1 12 10 1 12 9 1 1 12 10 12 9 1 12 10 1 1 12 10 1 1 12 10 1 7 11 1 12 9 1 1 1 12 10 1 12 10 1 100 10 1 8 1 1 12 10 1 12 10 1 8 18 1 8 18 1 8 18 1 8 1 12 18 1 8 18 1 8 16 12 10 15 16 1 1 12 18 1 100 12 10 12 11 1 12 10 1 8 12 10 15 1 12 18 1 8 10 1 8 1 8 1 12 10 1 8 1 8 12 9 1 8 1 100 1 12 11 1 12 9 1 8 1 12 10 1 12 10 1 12 10 1 100 1 1 12 10 1 12 10 1 1 12 10 1 12 10 1 12 10 1 12 10 1 8 12 10 1 100 12 9 11 1 8 1 8 1 8 10 10 1 1 12 10 11 1 7 1 1 12 10 10 12 9 1 12 9 1 12 10 1 12 10 12 9 1 7 1 12 10 15 1 16 1 12 18 1 12 10 1 1 12 10 1 1 7 1 12 9 1 7 1 12 10 1 1 12 10 1 11 12 10 12 10 1 12 10 12 10 1 1 100 1 12 9 1 100 1 1 12 9 1 100 1 1 12 10 1 12 10 12 9 1 100 1 100 10 1 12 9 1 100 12 10 12 9 1 12 10 1 12 10 1 12 10 12 10 9 12 11 1 100 1 8 1 12 10 1 12 9 1 12 10 1 12 10 12 10 1 7 10 1 12 10 10 1 12 10 10 1 7 1 12 10 12 10 1 12 10 12 10 12 11 1 1 100 10 1 100 1 100 1 12 10 12 10 12 11 12 10 12 10 15 16 1 12 18 11 12 10 15 18 10 12 10 15 1 12 18 10 12 9 1 12 10 1 100 1 12 11 1 12 10 1 100 1 7 10 1 7 1 7 12 11 10 10 1 1 1 12 10 12 10 12 10 1 100 1 12 10 10 1 12 10 1 8 1 100 1 1 12 11 1 1 12 10 1 1 12 10 1 12 10 1 7 11 1 1 1 12 9 12 10 1 1 1 1 1 1 1 1
staticfield com/android/tools/r8/internal/J4 p Z 1
ciInstanceKlass com/android/tools/r8/internal/No 1 1 253 1 8 1 1 7 1 1 100 1 7 1 100 1 100 1 7 1 1 1 1 1 1 12 9 1 1 1 1 1 1 12 11 1 1 12 11 1 7 1 100 1 12 10 1 1 12 11 1 1 1 1 100 10 1 1 1 1 1 1 1 7 1 1 12 10 1 12 11 1 1 1 12 10 1 1 1 1 1 1 1 12 11 1 12 11 1 100 1 12 11 1 1 1 1 100 1 12 10 1 12 11 1 1 1 100 1 12 10 1 12 11 1 1 1 1 1 1 1 100 1 12 10 1 100 1 12 10 12 11 1 1 1 1 1 1 1 1 1 1 1 1 1 1 12 11 1 1 12 11 1 12 10 12 11 1 12 11 1 1 12 11 1 1 1 1 12 11 1 1 1 1 1 100 1 12 10 12 11 1 100 12 10 1 16 12 11 15 1 16 1 100 1 1 12 10 15 1 1 12 18 12 11 12 11 15 18 12 11 1 1 1 1 1 1 1 1 100 1 8 1 1 12 10 1 1 1 8 1 1 1 8 1 1 8 1 1 1 8 1 1 1 8 1 1 8 1 1 1 8 1 1 8
ciInstanceKlass com/android/tools/r8/internal/d20 1 1 33 1 8 1 1 7 1 7 1 100 1 1 1 1 1 1 1 12 10 1 7 1 1 12 10 12 9 12 9 1 1 1 1
ciInstanceKlass com/android/tools/r8/internal/Nl 1 1 1417 1 8 1 1 7 1 7 1 100 1 100 1 7 1 7 1 100 1 100 1 1 7 1 7 1 1 100 1 7 1 1 1 1 1 1 1 1 1 1 1 1 1 1 1 1 1 1 1 1 1 1 1 1 1 1 12 10 12 9 12 9 12 9 1 100 10 1 100 1 100 1 7 1 7 1 100 1 100 1 1 12 10 12 10 12 9 12 9 12 9 12 9 12 9 12 9 12 9 12 9 12 9 1 1 7 1 12 10 1 1 1 12 10 1 1 12 9 1 1 7 1 12 9 1 100 1 1 12 11 1 1 12 11 1 100 1 1 12 11 1 1 7 1 1 12 10 1 1 12 10 1 7 1 1 12 11 16 1 12 10 15 16 1 7 1 1 12 10 15 1 12 18 1 12 11 12 10 1 12 9 1 7 1 12 10 1 12 10 12 10 12 10 15 18 1 12 10 1 100 1 1 12 10 1 100 1 12 10 1 12 10 1 1 12 10 1 100 1 1 12 10 1 7 1 12 10 1 12 10 1 100 1 1 12 10 1 100 12 10 1 12 10 10 1 100 1 100 1 12 11 1 100 12 10 1 1 1 12 10 1 100 1 1 12 11 1 7 1 12 10 1 11 1 100 1 12 10 1 1 100 1 12 10 1 1 12 10 1 7 1 1 12 10 1 7 1 12 11 1 1 12 11 12 10 1 1 7 1 12 10 1 12 10 15 16 12 18 1 1 1 12 10 1 100 1 12 10 1 12 10 1 1 100 1 1 12 10 1 100 1 12 10 1 1 12 10 1 12 10 1 1 1 7 1 12 10 1 7 1 12 10 1 1 100 1 12 11 1 1 12 10 1 12 10 1 12 10 1 1 12 10 1 12 9 1 7 1 1 12 10 1 100 1 12 10 1 1 12 10 1 12 10 1 1 12 10 12 10 1 7 1 7 11 11 1 12 10 1 100 1 12 10 1 12 11 1 12 11 1 7 11 1 100 1 12 10 12 10 1 12 10 1 100 10 1 12 10 1 12 10 1 12 10 1 12 11 10 12 10 15 16 18 1 10 1 12 10 12 9 10 1 100 11 12 9 10 1 12 10 1 12 10 1 12 10 12 10 11 1 1 12 11 1 1 12 10 1 1 1 12 10 12 10 10 1 7 1 12 10 1 100 1 12 10 1 12 10 10 1 7 1 12 10 12 10 12 10 12 10 1 1 100 1 8 1 12 10 12 10 1 1 12 10 1 8 12 10 1 1 1 12 11 1 12 10 12 10 1 7 10 1 7 10 1 12 10 10 1 12 10 12 9 1 12 10 10 12 10 1 12 10 1 7 1 12 10 12 10 1 1 12 9 1 12 9 1 1 1 12 10 1 12 10 12 10 12 10 1 16 12 10 15 1 12 18 1 1 1 15 1 12 18 1 12 10 1 100 1 12 10 12 10 15 18 1 7 1 12 10 1 1 7 10 1 1 12 10 10 1 12 10 1 12 10 1 7 1 100 12 10 1 100 10 12 10 1 100 1 1 12 10 1 100 1 12 10 1 12 9 1 100 12 10 12 10 12 10 1 100 1 12 10 1 100 1 12 10 10 1 12 11 15 18 1 100 1 12 11 9 1 1 12 10 1 1 7 12 10 1 12 10 1 1 12 10 1 10 12 10 1 12 10 11 11 12 10 1 12 11 11 16 12 10 15 1 16 1 12 18 1 12 11 12 10 15 16 1 12 18 1 12 10 1 1 100 12 10 10 1 7 10 12 10 12 10 12 10 12 10 1 12 10 12 10 12 10 1 12 10 15 1 12 18 11 3 12 9 12 9 1 7 12 10 12 10 11 1 1 7 1 12 10 12 10 1 12 9 11 1 12 11 1 1 12 9 1 7 10 11 1 100 1 100 10 1 100 1 12 9 1 100 1 12 10 12 10 1 12 11 12 10 10 10 1 12 10 11 1 1 12 10 1 1 100 12 10 12 10 12 9 12 10 1 8 1 100 1 1 12 10 15 1 12 18 10 1 12 10 12 10 1 8 1 12 18 1 12 10 12 10 11 12 10 1 12 10 1 12 10 12 10 1 12 10 11 1 1 12 10 1 100 1 12 10 1 100 1 12 10 11 1 7 1 100 1 1 12 10 1 7 10 16 12 10 15 16 1 12 18 12 10 15 1 16 1 12 18 1 100 1 1 12 11 12 10 15 18 1 12 11 11 12 10 15 18 11 12 10 15 18 1 1 12 9 1 12 10 1 100 12 10 1 12 10 1 100 1 100 1 100 1 1 12 10 1 12 10 12 10 10 12 10 1 12 10 15 18 12 10 1 12 10 1 12 10 1 1 10 12 10 10 1 7 10 1 12 10 12 10 1 12 9 1 7 1 12 10 9 1 12 9 1 100 11 11 10 1 1 12 11 1 12 10 11 10 1 12 10 1 12 11 12 11 11 1 12 10 100 12 10 11 12 10 1 16 1 12 10 15 1 16 1 1 12 18 1 1 12 10 10 15 18 15 18 10 10 11 1 12 10 1 1 12 10 1 12 10 10 10 1 8 1 12 18 12 10 12 10 12 10 12 10 1 12 10 1 100 11 1 12 9 10 1 12 10 1 100 1 12 10 1 12 10 10 1 8 1 12 18 1 12 10 1 16 12 10 15 1 16 1 12 18 1 100 1 12 10 12 10 12 10 12 10 1 12 10 10 10 1 8 1 100 1 8 1 12 10 1 8 1 12 10 1 8 1 100 1 8 1 100 1 8 1 100 1 8 1 100 1 8 1 100 1 8 1 12 10 1 8 1 100 1 8 1 12 10 1 8 1 12 10 1 8 1 100 1 8 1 100 1 8 1 100 1 8 1 100 1 8 1 12 10 1 8 1 100 1 8 1 100 1 8 1 100 1 8 1 12 10 1 8 1 100 1 8 1 100 1 8 1 100 1 8 1 100 1 8 10 1 8 1 12 10 1 8 1 100 1 8 1 100 1 8 1 100 1 8 10 1 100 1 12 9 1 100 12 10 12 10 1 100 1 1 12 10 1 12 10 1 12 10 1 100 1 12 10 12 10 15 1 12 18 12 10 15 1 16 18 1 100 1 1 12 10 1 1 12 10 1 1 12 11 1 16 12 10 15 16 1 12 18 1 12 11 12 10 15 18 1 12 10 15 18 10 1 1 100 12 10 12 11 1 12 10 1 12 10 1 1 1 1 1 1 1 1 1
staticfield com/android/tools/r8/internal/Nl l Z 1
ciInstanceKlass com/android/tools/r8/internal/M4 1 1 937 1 8 1 1 7 1 7 1 7 1 100 1 100 1 1 100 1 100 1 1 1 1 1 1 1 1 1 1 1 1 1 1 1 12 10 12 9 12 9 1 7 1 1 12 10 1 7 1 1 12 10 12 9 12 9 1 1 7 1 12 10 1 12 10 1 16 1 12 10 15 1 16 1 7 1 1 12 10 15 1 1 12 18 1 7 1 12 11 1 12 9 1 7 1 1 12 11 1 100 10 1 7 1 1 12 11 1 7 1 12 10 1 12 10 1 12 10 1 12 11 1 1 1 7 1 12 11 1 7 1 12 10 1 1 12 9 1 12 10 1 100 12 10 1 7 1 12 10 1 12 10 1 1 12 11 1 1 7 1 12 10 1 1 12 10 1 12 10 1 7 12 10 15 1 12 18 1 12 11 1 1 12 10 1 7 1 1 12 11 1 1 12 11 1 12 11 1 1 12 10 1 12 10 1 1 12 10 15 18 10 1 12 9 1 7 12 10 1 12 10 1 1 12 10 1 1 12 10 1 100 1 12 10 10 1 7 12 10 1 1 12 11 1 7 11 11 1 12 10 1 12 10 10 12 9 1 7 1 12 10 1 12 9 1 12 10 1 12 10 1 100 1 12 10 1 100 1 12 9 1 100 1 12 10 1 12 10 1 12 10 1 7 1 1 12 10 1 12 10 1 12 10 10 1 12 10 1 7 10 1 12 11 1 12 10 1 12 10 1 12 9 10 1 12 11 1 12 11 1 12 9 1 12 11 1 12 10 1 1 12 10 12 9 12 11 1 7 12 10 1 1 12 10 1 7 1 100 1 12 10 12 10 1 12 11 1 1 100 11 12 10 1 1 12 10 1 12 11 1 12 9 10 9 12 10 1 12 9 11 12 10 1 12 10 12 10 12 9 1 1 12 10 1 12 10 1 12 9 11 11 1 100 10 1 10 1 7 10 1 12 10 10 1 12 10 1 12 10 1 12 10 1 12 10 12 10 10 1 12 10 12 9 1 1 12 10 1 100 1 12 9 1 12 10 1 1 100 1 12 10 1 12 10 1 12 10 1 100 1 12 10 1 1 1 12 9 1 12 9 1 100 1 12 9 1 100 10 1 100 12 9 1 12 10 1 12 10 1 100 12 9 1 12 10 1 12 10 1 1 100 1 12 10 1 12 10 1 12 10 1 12 10 1 100 1 1 12 10 1 100 1 12 10 1 12 10 1 100 1 12 9 1 12 10 1 1 12 10 1 100 12 11 1 1 12 10 1 100 1 12 10 1 12 10 12 10 1 12 10 1 1 100 1 100 1 12 10 1 100 1 12 10 12 10 1 12 9 1 12 10 12 10 1 12 10 1 100 1 12 10 1 1 12 10 1 100 11 1 100 1 100 12 9 1 12 10 1 12 11 1 12 9 12 9 1 12 10 1 12 10 1 100 1 12 10 1 12 10 1 100 1 12 10 1 1 1 100 1 12 9 12 10 1 100 1 12 10 12 10 1 12 10 1 1 100 11 1 12 10 1 7 10 1 12 10 9 1 100 1 12 9 1 12 11 1 12 11 1 12 10 1 16 12 10 15 1 16 1 12 18 1 100 1 12 10 1 12 10 1 12 10 1 1 12 11 1 12 11 1 1 100 1 1 12 11 10 1 1 12 10 1 100 1 12 10 1 100 1 12 9 1 100 12 9 1 12 10 1 100 1 12 10 1 1 12 10 9 1 100 12 9 1 100 11 1 12 10 1 12 10 1 12 10 1 12 9 1 100 12 10 1 100 9 1 100 1 12 10 10 1 12 10 1 1 12 10 1 12 10 1 12 10 1 12 10 1 100 12 10 1 12 10 1 12 10 1 1 12 10 12 10 1 100 12 10 12 10 1 100 12 10 12 9 1 12 10 12 10 1 12 10 1 100 1 12 10 10 1 12 11 1 12 9 12 10 1 1 12 10 15 18 1 100 1 1 12 11 12 10 11 12 10 12 11 12 9 1 100 9 1 100 10 1 100 1 12 10 1 100 1 12 10 1 12 10 1 12 10 1 12 10 10 10 12 10 1 100 10 12 10 12 10 15 1 16 1 12 18 1 100 12 11 9 12 9 1 12 9 12 9 1 1 1 1 1 1
staticfield com/android/tools/r8/internal/M4 g Z 1
ciInstanceKlass com/android/tools/r8/ir/optimize/a 1 1 109 1 8 1 1 7 1 7 1 7 1 1 1 1 1 1 1 7 1 12 10 1 12 10 12 10 12 9 1 1 7 1 12 9 1 7 1 1 12 9 12 9 1 1 1 1 12 11 1 7 1 12 10 1 100 1 12 10 1 12 10 1 1 1 12 11 1 1 12 11 1 12 11 1 12 11 1 12 11 1 1 12 11 1 12 11 1 12 11 1 12 11 1 1 12 11 1 1 12 11 1 12 11 1 7 1 1 1 1
staticfield com/android/tools/r8/ir/optimize/a c Lcom/android/tools/r8/ir/optimize/a; com/android/tools/r8/ir/optimize/a
ciInstanceKlass com/android/tools/r8/utils/Q3 1 1 205 1 8 1 1 7 1 1 7 1 1 1 1 1 1 1 12 9 1 7 1 12 10 1 1 100 1 1 12 10 16 1 100 11 15 1 7 1 1 12 10 15 1 1 12 18 1 7 1 1 12 11 1 1 12 10 15 1 12 18 1 1 1 1 1 1 1 1 12 9 1 7 1 12 11 1 1 1 1 12 10 1 1 12 10 1 1 12 10 1 7 1 12 11 1 1 16 1 12 10 15 1 16 1 1 12 18 1 12 10 1 100 12 11 1 100 12 10 1 100 1 12 9 1 12 10 12 10 15 18 1 12 9 1 100 1 1 12 10 1 12 10 1 1 1 7 1 1 12 10 16 1 12 10 15 1 16 1 12 18 12 10 1 1 1 12 10 12 10 1 1 1 10 10 1 100 12 11 1 100 12 11 1 1 7 1 12 10 1 100 10 1 7 12 10 12 10 1 1 1 1 1 1 1 1
staticfield com/android/tools/r8/utils/Q3 c Z 1
ciInstanceKlass com/android/tools/r8/utils/Q3$$Lambda$381+0x00000000201f5ba8 1 1 26 1 7 1 7 1 100 1 1 1 1 1 12 10 12 9 1 1 1 7 1 1 12 10 1 1
instanceKlass com/android/tools/r8/internal/O0
ciInstanceKlass com/android/tools/r8/internal/M0 1 1 152 1 8 1 1 100 1 7 1 100 1 100 1 100 1 1 1 1 12 10 1 1 1 1 1 100 1 1 12 11 1 1 12 11 1 100 1 1 12 11 1 100 1 1 12 11 1 100 1 100 1 12 11 1 12 11 1 1 12 10 1 11 1 100 1 1 12 10 1 100 1 12 11 1 100 12 11 1 1 1 12 11 1 1 1 100 1 8 1 12 10 1 8 1 1 12 10 1 8 1 100 1 1 12 10 1 8 1 8 12 10 1 1 1 1 1 1 100 1 8 1 1 12 10 1 1 1 8 1 1 1 8 1 1 8 1 1 1 8 1 1 1 8 1 1 1 8 1 1 8 1 1
instanceKlass com/android/tools/r8/internal/XJ
instanceKlass com/android/tools/r8/internal/aK
instanceKlass com/android/tools/r8/internal/GJ
ciInstanceKlass com/android/tools/r8/internal/O0 1 1 82 1 8 1 1 100 1 7 1 100 1 1 12 10 1 1 1 1 12 10 1 1 1 1 1 1 1 12 10 1 1 12 10 1 12 10 1 12 10 1 1 1 1 100 1 8 1 1 12 10 1 1 1 8 1 1 1 8 1 1 8 1 1 1 8 1 1 8 1 1 1 8 1 1 1 8 1 1 1 8 1 1
ciInstanceKlass com/android/tools/r8/internal/GJ 1 1 215 1 8 1 1 7 1 7 1 100 1 1 1 1 1 1 1 1 1 1 1 1 1 1 1 1 1 1 1 1 1 1 1 1 4 1 12 10 12 9 12 9 12 9 1 7 1 1 12 10 12 9 12 9 1 12 10 12 9 1 7 12 9 12 9 12 9 1 1 6 0 1 100 1 1 12 11 1 12 10 12 9 1 100 1 1 12 10 1 12 10 5 0 1 1 12 10 5 0 1 12 10 1 7 12 10 1 1 1 7 1 12 11 12 9 1 12 11 1 12 10 100 5 0 5 0 1 12 9 1 1 1 12 10 1 12 10 1 1 1 1 1 12 10 1 1 100 1 1 12 10 1 1 5 0 1 1 1 100 10 1 1 1 1 12 9 1 100 1 12 10 100 1 12 10 12 9 1 100 10 1 1 12 9 1 100 10 1 1 1 100 10 1 1 1 1 12 10 10 10 1 100 1 100 10 12 10 12 10 1 1 1 1 1 1
ciInstanceKlass com/android/tools/r8/ir/optimize/J 1 1 74 1 8 1 1 7 1 7 1 100 1 7 1 1 1 1 12 10 1 1 7 1 1 12 10 12 9 1 1 7 1 7 1 1 12 10 1 100 1 12 10 1 100 10 1 12 10 1 1 12 9 1 7 1 1 12 10 1 1 1 12 10 1 7 1 1 12 10 10 1 1 1 1 1
staticfield com/android/tools/r8/ir/optimize/J a Z 1
ciInstanceKlass com/android/tools/r8/utils/H 1 1 36 1 8 1 1 7 1 100 1 1 1 1 16 12 10 15 1 7 1 1 12 10 15 1 12 18 1 12 10 15 18 1 1 1 1 1
ciInstanceKlass com/android/tools/r8/utils/H$$Lambda$399+0x0000000020202930 1 1 20 1 7 1 7 1 100 1 1 12 10 1 1 1 7 1 12 10 1 1
ciInstanceKlass com/android/tools/r8/internal/DJ 1 1 127 1 8 1 1 7 1 7 1 1 1 1 12 9 1 12 10 1 1 1 7 12 10 1 1 1 1 1 100 1 1 12 11 1 12 11 1 7 1 1 12 9 1 100 1 1 12 11 1 1 12 9 1 1 12 9 1 1 12 9 1 100 1 12 10 1 12 9 1 12 11 1 100 1 12 10 1 12 9 100 1 1 12 10 1 12 10 1 1 1 12 9 1 12 10 1 1 1 1 100 1 12 9 1 12 10 1 100 10 1 1 12 9 1 1 1 100 1 100 10 1 1 1 1 1 1 1
ciInstanceKlass com/android/tools/r8/ir/optimize/z$$Lambda$454+0x000000002022c8f8 1 1 23 1 7 1 7 1 100 1 1 12 10 1 1 1 7 1 7 1 1 12 10 1 1
ciInstanceKlass com/android/tools/r8/ir/optimize/K$$Lambda$513+0x000000002026bd60 1 1 23 1 7 1 7 1 100 1 1 12 10 1 1 1 7 1 7 1 1 12 10 1 1
ciInstanceKlass com/android/tools/r8/ir/optimize/K$$Lambda$514+0x000000002026bf98 1 1 23 1 7 1 7 1 100 1 1 12 10 1 1 1 7 1 7 1 1 12 10 1 1
ciInstanceKlass com/android/tools/r8/ir/optimize/K$$Lambda$515+0x000000002026c1e0 1 1 23 1 7 1 7 1 100 1 1 12 10 1 1 1 100 1 100 1 1 12 10 1 1
ciInstanceKlass com/android/tools/r8/ir/optimize/K$$Lambda$516+0x000000002026c470 1 1 32 1 7 1 7 1 100 1 1 1 1 1 1 1 12 10 12 9 12 9 1 1 1 7 1 7 1 1 12 10 1 1
ciInstanceKlass com/android/tools/r8/internal/Nl$$Lambda$568+0x000000002027b3b0 1 1 20 1 7 1 7 1 100 1 1 12 10 1 1 1 7 1 12 10 1 1
ciInstanceKlass com/android/tools/r8/internal/Nl$$Lambda$631+0x0000000020298a00 1 1 28 1 7 1 7 1 100 1 1 1 1 1 12 10 12 9 1 1 1 100 1 100 1 1 12 10 1 1
ciInstanceKlass com/android/tools/r8/internal/Nl$$Lambda$632+0x0000000020298c30 1 1 31 1 7 1 7 1 100 1 1 1 1 1 1 12 10 12 9 12 9 1 1 1 7 1 7 1 1 12 10 1 1
ciMethodData java/lang/Object <init> ()V 2 58007300 orig 80 0 0 0 0 0 0 0 0 0 0 0 0 0 0 0 0 0 0 0 0 0 0 0 0 0 0 0 0 0 0 0 0 0 0 0 0 0 0 0 0 0 0 0 0 0 0 0 0 0 0 0 0 0 0 0 0 0 0 0 0 0 0 0 0 0 0 0 0 0 0 0 0 0 0 0 0 0 0 0 0 data 4 0x0 0x9 0x1 0x0 oops 0 methods 0
ciMethodData java/util/Objects requireNonNull (Ljava/lang/Object;)Ljava/lang/Object; 2 4959987 orig 80 0 0 0 0 0 0 0 0 0 0 0 0 0 0 0 0 0 0 0 0 0 0 0 0 0 0 0 0 0 0 0 0 0 0 0 0 0 0 0 0 0 0 0 0 0 0 0 0 0 0 0 0 0 0 0 0 0 0 0 0 0 0 0 0 0 0 0 0 0 0 0 0 0 0 0 0 0 0 0 0 data 15 0x10007 0x4bb02c 0x30 0x0 0x80002 0x0 0x0 0x0 0x0 0x0 0x0 0x0 0x9 0x1 0x0 oops 0 methods 0
ciMethodData java/util/AbstractCollection <init> ()V 2 10678808 orig 80 0 0 0 0 0 0 0 0 0 0 0 0 0 0 0 0 0 0 0 0 0 0 0 0 0 0 0 0 0 0 0 0 0 0 0 0 0 0 0 0 0 0 0 0 0 0 0 0 0 0 0 0 0 0 0 0 0 0 0 0 0 0 0 0 0 0 0 0 0 0 0 0 0 0 0 0 0 0 0 0 data 7 0x10002 0xa2fa24 0x0 0x0 0x9 0x1 0x0 oops 0 methods 0
ciMethodData java/util/HashMap get (Ljava/lang/Object;)Ljava/lang/Object; 2 9704 orig 80 0 0 0 0 0 0 0 0 0 0 0 0 0 0 0 0 0 0 0 0 0 0 0 0 0 0 0 0 0 0 0 0 0 0 0 0 0 0 0 0 0 0 0 0 0 0 0 0 0 0 0 0 0 0 0 0 0 0 0 0 0 0 0 0 0 0 0 0 0 0 0 0 0 0 0 0 0 0 0 0 data 24 0x20005 0x23e9 0x0 0x0 0x0 0x0 0x0 0x70007 0x136 0x38 0x22b3 0xb0003 0x22b3 0x18 0x0 0x0 0x0 0x0 0x0 0x0 0x9 0x2 0x0 0xffffffffffffffff oops 0 methods 0
ciMethodData java/util/AbstractMap <init> ()V 2 6282657 orig 80 0 0 0 0 0 0 0 0 0 0 0 0 0 0 0 0 0 0 0 0 0 0 0 0 0 0 0 0 0 0 0 0 0 0 0 0 0 0 0 0 0 0 0 0 0 0 0 0 0 0 0 0 0 0 0 0 0 0 0 0 0 0 0 0 0 0 0 0 0 0 0 0 0 0 0 0 0 0 0 0 data 7 0x10002 0x5fe000 0x0 0x0 0x9 0x1 0x0 oops 0 methods 0
ciMethodData java/util/ArrayList add (Ljava/lang/Object;)Z 2 5004670 orig 80 0 0 0 0 0 0 0 0 0 0 0 0 0 0 0 0 0 0 0 0 0 0 0 0 0 0 0 0 0 0 0 0 0 0 0 0 0 0 0 0 0 0 0 0 0 0 0 0 0 0 0 0 0 0 0 0 0 0 0 0 0 0 0 0 0 0 0 0 0 0 0 0 0 0 0 0 0 0 0 0 data 17 0x140005 0x4c5d04 0x0 0x0 0x0 0x0 0x0 0x0 0x0 0x0 0x0 0x0 0x0 0x9 0x2 0xe 0x0 oops 0 methods 0
ciMethodData java/util/ArrayList add (Ljava/lang/Object;[Ljava/lang/Object;I)V 2 5004981 orig 80 0 0 0 0 0 0 0 0 0 0 0 0 0 0 0 0 0 0 0 0 0 0 0 0 0 0 0 0 0 0 0 0 0 0 0 0 0 0 0 0 0 0 0 0 0 0 0 0 0 0 0 0 0 0 0 0 0 0 0 0 0 0 0 0 0 0 0 0 0 0 0 0 0 0 0 0 0 0 0 0 data 30 0x30007 0x38e5e5 0x58 0x139661 0x70005 0x139660 0x0 0x0 0x0 0x0 0x0 0xe0104 0x0 0x0 0x6403f570 0x3 0x64040e40 0x5e5 0x0 0x0 0x0 0x0 0x0 0x0 0x9 0x4 0xc 0x0 0xffffffffffffffff 0x0 oops 2 14 java/lang/invoke/MethodType 16 java/lang/Integer methods 0
ciMethodData java/util/ArrayList grow ()[Ljava/lang/Object; 2 1283687 orig 80 0 0 0 0 0 0 0 0 0 0 0 0 0 0 0 0 0 0 0 0 0 0 0 0 0 0 0 0 0 0 0 0 0 0 0 0 0 0 0 0 0 0 0 0 0 0 0 0 0 0 0 0 0 0 0 0 0 0 0 0 0 0 0 0 0 0 0 0 0 0 0 0 0 0 0 0 0 0 0 0 data 16 0x70005 0x139668 0x0 0x0 0x0 0x0 0x0 0x0 0x0 0x0 0x0 0x0 0x0 0x9 0x1 0xc oops 0 methods 0
ciMethodData java/util/ArrayList grow (I)[Ljava/lang/Object; 2 6187 orig 80 0 0 0 0 0 0 0 0 0 0 0 0 0 0 0 0 0 0 0 0 0 0 0 0 0 0 0 0 0 0 0 0 0 0 0 0 0 0 0 0 0 0 0 0 0 0 0 0 0 0 0 0 0 0 0 0 0 0 0 0 0 0 0 0 0 0 0 0 0 0 0 0 0 0 0 0 0 0 0 0 data 24 0x70007 0x16 0x40 0x17f9 0x110007 0x17f9 0x40 0x0 0x1b0002 0x16 0x250002 0x16 0x310002 0x17f9 0x0 0x0 0x0 0x0 0x0 0x0 0x9 0x2 0xc 0x0 oops 0 methods 0
ciMethod java/lang/invoke/MethodHandle invokeBasic ()Ljava/lang/Object; 0 0 1 0 -1
ciMethodData jdk/internal/util/ArraysSupport newLength (III)I 2 21240 orig 80 0 0 0 0 0 0 0 0 0 0 0 0 0 0 0 0 0 0 0 0 0 0 0 0 0 0 0 0 0 0 0 0 0 0 0 0 0 0 0 0 0 0 0 0 0 0 0 0 0 0 0 0 0 0 0 0 0 0 0 0 0 0 0 0 0 0 0 0 0 0 0 0 0 0 0 0 0 0 0 0 data 23 0x30002 0x51f8 0xa0007 0x0 0x40 0x51f8 0x100007 0x0 0x20 0x51f8 0x170002 0x0 0x0 0x0 0x0 0x0 0x0 0x0 0x9 0x3 0x0 0x0 0x0 oops 0 methods 0
ciMethodData java/util/Arrays copyOf ([Ljava/lang/Object;I)[Ljava/lang/Object; 2 580863 orig 80 0 0 0 0 0 0 0 0 0 0 0 0 0 0 0 0 0 0 0 0 0 0 0 0 0 0 0 0 0 0 0 0 0 0 0 0 0 0 0 0 0 0 0 0 0 0 0 0 0 0 0 0 0 0 0 0 0 0 0 0 0 0 0 0 0 0 0 0 0 0 0 0 0 0 0 0 0 0 0 0 data 19 0x30005 0x8dce1 0x0 0x0 0x0 0x0 0x0 0x60002 0x8dcf1 0x0 0x0 0x0 0x0 0x0 0x0 0x9 0x2 0xffffffffffffffff 0x0 oops 0 methods 0
ciMethodData java/lang/invoke/Invokers$Holder linkToTargetMethod (Ljava/lang/Object;)Ljava/lang/Object; 2 13194379 orig 80 0 0 0 0 0 0 0 0 0 0 0 0 0 0 0 0 0 0 0 0 0 0 0 0 0 0 0 0 0 0 0 0 0 0 0 0 0 0 0 0 0 0 0 0 0 0 0 0 0 0 0 0 0 0 0 0 0 0 0 0 0 0 0 0 0 0 0 0 0 0 0 0 0 0 0 0 0 0 0 0 data 29 0x10004 0x0 0x0 0x68d44530 0x2c06 0x0 0x0 0x4000b 0xc97075 0x0 0x0 0x0 0x0 0x0 0x1 0x2 0x0 0x0 0x0 0x0 0x0 0x0 0x9 0x1 0x0 0xc 0x2 0x0 0x68d44530 oops 2 3 java/lang/invoke/BoundMethodHandle$Species_L 28 java/lang/invoke/BoundMethodHandle$Species_L methods 0
ciMethodData java/util/ArrayList$Itr next ()Ljava/lang/Object; 2 11197 orig 80 0 0 0 0 0 0 0 0 0 0 0 0 0 0 0 0 0 0 0 0 0 0 0 0 0 0 0 0 0 0 0 0 0 0 0 0 0 0 0 0 0 0 0 0 0 0 0 0 0 0 0 0 0 0 0 0 0 0 0 0 0 0 0 0 0 0 0 0 0 0 0 0 0 0 0 0 0 0 0 0 data 28 0x10005 0x2a36 0x0 0x0 0x0 0x0 0x0 0x110007 0x2a36 0x30 0x0 0x180002 0x0 0x270007 0x2a36 0x30 0x0 0x2e0002 0x0 0x0 0x0 0x0 0x0 0x0 0x0 0x9 0x1 0x6 oops 0 methods 0
ciMethodData java/util/ArrayList$Itr checkForComodification ()V 2 11199 orig 80 0 0 0 0 0 0 0 0 0 0 0 0 0 0 0 0 0 0 0 0 0 0 0 0 0 0 0 0 0 0 0 0 0 0 0 0 0 0 0 0 0 0 0 0 0 0 0 0 0 0 0 0 0 0 0 0 0 0 0 0 0 0 0 0 0 0 0 0 0 0 0 0 0 0 0 0 0 0 0 0 data 13 0xb0007 0x2a36 0x30 0x0 0x120002 0x0 0x0 0x0 0x0 0x0 0x9 0x1 0x0 oops 0 methods 0
ciMethodData java/util/ArrayList$Itr hasNext ()Z 2 2182733 orig 80 0 0 0 0 0 0 0 0 0 0 0 0 0 0 0 0 0 0 0 0 0 0 0 0 0 0 0 0 0 0 0 0 0 0 0 0 0 0 0 0 0 0 0 0 0 0 0 0 0 0 0 0 0 0 0 0 0 0 0 0 0 0 0 0 0 0 0 0 0 0 0 0 0 0 0 0 0 0 0 0 data 14 0xb0007 0xc151b 0x38 0x153c24 0xf0003 0x153c2d 0x18 0x0 0x0 0x0 0x0 0x9 0x1 0x0 oops 0 methods 0
ciMethodData java/util/Arrays hashCode ([B)I 2 43621 orig 80 0 0 0 0 0 0 0 0 0 0 0 0 0 0 0 0 0 0 0 0 0 0 0 0 0 0 0 0 0 0 0 0 0 0 0 0 0 0 0 0 0 0 0 0 0 0 0 0 0 0 0 0 0 0 0 0 0 0 0 0 0 0 0 0 0 0 0 0 0 0 0 0 0 0 0 0 0 0 0 0 data 20 0x10007 0x356 0x20 0x10 0x130007 0x356 0x38 0x6017 0x270003 0x6017 0xffffffffffffffe0 0x0 0x0 0x0 0x0 0x0 0x0 0x9 0x1 0x0 oops 0 methods 0
ciMethodData java/util/LinkedList node (I)Ljava/util/LinkedList$Node; 2 12446 orig 80 0 0 0 0 0 0 0 0 0 0 0 0 0 0 0 0 0 0 0 0 0 0 0 0 0 0 0 0 0 0 0 0 0 0 0 0 0 0 0 0 0 0 0 0 0 0 0 0 0 0 0 0 0 0 0 0 0 0 0 0 0 0 0 0 0 0 0 0 0 0 0 0 0 0 0 0 0 0 0 0 data 26 0x70007 0x2c62 0x58 0x23b 0x130007 0x23b 0x38 0x1a 0x1e0003 0x1a 0xffffffffffffffe0 0x310007 0x2c64 0x38 0xc 0x3c0003 0xc 0xffffffffffffffe0 0x0 0x0 0x0 0x0 0x9 0x2 0x0 0x0 oops 0 methods 0
ciMethodData java/util/HashMap <init> ()V 2 2170575 orig 80 0 0 0 0 0 0 0 0 0 0 0 0 0 0 0 0 0 0 0 0 0 0 0 0 0 0 0 0 0 0 0 0 0 0 0 0 0 0 0 0 0 0 0 0 0 0 0 0 0 0 0 0 0 0 0 0 0 0 0 0 0 0 0 0 0 0 0 0 0 0 0 0 0 0 0 0 0 0 0 0 data 9 0x10002 0x211dc6 0x0 0x0 0x0 0x0 0x9 0x1 0x10 oops 0 methods 0
ciMethod java/lang/AssertionError <init> ()V 0 0 1 0 -1
ciMethod java/lang/invoke/MethodHandle linkToSpecial (Ljava/lang/Object;Ljava/lang/Object;Ljava/lang/Object;Ljava/lang/invoke/MemberName;)V 0 0 1 0 -1
ciMethod java/lang/invoke/MethodHandle invokeBasic (Ljava/lang/Object;Ljava/lang/Object;)Ljava/lang/Object; 0 0 1 0 -1
ciMethodData java/util/ArrayList iterator ()Ljava/util/Iterator; 2 4742876 orig 80 0 0 0 0 0 0 0 0 0 0 0 0 0 0 0 0 0 0 0 0 0 0 0 0 0 0 0 0 0 0 0 0 0 0 0 0 0 0 0 0 0 0 0 0 0 0 0 0 0 0 0 0 0 0 0 0 0 0 0 0 0 0 0 0 0 0 0 0 0 0 0 0 0 0 0 0 0 0 0 0 data 8 0x50002 0x4855df 0x0 0x0 0x0 0x9 0x1 0x0 oops 0 methods 0
ciMethodData java/util/ArrayList$Itr <init> (Ljava/util/ArrayList;)V 2 4740388 orig 80 0 0 0 0 0 0 0 0 0 0 0 0 0 0 0 0 0 0 0 0 0 0 0 0 0 0 0 0 0 0 0 0 0 0 0 0 0 0 0 0 0 0 0 0 0 0 0 0 0 0 0 0 0 0 0 0 0 0 0 0 0 0 0 0 0 0 0 0 0 0 0 0 0 0 0 0 0 0 0 0 data 10 0x60002 0x485659 0x0 0x0 0x0 0x0 0x9 0x2 0xc 0x0 oops 0 methods 0
ciMethod java/util/NoSuchElementException <init> ()V 0 0 1 0 -1
ciMethodData java/util/HashMap containsKey (Ljava/lang/Object;)Z 2 1251317 orig 80 1 0 0 0 0 0 0 0 0 0 0 0 0 0 0 0 0 0 0 0 0 0 0 0 0 0 0 0 0 0 0 0 0 0 0 0 0 0 0 0 0 0 0 0 0 0 0 0 0 0 0 0 0 0 0 0 0 0 0 0 0 0 0 0 0 0 0 0 0 0 0 0 0 0 0 0 0 0 0 0 data 24 0x20005 0x1317f8 0x0 0x0 0x0 0x0 0x0 0x50007 0x129160 0x38 0x86f8 0x90003 0x86f8 0x18 0x0 0x0 0x0 0x0 0x0 0x0 0x9 0x2 0x0 0xffffffffffffffff oops 0 methods 0
ciMethodData java/lang/Integer rotateLeft (II)I 2 736892 orig 80 0 0 0 0 0 0 0 0 0 0 0 0 0 0 0 0 0 0 0 0 0 0 0 0 0 0 0 0 0 0 0 0 0 0 0 0 0 0 0 0 0 0 0 0 0 0 0 0 0 0 0 0 0 0 0 0 0 0 0 0 0 0 0 0 0 0 0 0 0 0 0 0 0 0 0 0 0 0 0 0 data 5 0x0 0x9 0x2 0x0 0x0 oops 0 methods 0
ciMethodData java/lang/invoke/Invokers$Holder linkToTargetMethod (Ljava/lang/Object;Ljava/lang/Object;Ljava/lang/Object;)Ljava/lang/Object; 2 3183224 orig 80 1 0 0 0 0 0 0 0 0 0 0 0 0 0 0 0 0 0 0 0 4 0 0 0 0 0 0 0 0 0 0 0 0 0 0 0 0 0 0 0 0 0 0 0 0 0 0 0 0 0 0 0 0 0 0 0 0 0 0 0 0 0 0 0 0 0 0 0 0 0 0 0 0 0 0 0 0 0 0 0 data 37 0x8000000400010004 0x0 0x0 0x6c3c7bc0 0x1ac4 0x6c3c87b0 0x11 0x6000b 0x308b21 0x0 0x0 0x0 0x0 0x0 0x5 0x1 0x2 0x2 0x2 0x2 0x0 0x0 0x0 0x0 0x0 0x0 0x9 0x3 0x0 0x0 0x0 0xc 0x4 0x0 0x2 0x1 0x3 oops 2 3 java/lang/invoke/DirectMethodHandle$Constructor 5 java/lang/invoke/BoundMethodHandle$Species_LLLLLLL methods 0
ciMethodData java/lang/invoke/DirectMethodHandle allocateInstance (Ljava/lang/Object;)Ljava/lang/Object; 2 10262394 orig 80 0 0 0 0 0 0 0 0 0 0 0 0 0 0 0 0 0 0 0 0 0 0 0 0 0 0 0 0 0 0 0 0 0 0 0 0 0 0 0 0 0 0 0 0 0 0 0 0 0 0 0 0 0 0 0 0 0 0 0 0 0 0 0 0 0 0 0 0 0 0 0 0 0 0 0 0 0 0 0 0 data 23 0x10004 0x0 0x0 0x6c3c7bc0 0x11180 0x0 0x0 0xc0005 0x9ca64b 0x0 0x0 0x0 0x0 0x0 0x0 0x0 0x0 0x0 0x0 0x0 0x9 0x1 0x0 oops 1 3 java/lang/invoke/DirectMethodHandle$Constructor methods 0
ciMethodData java/lang/invoke/DirectMethodHandle constructorMethod (Ljava/lang/Object;)Ljava/lang/Object; 2 10301365 orig 80 0 0 0 0 0 0 0 0 0 0 0 0 0 0 0 0 0 0 0 0 0 0 0 0 0 0 0 0 0 0 0 0 0 0 0 0 0 0 0 0 0 0 0 0 0 0 0 0 0 0 0 0 0 0 0 0 0 0 0 0 0 0 0 0 0 0 0 0 0 0 0 0 0 0 0 0 0 0 0 0 data 16 0x10004 0x0 0x0 0x6c3c7bc0 0x11137 0x0 0x0 0x0 0x0 0x0 0x0 0x0 0x0 0x9 0x1 0x0 oops 1 3 java/lang/invoke/DirectMethodHandle$Constructor methods 0
ciMethodData java/lang/invoke/DirectMethodHandle$Holder newInvokeSpecial (Ljava/lang/Object;Ljava/lang/Object;Ljava/lang/Object;)Ljava/lang/Object; 2 3181577 orig 80 0 0 0 0 0 0 0 0 0 0 0 0 0 0 0 0 0 0 0 0 0 0 0 0 0 0 0 0 0 0 0 0 0 0 0 0 0 0 0 0 0 0 0 0 0 0 0 0 0 0 0 0 0 0 0 0 0 0 0 0 0 0 0 0 0 0 0 0 0 0 0 0 0 0 0 0 0 0 0 0 data 43 0x1000a 0x308a5c 0x3 0x0 0x6c3c7bc0 0x2 0x6000a 0x3097a4 0x3 0x0 0x6c3c7bc0 0x6403f330 0x100004 0x0 0x0 0x6403f330 0x260 0x0 0x0 0x13000a 0x3097d5 0x4 0x0 0x2 0x1 0x2 0x0 0x0 0x0 0x0 0x0 0x0 0x9 0x3 0x0 0x0 0x0 0xc 0x4 0x0 0x6c3c7bc0 0x1 0x2 oops 5 4 java/lang/invoke/DirectMethodHandle$Constructor 10 java/lang/invoke/DirectMethodHandle$Constructor 11 java/lang/invoke/MemberName 15 java/lang/invoke/MemberName 40 java/lang/invoke/DirectMethodHandle$Constructor methods 0
ciMethodData java/util/Arrays hashCode ([Ljava/lang/Object;)I 2 28677 orig 80 1 0 0 0 0 0 0 0 0 0 0 0 0 0 0 0 0 0 0 0 0 0 0 0 0 0 0 0 0 0 0 0 0 0 0 0 0 0 0 1 0 0 0 0 0 0 0 0 0 0 0 0 0 0 0 0 0 0 0 0 0 0 0 0 0 0 0 0 0 0 0 0 0 0 0 0 0 0 0 0 data 34 0x10007 0x300d 0x20 0x0 0x130007 0x3003 0xa8 0x6c7f 0x8000000600220007 0x6763 0x38 0x521 0x260003 0x521 0x50 0x2b0005 0x4844 0x0 0x6854c860 0x1bc7 0x6403d1f0 0x37b 0x330003 0x6c85 0xffffffffffffff70 0x0 0x0 0x0 0x0 0x0 0x0 0x9 0x1 0x0 oops 2 18 com/android/tools/r8/graph/E2 20 java/lang/Class methods 0
ciMethodData java/lang/Math max (JJ)J 2 509773 orig 80 0 0 0 0 0 0 0 0 0 0 0 0 0 0 0 0 0 0 0 0 0 0 0 0 0 0 0 0 0 0 0 0 0 0 0 0 0 0 0 0 0 0 0 0 0 0 0 0 0 0 0 0 0 0 0 0 0 0 0 0 0 0 0 0 0 0 0 0 0 0 0 0 0 0 0 0 0 0 0 0 data 14 0x30007 0x5d0c4 0x38 0x1f5d7 0x70003 0x1f5d7 0x18 0x0 0x9 0x4 0x0 0x0 0x0 0x0 oops 0 methods 0
ciMethodData java/util/Map computeIfAbsent (Ljava/lang/Object;Ljava/util/function/Function;)Ljava/lang/Object; 2 212356 orig 80 1 0 0 0 0 0 0 0 0 0 0 0 0 0 0 0 0 0 0 0 4 0 0 0 0 0 0 0 0 0 0 0 0 0 0 0 0 0 0 0 0 0 0 0 0 0 0 0 0 0 0 0 0 0 0 0 0 0 0 0 0 0 0 0 0 0 0 0 0 0 0 0 0 0 0 0 0 0 0 0 data 42 0x10002 0x33ca1 0x8000000400070005 0x7 0x0 0x64271af0 0x33ca1 0x64271ba0 0x1f 0xe0007 0x21628 0xb0 0x12d43 0x130005 0xb 0x0 0x64271c50 0x12d29 0x64271d00 0xf 0x1b0007 0x0 0x58 0x12d3a 0x220005 0x7 0x0 0x64271af0 0x12d21 0x64271ba0 0x12 0x0 0x0 0x0 0x0 0x0 0x0 0x9 0x3 0xffffffffffffffff 0xffffffffffffffff 0x0 oops 6 5 java/util/IdentityHashMap 7 com/android/tools/r8/internal/lr 16 com/android/tools/r8/graph/j4$$Lambda$153+0x00000000201485e8 18 com/android/tools/r8/graph/y1$$Lambda$19+0x0000000020033578 27 java/util/IdentityHashMap 29 com/android/tools/r8/internal/lr methods 0
ciMethodData java/util/Collections$UnmodifiableCollection forEach (Ljava/util/function/Consumer;)V 2 36720 orig 80 1 0 0 0 0 0 0 0 0 0 0 0 0 0 0 0 0 0 0 0 4 0 0 0 0 0 0 0 0 0 0 0 0 0 0 0 0 0 0 0 0 0 0 0 0 0 0 0 0 0 0 0 0 0 0 0 0 0 0 0 0 0 0 0 0 0 0 0 0 0 0 0 0 0 0 0 0 0 0 0 data 17 0x8000000400050005 0x0 0x0 0x64040470 0x895a 0x642729e0 0x2f 0x0 0x0 0x0 0x0 0x0 0x0 0x9 0x2 0x0 0xffffffffffffffff oops 2 3 java/util/ArrayList 5 java/util/Collections$SetFromMap methods 0
ciMethod java/util/LinkedList$ListItr <init> (Ljava/util/LinkedList;I)V 4120 0 9228 0 864
ciMethod java/util/LinkedList$ListItr hasNext ()Z 624 0 5557155 0 96
ciMethod java/util/LinkedList$ListItr next ()Ljava/lang/Object; 536 0 5388 0 672
ciMethod java/util/LinkedList$ListItr checkForComodification ()V 548 0 523051 0 0
ciMethodData java/util/LinkedList$ListItr hasNext ()Z 2 5557155 orig 80 0 0 0 0 0 0 0 0 0 0 0 0 0 0 0 0 0 0 0 0 0 0 0 0 0 0 0 0 0 0 0 0 0 0 0 0 0 0 0 0 0 0 0 0 0 0 0 0 0 0 0 0 0 0 0 0 0 0 0 0 0 0 0 0 0 0 0 0 0 0 0 0 0 0 0 0 0 0 0 0 data 14 0xb0007 0xdb30a 0x38 0x472ac9 0xf0003 0x472b6f 0x18 0x0 0x0 0x0 0x0 0x9 0x1 0x0 oops 0 methods 0
ciMethodData java/util/LinkedList$ListItr checkForComodification ()V 2 523051 orig 80 0 0 0 0 0 0 0 0 0 0 0 0 0 0 0 0 0 0 0 0 0 0 0 0 0 0 0 0 0 0 0 0 0 0 0 0 0 0 0 0 0 0 0 0 0 0 0 0 0 0 0 0 0 0 0 0 0 0 0 0 0 0 0 0 0 0 0 0 0 0 0 0 0 0 0 0 0 0 0 0 data 13 0xb0007 0x7fa23 0x30 0x0 0x120002 0x0 0x0 0x0 0x0 0x0 0x9 0x1 0x0 oops 0 methods 0
ciMethodData java/util/LinkedList$ListItr next ()Ljava/lang/Object; 2 5388 orig 80 0 0 0 0 0 0 0 0 0 0 0 0 0 0 0 0 0 0 0 0 0 0 0 0 0 0 0 0 0 0 0 0 0 0 0 0 0 0 0 0 0 0 0 0 0 0 0 0 0 0 0 0 0 0 0 0 0 0 0 0 0 0 0 0 0 0 0 0 0 0 0 0 0 0 0 0 0 0 0 0 data 29 0x10005 0x1400 0x0 0x0 0x0 0x0 0x0 0x50005 0x0 0x0 0x681a6c40 0x1400 0x0 0x0 0x80007 0x1400 0x30 0x0 0xf0002 0x0 0x0 0x0 0x0 0x0 0x0 0x0 0x9 0x1 0x0 oops 1 10 java/util/LinkedList$ListItr methods 0
ciMethodData java/util/LinkedList checkPositionIndex (I)V 2 3774527 orig 80 0 0 0 0 0 0 0 0 0 0 0 0 0 0 0 0 0 0 0 0 0 0 0 0 0 0 0 0 0 0 0 0 0 0 0 0 0 0 0 0 0 0 0 0 0 0 0 0 0 0 0 0 0 0 0 0 0 0 0 0 0 0 0 0 0 0 0 0 0 0 0 0 0 0 0 0 0 0 0 0 data 30 0x20005 0x39999e 0x0 0x0 0x0 0x0 0x0 0x50007 0x399a9a 0x68 0x0 0xe0005 0x0 0x0 0x0 0x0 0x0 0x0 0x110002 0x0 0x0 0x0 0x0 0x0 0x0 0x0 0x9 0x2 0x0 0x0 oops 0 methods 0
ciMethodData java/util/LinkedList isPositionIndex (I)Z 2 3775168 orig 80 0 0 0 0 0 0 0 0 0 0 0 0 0 0 0 0 0 0 0 0 0 0 0 0 0 0 0 0 0 0 0 0 0 0 0 0 0 0 0 0 0 0 0 0 0 0 0 0 0 0 0 0 0 0 0 0 0 0 0 0 0 0 0 0 0 0 0 0 0 0 0 0 0 0 0 0 0 0 0 0 data 18 0x10007 0x0 0x58 0x399a67 0x90007 0x0 0x38 0x399abf 0xd0003 0x399b0c 0x18 0x0 0x0 0x0 0x9 0x2 0x0 0x0 oops 0 methods 0
ciMethodData java/util/LinkedList listIterator (I)Ljava/util/ListIterator; 2 4190761 orig 80 0 0 0 0 0 0 0 0 0 0 0 0 0 0 0 0 0 0 0 0 0 0 0 0 0 0 0 0 0 0 0 0 0 0 0 0 0 0 0 0 0 0 0 0 0 0 0 0 0 0 0 0 0 0 0 0 0 0 0 0 0 0 0 0 0 0 0 0 0 0 0 0 0 0 0 0 0 0 0 0 data 19 0x20005 0x3fff64 0x0 0x0 0x0 0x0 0x0 0xb0002 0x3ffe06 0x0 0x0 0x0 0x0 0x0 0x0 0x9 0x2 0x0 0x0 oops 0 methods 0
ciMethodData java/util/LinkedList$ListItr <init> (Ljava/util/LinkedList;I)V 2 9228 orig 80 0 0 0 0 0 0 0 0 0 0 0 0 0 0 0 0 0 0 0 0 0 0 0 0 0 0 0 0 0 0 0 0 0 0 0 0 0 0 0 0 0 0 0 0 0 0 0 0 0 0 0 0 0 0 0 0 0 0 0 0 0 0 0 0 0 0 0 0 0 0 0 0 0 0 0 0 0 0 0 0 data 27 0x60002 0x1c00 0x1a0007 0x18fa 0x38 0x306 0x1e0003 0x306 0x50 0x230005 0x0 0x0 0x681a6b90 0x18fa 0x0 0x0 0x0 0x0 0x0 0x0 0x0 0x0 0x9 0x3 0x1e 0x0 0x0 oops 1 12 java/util/LinkedList methods 0
ciMethodData java/util/AbstractList listIterator ()Ljava/util/ListIterator; 2 3843584 orig 80 2 0 0 0 1 0 0 0 0 0 0 0 0 0 0 0 0 0 0 0 4 0 0 4 0 0 0 0 0 0 0 0 0 0 0 0 0 0 0 0 0 0 0 0 0 0 0 0 0 0 0 0 0 0 0 0 0 0 0 0 0 0 0 0 0 0 0 0 0 0 0 0 0 0 0 0 0 0 0 0 data 16 0xffffffff00020005 0x544 0x0 0x681a6b90 0x3a06ef 0x69d125e0 0x97b5 0x0 0x0 0x0 0x0 0x0 0x0 0x9 0x1 0xffffffffffffffff oops 2 3 java/util/LinkedList 5 java/util/AbstractList$SubList methods 0
ciMethod java/util/SortedSet$1 <init> (Ljava/util/SortedSet;Ljava/util/Collection;I)V 398 0 11786 0 0
ciMethod java/util/SortedSet$1 getComparator ()Ljava/util/Comparator; 27526 0 13762 0 0
ciMethod java/util/stream/SortedOps makeRef (Ljava/util/stream/AbstractPipeline;Ljava/util/Comparator;)Ljava/util/stream/Stream; 144 0 13761 0 0
ciMethod java/util/stream/SortedOps$OfRef <init> (Ljava/util/stream/AbstractPipeline;Ljava/util/Comparator;)V 4096 0 13760 0 0
ciMethod java/util/stream/SliceOps makeRef (Ljava/util/stream/AbstractPipeline;JJ)Ljava/util/stream/Stream; 4098 0 13761 0 0
ciMethod java/util/stream/SliceOps flags (J)I 4096 0 13762 0 0
ciMethod java/util/stream/SliceOps$1 <init> (Ljava/util/stream/AbstractPipeline;Ljava/util/stream/StreamShape;IJJJ)V 512 0 11967 0 0
ciMethodData java/util/stream/StreamSupport stream (Ljava/util/Spliterator;Z)Ljava/util/stream/Stream; 2 60762 orig 80 0 0 0 0 0 0 0 0 0 0 0 0 0 0 0 0 0 0 0 0 0 0 0 0 0 0 0 0 0 0 0 0 0 0 0 0 0 0 0 0 0 0 0 0 0 0 0 0 0 0 0 0 0 0 0 0 0 0 0 0 0 0 0 0 0 0 0 0 0 0 0 0 0 0 0 0 0 0 0 0 data 16 0x10002 0xed10 0xb0002 0xed12 0xf0002 0xed0e 0x0 0x0 0x0 0x0 0x0 0x0 0x9 0x2 0x0 0x0 oops 0 methods 0
ciMethodData java/util/Collection stream ()Ljava/util/stream/Stream; 2 60767 orig 80 0 0 0 0 0 0 0 0 0 0 0 0 0 0 0 0 0 0 0 0 0 0 0 0 0 0 0 0 0 0 0 0 0 0 0 0 0 0 0 0 0 0 0 0 0 0 0 0 0 0 0 0 0 0 0 0 0 0 0 0 0 0 0 0 0 0 0 0 0 0 0 0 0 0 0 0 0 0 0 0 data 18 0x10005 0xb566 0x0 0x64040470 0x1fd 0x681a75e0 0x35b4 0x70002 0xed0e 0x0 0x0 0x0 0x0 0x0 0x0 0x9 0x1 0x0 oops 2 3 java/util/ArrayList 5 com/android/tools/r8/internal/DJ methods 0
ciMethodData java/util/AbstractSequentialList iterator ()Ljava/util/Iterator; 2 2987722 orig 80 0 0 0 0 0 0 0 0 0 0 0 0 0 0 0 0 0 0 0 0 0 0 0 0 0 0 0 0 0 0 0 0 0 0 0 0 0 0 0 0 0 0 0 0 0 0 0 0 0 0 0 0 0 0 0 0 0 0 0 0 0 0 0 0 0 0 0 0 0 0 0 0 0 0 0 0 0 0 0 0 data 16 0x10005 0x0 0x0 0x681a6b90 0x2d98a4 0x0 0x0 0x0 0x0 0x0 0x0 0x0 0x0 0x9 0x1 0xffffffffffffffff oops 1 3 java/util/LinkedList methods 0
ciMethodData java/util/ArrayList <init> (Ljava/util/Collection;)V 2 18538 orig 80 0 0 0 0 0 0 0 0 0 0 0 0 0 0 0 0 0 0 0 0 0 0 0 0 0 0 0 0 0 0 0 0 0 0 0 0 0 0 0 0 0 0 0 0 0 0 0 0 0 0 0 0 0 0 0 0 0 0 0 0 0 0 0 0 0 0 0 0 0 0 0 0 0 0 0 0 0 0 0 0 data 42 0x10002 0x476b 0x50005 0x7f9 0x0 0x681a7060 0x2bd1 0x64040470 0x13a4 0x120007 0x3842 0xb8 0xf2a 0x160005 0xf2a 0x0 0x0 0x0 0x0 0x0 0x1b0007 0x7f9 0x38 0x731 0x230003 0x731 0x40 0x2e0002 0x7f9 0x340003 0x7f9 0x18 0x0 0x0 0x0 0x0 0x0 0x0 0x9 0x2 0xe 0xffffffffffffffff oops 2 5 com/android/tools/r8/internal/cT 7 java/util/ArrayList methods 0
ciMethodData java/util/HashMap isEmpty ()Z 2 540961 orig 80 0 0 0 0 0 0 0 0 0 0 0 0 0 0 0 0 0 0 0 0 0 0 0 0 0 0 0 0 0 0 0 0 0 0 0 0 0 0 0 0 0 0 0 0 0 0 0 0 0 0 0 0 0 0 0 0 0 0 0 0 0 0 0 0 0 0 0 0 0 0 0 0 0 0 0 0 0 0 0 0 data 13 0x40007 0x1df3c 0x38 0x660d2 0x80003 0x66119 0x18 0x0 0x0 0x0 0x9 0x1 0x0 oops 0 methods 0
ciMethodData java/util/stream/AbstractPipeline evaluate (Ljava/util/stream/TerminalOp;)Ljava/lang/Object; 2 47192 orig 80 0 0 0 0 0 0 0 0 0 0 0 0 0 0 0 0 0 0 0 0 0 0 0 0 0 0 0 0 0 0 0 0 0 0 0 0 0 0 0 0 0 0 0 0 0 0 0 0 0 0 0 0 0 0 0 0 0 0 0 0 0 0 0 0 0 0 0 0 0 0 0 0 0 0 0 0 0 0 0 0 data 96 0x30007 0xb054 0xc0 0x0 0x70005 0x0 0x0 0x0 0x0 0x0 0x0 0xb0005 0x0 0x0 0x0 0x0 0x0 0x0 0x100007 0x0 0x30 0x0 0x170002 0x0 0x1f0007 0xb054 0x30 0x0 0x280002 0x0 0x320005 0xb053 0x0 0x0 0x0 0x0 0x0 0x350007 0xb054 0xe0 0x0 0x3c0005 0x0 0x0 0x0 0x0 0x0 0x0 0x410005 0x0 0x0 0x0 0x0 0x0 0x0 0x440005 0x0 0x0 0x0 0x0 0x0 0x0 0x490003 0x0 0xc0 0x500005 0xca 0x0 0x6c3ce2d0 0x9d46 0x6825ce40 0x1244 0x550005 0xb05c 0x0 0x0 0x0 0x0 0x0 0x580005 0xca 0x0 0x6c3ce2d0 0x9d4c 0x6825ce40 0x1244 0x0 0x0 0x0 0x0 0x0 0x0 0x9 0x2 0xffffffffffffffff 0xffffffffffffffff oops 4 68 java/util/stream/ForEachOps$ForEachOp$OfRef 70 java/util/stream/MatchOps$MatchOp 82 java/util/stream/ForEachOps$ForEachOp$OfRef 84 java/util/stream/MatchOps$MatchOp methods 0
ciMethodData java/util/stream/PipelineHelper <init> ()V 2 141023 orig 80 0 0 0 0 0 0 0 0 0 0 0 0 0 0 0 0 0 0 0 0 0 0 0 0 0 0 0 0 0 0 0 0 0 0 0 0 0 0 0 0 0 0 0 0 0 0 0 0 0 0 0 0 0 0 0 0 0 0 0 0 0 0 0 0 0 0 0 0 0 0 0 0 0 0 0 0 0 0 0 0 data 7 0x10002 0x225df 0x0 0x0 0x9 0x1 0x0 oops 0 methods 0
ciMethodData java/util/stream/AbstractPipeline isParallel ()Z 2 117887 orig 80 0 0 0 0 0 0 0 0 0 0 0 0 0 0 0 0 0 0 0 0 0 0 0 0 0 0 0 0 0 0 0 0 0 0 0 0 0 0 0 0 0 0 0 0 0 0 0 0 0 0 0 0 0 0 0 0 0 0 0 0 0 0 0 0 0 0 0 0 0 0 0 0 0 0 0 0 0 0 0 0 data 7 0x0 0x0 0x0 0x0 0x9 0x1 0x0 oops 0 methods 0
ciMethodData java/util/stream/StreamOpFlag combineOpFlags (II)I 2 129041 orig 80 0 0 0 0 0 0 0 0 0 0 0 0 0 0 0 0 0 0 0 0 0 0 0 0 0 0 0 0 0 0 0 0 0 0 0 0 0 0 0 0 0 0 0 0 0 0 0 0 0 0 0 0 0 0 0 0 0 0 0 0 0 0 0 0 0 0 0 0 0 0 0 0 0 0 0 0 0 0 0 0 data 12 0x20002 0x1f713 0x0 0x0 0x0 0x0 0x0 0x0 0x9 0x2 0x0 0x0 oops 0 methods 0
ciMethodData java/util/stream/StreamOpFlag getMask (I)I 2 129043 orig 80 0 0 0 0 0 0 0 0 0 0 0 0 0 0 0 0 0 0 0 0 0 0 0 0 0 0 0 0 0 0 0 0 0 0 0 0 0 0 0 0 0 0 0 0 0 0 0 0 0 0 0 0 0 0 0 0 0 0 0 0 0 0 0 0 0 0 0 0 0 0 0 0 0 0 0 0 0 0 0 0 data 14 0x10007 0x1f714 0x38 0x0 0x70003 0x0 0x18 0x0 0x0 0x0 0x0 0x9 0x1 0x0 oops 0 methods 0
ciMethodData java/util/stream/ReferencePipeline$Head <init> (Ljava/util/Spliterator;IZ)V 2 60761 orig 80 0 0 0 0 0 0 0 0 0 0 0 0 0 0 0 0 0 0 0 0 0 0 0 0 0 0 0 0 0 0 0 0 0 0 0 0 0 0 0 0 0 0 0 0 0 0 0 0 0 0 0 0 0 0 0 0 0 0 0 0 0 0 0 0 0 0 0 0 0 0 0 0 0 0 0 0 0 0 0 0 data 10 0x40002 0xec5c 0x0 0x0 0x9 0x4 0x0 0x0 0x0 0x0 oops 0 methods 0
ciMethodData java/util/stream/ReferencePipeline <init> (Ljava/util/Spliterator;IZ)V 2 60764 orig 80 0 0 0 0 0 0 0 0 0 0 0 0 0 0 0 0 0 0 0 0 0 0 0 0 0 0 0 0 0 0 0 0 0 0 0 0 0 0 0 0 0 0 0 0 0 0 0 0 0 0 0 0 0 0 0 0 0 0 0 0 0 0 0 0 0 0 0 0 0 0 0 0 0 0 0 0 0 0 0 0 data 10 0x40002 0xec5c 0x0 0x0 0x9 0x4 0x0 0x0 0x0 0x0 oops 0 methods 0
ciMethodData java/util/stream/AbstractPipeline <init> (Ljava/util/Spliterator;IZ)V 2 60765 orig 80 0 0 0 0 0 0 0 0 0 0 0 0 0 0 0 0 0 0 0 0 0 0 0 0 0 0 0 0 0 0 0 0 0 0 0 0 0 0 0 0 0 0 0 0 0 0 0 0 0 0 0 0 0 0 0 0 0 0 0 0 0 0 0 0 0 0 0 0 0 0 0 0 0 0 0 0 0 0 0 0 data 14 0x10002 0xe55c 0x0 0x0 0x0 0x0 0x0 0x0 0x9 0x4 0x3e 0x0 0x0 0x0 oops 0 methods 0
ciMethodData java/util/stream/AbstractPipeline sourceSpliterator (I)Ljava/util/Spliterator; 2 60827 orig 80 0 0 0 0 0 0 0 0 0 0 0 0 0 0 0 0 0 0 0 0 0 0 0 0 0 0 0 0 0 0 0 0 0 0 0 0 0 0 0 0 0 0 0 0 0 0 0 0 0 0 0 0 0 0 0 0 0 0 0 0 0 0 0 0 0 0 0 0 0 0 0 0 0 0 0 0 0 0 0 0 data 121 0x90007 0x0 0x38 0xec98 0x1c0003 0xec98 0xd0 0x260007 0x0 0xa8 0x0 0x300005 0x0 0x0 0x0 0x0 0x0 0x0 0x350004 0x0 0x0 0x0 0x0 0x0 0x0 0x410003 0x0 0x28 0x4a0002 0x0 0x4f0005 0xec99 0x0 0x0 0x0 0x0 0x0 0x520007 0xec99 0x1e0 0x0 0x5c0007 0x0 0x1c0 0x0 0x770007 0x0 0x1a0 0x0 0x830005 0x0 0x0 0x0 0x0 0x0 0x0 0x860007 0x0 0x120 0x0 0x900005 0x0 0x0 0x0 0x0 0x0 0x0 0x930007 0x0 0x20 0x0 0xa50005 0x0 0x0 0x0 0x0 0x0 0x0 0xac0005 0x0 0x0 0x0 0x0 0x0 0x0 0xb10007 0x0 0x38 0x0 0xc00003 0x0 0x18 0xe30002 0x0 0xf40003 0x0 0xfffffffffffffe78 0xf80007 0x35ca 0x30 0xb6cf 0x1010002 0xb6cf 0x0 0x0 0x0 0x0 0x0 0x0 0x0 0x0 0x0 0x0 0x0 0x0 0x0 0x0 0x9 0x2 0x0 0x0 oops 0 methods 0
ciMethodData java/util/stream/ReferencePipeline$StatelessOp <init> (Ljava/util/stream/AbstractPipeline;Ljava/util/stream/StreamShape;I)V 2 56201 orig 80 0 0 0 0 0 0 0 0 0 0 0 0 0 0 0 0 0 0 0 0 0 0 0 0 0 0 0 0 0 0 0 0 0 0 0 0 0 0 0 0 0 0 0 0 0 0 0 0 0 0 0 0 0 0 0 0 0 0 0 0 0 0 0 0 0 0 0 0 0 0 0 0 0 0 0 0 0 0 0 0 data 31 0x30002 0xda83 0x90007 0xda75 0x88 0x0 0xd0005 0x0 0x0 0x0 0x0 0x0 0x0 0x110007 0x0 0x30 0x0 0x180002 0x0 0x0 0x0 0x0 0x0 0x0 0x0 0x9 0x4 0x1e 0x38 0x0 0x0 oops 0 methods 0
ciMethodData java/util/stream/ReferencePipeline <init> (Ljava/util/stream/AbstractPipeline;I)V 2 79749 orig 80 0 0 0 0 0 0 0 0 0 0 0 0 0 0 0 0 0 0 0 0 0 0 0 0 0 0 0 0 0 0 0 0 0 0 0 0 0 0 0 0 0 0 0 0 0 0 0 0 0 0 0 0 0 0 0 0 0 0 0 0 0 0 0 0 0 0 0 0 0 0 0 0 0 0 0 0 0 0 0 0 data 9 0x30002 0x135a5 0x0 0x0 0x9 0x3 0x1e 0x38 0x0 oops 0 methods 0
ciMethodData java/util/stream/AbstractPipeline <init> (Ljava/util/stream/AbstractPipeline;I)V 2 83711 orig 80 0 0 0 0 0 0 0 0 0 0 0 0 0 0 0 0 0 0 0 0 0 0 0 0 0 0 0 0 0 0 0 0 0 0 0 0 0 0 0 0 0 0 0 0 0 0 0 0 0 0 0 0 0 0 0 0 0 0 0 0 0 0 0 0 0 0 0 0 0 0 0 0 0 0 0 0 0 0 0 0 data 34 0x10002 0x13f07 0x80007 0x13f0a 0x30 0x0 0x110002 0x0 0x330002 0x13f0a 0x420005 0x34fc 0x0 0x681a78a0 0xd5dd 0x681a7950 0x3432 0x450007 0xd69f 0x20 0x6863 0x0 0x0 0x0 0x0 0x0 0x0 0x0 0x0 0x9 0x3 0x1e 0x38 0x0 oops 2 13 java/util/stream/ReferencePipeline$2 15 java/util/stream/SortedOps$OfRef methods 0
ciMethodData java/util/SortedSet spliterator ()Ljava/util/Spliterator; 2 13762 orig 80 0 0 0 0 0 0 0 0 0 0 0 0 0 0 0 0 0 0 0 0 0 0 0 0 0 0 0 0 0 0 0 0 0 0 0 0 0 0 0 0 0 0 0 0 0 0 0 0 0 0 0 0 0 0 0 0 0 0 0 0 0 0 0 0 0 0 0 0 0 0 0 0 0 0 0 0 0 0 0 0 data 9 0x80002 0x2dc2 0x0 0x0 0x0 0x0 0x9 0x1 0x0 oops 0 methods 0
ciMethodData java/util/stream/ReferencePipeline filter (Ljava/util/function/Predicate;)Ljava/util/stream/Stream; 2 55986 orig 80 0 0 0 0 0 0 0 0 0 0 0 0 0 0 0 0 0 0 0 0 0 0 0 0 0 0 0 0 0 0 0 0 0 0 0 0 0 0 0 0 0 0 0 0 0 0 0 0 0 0 0 0 0 0 0 0 0 0 0 0 0 0 0 0 0 0 0 0 0 0 0 0 0 0 0 0 0 0 0 0 data 14 0x10002 0xd999 0x120002 0xd999 0x0 0x0 0x0 0x0 0x0 0x0 0x9 0x2 0x0 0x0 oops 0 methods 0
ciMethodData java/util/stream/ReferencePipeline sorted (Ljava/util/Comparator;)Ljava/util/stream/Stream; 2 13761 orig 80 0 0 0 0 0 0 0 0 0 0 0 0 0 0 0 0 0 0 0 0 0 0 0 0 0 0 0 0 0 0 0 0 0 0 0 0 0 0 0 0 0 0 0 0 0 0 0 0 0 0 0 0 0 0 0 0 0 0 0 0 0 0 0 0 0 0 0 0 0 0 0 0 0 0 0 0 0 0 0 0 data 12 0x20002 0x3579 0x0 0x0 0x0 0x0 0x0 0x0 0x9 0x2 0x0 0x0 oops 0 methods 0
ciMethodData java/util/stream/SortedOps makeRef (Ljava/util/stream/AbstractPipeline;Ljava/util/Comparator;)Ljava/util/stream/Stream; 2 13761 orig 80 0 0 0 0 0 0 0 0 0 0 0 0 0 0 0 0 0 0 0 0 0 0 0 0 0 0 0 0 0 0 0 0 0 0 0 0 0 0 0 0 0 0 0 0 0 0 0 0 0 0 0 0 0 0 0 0 0 0 0 0 0 0 0 0 0 0 0 0 0 0 0 0 0 0 0 0 0 0 0 0 data 9 0x60002 0x3578 0x0 0x0 0x0 0x9 0x2 0x0 0x0 oops 0 methods 0
ciMethodData java/util/stream/SortedOps$OfRef <init> (Ljava/util/stream/AbstractPipeline;Ljava/util/Comparator;)V 2 13760 orig 80 0 0 0 0 0 0 0 0 0 0 0 0 0 0 0 0 0 0 0 0 0 0 0 0 0 0 0 0 0 0 0 0 0 0 0 0 0 0 0 0 0 0 0 0 0 0 0 0 0 0 0 0 0 0 0 0 0 0 0 0 0 0 0 0 0 0 0 0 0 0 0 0 0 0 0 0 0 0 0 0 data 22 0xc0002 0x2dc0 0x160002 0x2dc1 0x190004 0x0 0x0 0x681a77f0 0x75 0x67712e00 0x2d4a 0x0 0x0 0x0 0x0 0x0 0x0 0x9 0x3 0xde 0x38 0x0 oops 2 7 com/android/tools/r8/ir/optimize/K$$Lambda$515+0x000000002026c1e0 9 com/android/tools/r8/ir/optimize/z$$Lambda$454+0x000000002022c8f8 methods 0
ciMethodData java/util/stream/ReferencePipeline limit (J)Ljava/util/stream/Stream; 2 13760 orig 80 0 0 0 0 0 0 0 0 0 0 0 0 0 0 0 0 0 0 0 0 0 0 0 0 0 0 0 0 0 0 0 0 0 0 0 0 0 0 0 0 0 0 0 0 0 0 0 0 0 0 0 0 0 0 0 0 0 0 0 0 0 0 0 0 0 0 0 0 0 0 0 0 0 0 0 0 0 0 0 0 data 21 0x30007 0x2dc1 0x40 0x0 0xb0002 0x0 0xe0002 0x0 0x150002 0x2dc1 0x0 0x0 0x0 0x0 0x0 0x0 0x9 0x3 0x0 0x0 0x0 oops 0 methods 0
ciMethodData java/util/stream/StreamOpFlag fromCharacteristics (Ljava/util/Spliterator;)I 2 60767 orig 80 0 0 0 0 0 0 0 0 0 0 0 0 0 0 0 0 0 0 0 0 0 0 0 0 0 0 0 0 0 0 0 0 0 0 0 0 0 0 0 0 0 0 0 0 0 0 0 0 0 0 0 0 0 0 0 0 0 0 0 0 0 0 0 0 0 0 0 0 0 0 0 0 0 0 0 0 0 0 0 0 data 31 0x10005 0x12ed 0x0 0x68773910 0x9f2a 0x6c393880 0x334b 0xa0007 0xb211 0x78 0x334c 0xe0005 0x0 0x0 0x6c393880 0x334c 0x0 0x0 0x130007 0x334c 0x20 0x0 0x0 0x0 0x0 0x0 0x0 0x0 0x9 0x1 0x0 oops 3 3 java/util/HashMap$EntrySpliterator 5 java/util/SortedSet$1 14 java/util/SortedSet$1 methods 0
ciMethodData java/util/stream/ReferencePipeline$2 <init> (Ljava/util/stream/ReferencePipeline;Ljava/util/stream/AbstractPipeline;Ljava/util/stream/StreamShape;ILjava/util/function/Predicate;)V 2 55987 orig 80 0 0 0 0 0 0 0 0 0 0 0 0 0 0 0 0 0 0 0 0 0 0 0 0 0 0 0 0 0 0 0 0 0 0 0 0 0 0 0 0 0 0 0 0 0 0 0 0 0 0 0 0 0 0 0 0 0 0 0 0 0 0 0 0 0 0 0 0 0 0 0 0 0 0 0 0 0 0 0 0 data 14 0x100002 0xd933 0x0 0x0 0x0 0x0 0x9 0x6 0xde 0x0 0x38 0x0 0x0 0x0 oops 0 methods 0
ciMethodData java/util/stream/ReferencePipeline$StatefulOp <init> (Ljava/util/stream/AbstractPipeline;Ljava/util/stream/StreamShape;I)V 2 23751 orig 80 0 0 0 0 0 0 0 0 0 0 0 0 0 0 0 0 0 0 0 0 0 0 0 0 0 0 0 0 0 0 0 0 0 0 0 0 0 0 0 0 0 0 0 0 0 0 0 0 0 0 0 0 0 0 0 0 0 0 0 0 0 0 0 0 0 0 0 0 0 0 0 0 0 0 0 0 0 0 0 0 data 31 0x30002 0x5afd 0x90007 0x5afe 0x88 0x0 0xd0005 0x0 0x0 0x0 0x0 0x0 0x0 0x110007 0x0 0x30 0x0 0x180002 0x0 0x0 0x0 0x0 0x0 0x0 0x0 0x9 0x4 0x1e 0x38 0x0 0x0 oops 0 methods 0
ciMethodData java/util/stream/ReferencePipeline forEach (Ljava/util/function/Consumer;)V 2 42150 orig 80 0 0 0 0 0 0 0 0 0 0 0 0 0 0 0 0 0 0 0 0 0 0 0 0 0 0 0 0 0 0 0 0 0 0 0 0 0 0 0 0 0 0 0 0 0 0 0 0 0 0 0 0 0 0 0 0 0 0 0 0 0 0 0 0 0 0 0 0 0 0 0 0 0 0 0 0 0 0 0 0 data 19 0x30002 0xa328 0x60005 0xa329 0x0 0x0 0x0 0x0 0x0 0x0 0x0 0x0 0x0 0x0 0x0 0x9 0x2 0x0 0x0 oops 0 methods 0
ciMethodData java/util/stream/ForEachOps makeRef (Ljava/util/function/Consumer;Z)Ljava/util/stream/TerminalOp; 2 42152 orig 80 0 0 0 0 0 0 0 0 0 0 0 0 0 0 0 0 0 0 0 0 0 0 0 0 0 0 0 0 0 0 0 0 0 0 0 0 0 0 0 0 0 0 0 0 0 0 0 0 0 0 0 0 0 0 0 0 0 0 0 0 0 0 0 0 0 0 0 0 0 0 0 0 0 0 0 0 0 0 0 0 data 14 0x10002 0xa328 0xb0002 0xa328 0x0 0x0 0x0 0x0 0x0 0x0 0x9 0x2 0x0 0x0 oops 0 methods 0
ciMethodData java/util/stream/ForEachOps$ForEachOp$OfRef <init> (Ljava/util/function/Consumer;Z)V 2 42153 orig 80 0 0 0 0 0 0 0 0 0 0 0 0 0 0 0 0 0 0 0 0 0 0 0 0 0 0 0 0 0 0 0 0 0 0 0 0 0 0 0 0 0 0 0 0 0 0 0 0 0 0 0 0 0 0 0 0 0 0 0 0 0 0 0 0 0 0 0 0 0 0 0 0 0 0 0 0 0 0 0 0 data 11 0x20002 0xa328 0x0 0x0 0x0 0x0 0x9 0x3 0x6 0x0 0x0 oops 0 methods 0
ciMethodData java/util/stream/ForEachOps$ForEachOp <init> (Z)V 2 42153 orig 80 0 0 0 0 0 0 0 0 0 0 0 0 0 0 0 0 0 0 0 0 0 0 0 0 0 0 0 0 0 0 0 0 0 0 0 0 0 0 0 0 0 0 0 0 0 0 0 0 0 0 0 0 0 0 0 0 0 0 0 0 0 0 0 0 0 0 0 0 0 0 0 0 0 0 0 0 0 0 0 0 data 10 0x10002 0xa329 0x0 0x0 0x0 0x0 0x9 0x2 0x6 0x0 oops 0 methods 0
ciMethodData java/util/SortedSet$1 <init> (Ljava/util/SortedSet;Ljava/util/Collection;I)V 2 11786 orig 80 0 0 0 0 0 0 0 0 0 0 0 0 0 0 0 0 0 0 0 0 0 0 0 0 0 0 0 0 0 0 0 0 0 0 0 0 0 0 0 0 0 0 0 0 0 0 0 0 0 0 0 0 0 0 0 0 0 0 0 0 0 0 0 0 0 0 0 0 0 0 0 0 0 0 0 0 0 0 0 0 data 12 0x80002 0x2d43 0x0 0x0 0x0 0x0 0x9 0x4 0x3e 0x0 0x0 0x0 oops 0 methods 0
ciMethodData java/util/Spliterators$IteratorSpliterator <init> (Ljava/util/Collection;I)V 2 13762 orig 80 0 0 0 0 0 0 0 0 0 0 0 0 0 0 0 0 0 0 0 0 0 0 0 0 0 0 0 0 0 0 0 0 0 0 0 0 0 0 0 0 0 0 0 0 0 0 0 0 0 0 0 0 0 0 0 0 0 0 0 0 0 0 0 0 0 0 0 0 0 0 0 0 0 0 0 0 0 0 0 0 data 18 0x10002 0x2dc2 0x140007 0x0 0x38 0x2dc1 0x1f0003 0x2dc2 0x18 0x0 0x0 0x0 0x0 0x9 0x3 0x1e 0x0 0x0 oops 0 methods 0
ciMethodData java/util/SortedSet$1 getComparator ()Ljava/util/Comparator; 1 13762 orig 80 0 0 0 0 0 0 0 0 0 0 0 0 0 0 0 0 0 0 0 0 0 0 0 0 0 0 0 0 0 0 0 0 0 0 0 0 0 0 0 0 0 0 0 0 0 0 0 0 0 0 0 0 0 0 0 0 0 0 0 0 0 0 0 0 0 0 0 0 0 0 0 0 0 0 0 0 0 0 0 0 data 16 0x40005 0x0 0x0 0x0 0x0 0x0 0x0 0x0 0x0 0x0 0x0 0x0 0x0 0x9 0x1 0x0 oops 0 methods 0
ciMethodData java/util/stream/SliceOps makeRef (Ljava/util/stream/AbstractPipeline;JJ)Ljava/util/stream/Stream; 2 13761 orig 80 0 0 0 0 0 0 0 0 0 0 0 0 0 0 0 0 0 0 0 0 0 0 0 0 0 0 0 0 0 0 0 0 0 0 0 0 0 0 0 0 0 0 0 0 0 0 0 0 0 0 0 0 0 0 0 0 0 0 0 0 0 0 0 0 0 0 0 0 0 0 0 0 0 0 0 0 0 0 0 0 data 53 0x30007 0x2dbf 0xe8 0x0 0xe0002 0x0 0x130005 0x0 0x0 0x0 0x0 0x0 0x0 0x170005 0x0 0x0 0x0 0x0 0x0 0x0 0x1a0005 0x0 0x0 0x0 0x0 0x0 0x0 0x1d0002 0x0 0x240007 0x0 0x38 0x2dbf 0x280003 0x2dc0 0x18 0x390002 0x2dbb 0x400002 0x2dbe 0x0 0x0 0x0 0x0 0x0 0x0 0x9 0x5 0x0 0x0 0x0 0x0 0x0 oops 0 methods 0
ciMethodData java/util/stream/SliceOps flags (J)I 2 13762 orig 80 0 0 0 0 0 0 0 0 0 0 0 0 0 0 0 0 0 0 0 0 0 0 0 0 0 0 0 0 0 0 0 0 0 0 0 0 0 0 0 0 0 0 0 0 0 0 0 0 0 0 0 0 0 0 0 0 0 0 0 0 0 0 0 0 0 0 0 0 0 0 0 0 0 0 0 0 0 0 0 0 data 15 0x80007 0x0 0x38 0x2dc2 0xe0003 0x2dc2 0x18 0x0 0x0 0x0 0x0 0x9 0x2 0x0 0x0 oops 0 methods 0
ciMethodData java/util/stream/SliceOps$1 <init> (Ljava/util/stream/AbstractPipeline;Ljava/util/stream/StreamShape;IJJJ)V 2 11967 orig 80 0 0 0 0 0 0 0 0 0 0 0 0 0 0 0 0 0 0 0 0 0 0 0 0 0 0 0 0 0 0 0 0 0 0 0 0 0 0 0 0 0 0 0 0 0 0 0 0 0 0 0 0 0 0 0 0 0 0 0 0 0 0 0 0 0 0 0 0 0 0 0 0 0 0 0 0 0 0 0 0 data 18 0x160002 0x2dbf 0x0 0x0 0x0 0x0 0x9 0xa 0x79e 0x38 0x0 0x0 0x0 0x0 0x0 0x0 0x0 0x0 oops 0 methods 0
ciMethod java/lang/invoke/LambdaForm$MH+0x0000000020000400 invoke (Ljava/lang/Object;)Ljava/lang/Object; 512 0 13202829 0 -1
ciMethodData java/lang/invoke/LambdaForm$MH+0x0000000020000400 invoke (Ljava/lang/Object;)Ljava/lang/Object; 2 13202829 orig 80 0 0 0 0 0 0 0 0 0 0 0 0 0 0 0 0 0 0 0 0 0 0 0 0 0 0 0 0 0 0 0 0 0 0 0 0 0 0 0 0 0 0 0 0 0 0 0 0 0 0 0 0 0 0 0 0 0 0 0 0 0 0 0 0 0 0 0 0 0 0 0 0 0 0 0 0 0 0 0 0 data 20 0x10004 0x0 0x0 0x68d44530 0x2c06 0x0 0x0 0x0 0x0 0x0 0x0 0x0 0x0 0x9 0x1 0x0 0xc 0x2 0x0 0x68d44530 oops 2 3 java/lang/invoke/BoundMethodHandle$Species_L 19 java/lang/invoke/BoundMethodHandle$Species_L methods 0
ciMethod com/android/tools/r8/internal/sm contains (Ljava/lang/Object;)Z 0 0 1 0 -1
ciMethod com/android/tools/r8/internal/jn a (Ljava/util/Collection;)Lcom/android/tools/r8/internal/jn; 410 410 126523 0 -1
ciMethod com/android/tools/r8/internal/cT contains (Ljava/lang/Object;)Z 512 190 161747 0 544
ciMethod com/android/tools/r8/internal/Im get (Ljava/lang/Object;)Ljava/lang/Object; 0 0 1 0 -1
ciMethod com/android/tools/r8/internal/ZS get (Ljava/lang/Object;)Ljava/lang/Object; 4096 22 196281 0 3104
ciMethod com/android/tools/r8/graph/C o0 ()I 0 0 1 0 -1
ciMethod com/android/tools/r8/graph/C hashCode ()I 624 0 5607 0 128
ciMethod com/android/tools/r8/graph/C j (I)V 0 0 1 0 -1
ciMethod com/android/tools/r8/internal/hl a (I)I 518 0 736893 0 96
ciMethod com/android/tools/r8/internal/hl a (Ljava/lang/Object;)I 358 0 112191 0 0
ciMethod com/android/tools/r8/internal/Lm b ()Lcom/android/tools/r8/internal/Lm; 256 0 128 0 -1
ciMethod com/android/tools/r8/graph/A2 o0 ()I 1024 0 66768 0 1888
ciMethod com/android/tools/r8/graph/s2 o0 ()I 1024 0 67365 0 2464
ciMethod com/android/tools/r8/graph/D2 o0 ()I 554 0 11700 0 416
ciMethod com/android/tools/r8/internal/O00 F ()Z 932 0 56190 0 -1
ciMethod com/android/tools/r8/internal/O00 G ()Z 512 0 216406 0 -1
ciMethod com/android/tools/r8/graph/E2 o0 ()I 1024 0 5353 0 0
ciMethod com/android/tools/r8/utils/L b ()Z 0 0 413 0 -1
ciMethod com/android/tools/r8/internal/ZU c ()Ljava/util/Set; 4096 0 2481444 0 -1
ciMethod com/android/tools/r8/internal/cl b (J)J 512 0 5376 0 160
ciMethod com/android/tools/r8/internal/cl b (IF)I 512 0 691197 0 0
ciMethod com/android/tools/r8/internal/cl a (IF)I 32 0 6173 0 288
ciMethodData com/android/tools/r8/graph/C hashCode ()I 2 5607 orig 80 0 0 0 0 0 0 0 0 0 0 0 0 0 0 0 0 0 0 0 0 0 0 0 0 0 0 0 0 0 0 0 0 0 0 0 0 0 0 0 0 0 0 0 0 0 0 0 0 0 0 0 0 0 0 0 0 0 0 0 0 0 0 0 0 0 0 0 0 0 0 0 0 0 0 0 0 0 0 0 0 data 35 0x70007 0xeb0 0x78 0x601 0xb0005 0x234 0x0 0x6831a1c0 0x295 0x6831a270 0x139 0x110007 0x601 0x20 0x0 0x1e0007 0x14af 0x58 0x0 0x230005 0x0 0x0 0x0 0x0 0x0 0x0 0x0 0x0 0x0 0x0 0x0 0x0 0x9 0x1 0xffffffffffffffff oops 2 7 com/android/tools/r8/graph/D2 9 com/android/tools/r8/graph/A2 methods 0
ciMethod com/android/tools/r8/graph/G2 hashCode ()I 1024 0 66768 0 0
ciMethod com/android/tools/r8/graph/f1 P0 ()V 0 0 1890103 0 -1
ciMethod com/android/tools/r8/graph/B0 e ()Lcom/android/tools/r8/graph/d1; 272 0 136 0 -1
ciMethod com/android/tools/r8/graph/B0 u ()Lcom/android/tools/r8/graph/n2; 512 0 1150355 0 -1
ciMethodData com/android/tools/r8/graph/D2 o0 ()I 2 11700 orig 80 0 0 0 0 0 0 0 0 0 0 0 0 0 0 0 0 0 0 0 0 0 0 0 0 0 0 0 0 0 0 0 0 0 0 0 0 0 0 0 0 0 0 0 0 0 0 0 0 0 0 0 0 0 0 0 0 0 0 0 0 0 0 0 0 0 0 0 0 0 0 0 0 0 0 0 0 0 0 0 0 data 11 0xc0002 0x2c9e 0x0 0x0 0x0 0x0 0x0 0x0 0x9 0x1 0x0 oops 0 methods 0
ciMethodData com/android/tools/r8/internal/hl a (I)I 2 736893 orig 80 0 0 0 0 0 0 0 0 0 0 0 0 0 0 0 0 0 0 0 0 0 0 0 0 0 0 0 0 0 0 0 0 0 0 0 0 0 0 0 0 0 0 0 0 0 0 0 0 0 0 0 0 0 0 0 0 0 0 0 0 0 0 0 0 0 0 0 0 0 0 0 0 0 0 0 0 0 0 0 0 data 11 0x90002 0xb3d8f 0x0 0x0 0x0 0x0 0x0 0x0 0x9 0x1 0x0 oops 0 methods 0
ciMethod com/android/tools/r8/graph/j b (Lcom/android/tools/r8/graph/s2;Z)Lcom/android/tools/r8/graph/U4; 0 0 286001 0 -1
ciMethod com/android/tools/r8/graph/h i ()Z 512 0 314335 0 -1
ciMethod com/android/tools/r8/graph/w f ()Lcom/android/tools/r8/graph/h; 78 0 9288 0 -1
ciMethod com/android/tools/r8/graph/w p ()Z 512 0 1284526 0 96
ciMethod com/android/tools/r8/graph/w O ()Lcom/android/tools/r8/utils/A1; 4096 0 5836939 0 -1
ciMethod com/android/tools/r8/graph/w Y ()Lcom/android/tools/r8/graph/w; 2 0 1 0 -1
ciMethod com/android/tools/r8/ir/optimize/info/g a (Lcom/android/tools/r8/internal/gt;Lcom/android/tools/r8/utils/A1;)Z 0 0 1 0 -1
ciMethod com/android/tools/r8/ir/optimize/info/g E ()Z 0 0 1 0 -1
ciMethodData com/android/tools/r8/graph/A2 o0 ()I 2 66768 orig 80 0 0 0 0 0 0 0 0 0 0 0 0 0 0 0 0 0 0 0 0 0 0 0 0 0 0 0 0 0 0 0 0 0 0 0 0 0 0 0 0 0 0 0 0 0 0 0 0 0 0 0 0 0 0 0 0 0 0 0 0 0 0 0 0 0 0 0 0 0 0 0 0 0 0 0 0 0 0 0 0 data 30 0x60005 0x102d2 0x0 0x0 0x0 0x0 0x0 0x100005 0x102d2 0x0 0x0 0x0 0x0 0x0 0x1c0005 0x102d1 0x0 0x0 0x0 0x0 0x0 0x0 0x0 0x0 0x0 0x0 0x0 0x9 0x1 0x0 oops 0 methods 0
ciMethodData com/android/tools/r8/graph/G2 hashCode ()I 2 66768 orig 80 0 0 0 0 0 0 0 0 0 0 0 0 0 0 0 0 0 0 0 0 0 0 0 0 0 0 0 0 0 0 0 0 0 0 0 0 0 0 0 0 0 0 0 0 0 0 0 0 0 0 0 0 0 0 0 0 0 0 0 0 0 0 0 0 0 0 0 0 0 0 0 0 0 0 0 0 0 0 0 0 data 11 0x40002 0x102d1 0x0 0x0 0x0 0x0 0x0 0x0 0x9 0x1 0x0 oops 0 methods 0
ciMethodData com/android/tools/r8/graph/s2 o0 ()I 2 67365 orig 80 0 0 0 0 0 0 0 0 0 0 0 0 0 0 0 0 0 0 0 0 0 0 0 0 0 0 0 0 0 0 0 0 0 0 0 0 0 0 0 0 0 0 0 0 0 0 0 0 0 0 0 0 0 0 0 0 0 0 0 0 0 0 0 0 0 0 0 0 0 0 0 0 0 0 0 0 0 0 0 0 data 30 0x60005 0x10527 0x0 0x0 0x0 0x0 0x0 0x100005 0x10526 0x0 0x0 0x0 0x0 0x0 0x1c0005 0x10526 0x0 0x0 0x0 0x0 0x0 0x0 0x0 0x0 0x0 0x0 0x0 0x9 0x1 0x0 oops 0 methods 0
ciMethod com/android/tools/r8/internal/Y0 <init> ()V 510 0 173702 0 0
ciMethod com/android/tools/r8/internal/X0 <init> ()V 510 0 205772 0 0
ciMethod com/android/tools/r8/internal/R0 <init> ()V 510 0 205773 0 0
ciMethodData com/android/tools/r8/graph/E2 o0 ()I 2 5353 orig 80 0 0 0 0 0 0 0 0 0 0 0 0 0 0 0 0 0 0 0 0 0 0 0 0 0 0 0 0 0 0 0 0 0 0 0 0 0 0 0 0 0 0 0 0 0 0 0 0 0 0 0 0 0 0 0 0 0 0 0 0 0 0 0 0 0 0 0 0 0 0 0 0 0 0 0 0 0 0 0 0 data 16 0x40005 0x12ea 0x0 0x0 0x0 0x0 0x0 0x0 0x0 0x0 0x0 0x0 0x0 0x9 0x1 0x0 oops 0 methods 0
ciMethodData com/android/tools/r8/internal/cl a (IF)I 2 6173 orig 80 0 0 0 0 0 0 0 0 0 0 0 0 0 0 0 0 0 0 0 0 0 0 0 0 0 0 0 0 0 0 0 0 0 0 0 0 0 0 0 0 0 0 0 0 0 0 0 0 0 0 0 0 0 0 0 0 0 0 0 0 0 0 0 0 0 0 0 0 0 0 0 0 0 0 0 0 0 0 0 0 data 59 0x50002 0x180c 0x90002 0x180c 0x110002 0x180b 0x1a0007 0x0 0x20 0x180b 0x2c0002 0x0 0x2f0005 0x0 0x0 0x0 0x0 0x0 0x0 0x340005 0x0 0x0 0x0 0x0 0x0 0x0 0x380005 0x0 0x0 0x0 0x0 0x0 0x0 0x3d0005 0x0 0x0 0x0 0x0 0x0 0x0 0x400005 0x0 0x0 0x0 0x0 0x0 0x0 0x430002 0x0 0x0 0x0 0x0 0x0 0x0 0x0 0x9 0x2 0x0 0x0 oops 0 methods 0
ciMethodData com/android/tools/r8/internal/cl b (J)J 2 5376 orig 80 0 0 0 0 0 0 0 0 0 0 0 0 0 0 0 0 0 0 0 0 0 0 0 0 0 0 0 0 0 0 0 0 0 0 0 0 0 0 0 0 0 0 0 0 0 0 0 0 0 0 0 0 0 0 0 0 0 0 0 0 0 0 0 0 0 0 0 0 0 0 0 0 0 0 0 0 0 0 0 0 data 10 0x30007 0x1378 0x20 0x88 0x0 0x0 0x9 0x2 0x0 0x0 oops 0 methods 0
ciMethodData com/android/tools/r8/internal/cl b (IF)I 2 691197 orig 80 0 0 0 0 0 0 0 0 0 0 0 0 0 0 0 0 0 0 0 0 0 0 0 0 0 0 0 0 0 0 0 0 0 0 0 0 0 0 0 0 0 0 0 0 0 0 0 0 0 0 0 0 0 0 0 0 0 0 0 0 0 0 0 0 0 0 0 0 0 0 0 0 0 0 0 0 0 0 0 0 data 14 0x50002 0xa8b02 0xc0002 0xa8b26 0x0 0x0 0x0 0x0 0x0 0x0 0x9 0x2 0x0 0x0 oops 0 methods 0
ciMethodData com/android/tools/r8/internal/Y0 <init> ()V 2 173702 orig 80 0 0 0 0 0 0 0 0 0 0 0 0 0 0 0 0 0 0 0 0 0 0 0 0 0 0 0 0 0 0 0 0 0 0 0 0 0 0 0 0 0 0 0 0 0 0 0 0 0 0 0 0 0 0 0 0 0 0 0 0 0 0 0 0 0 0 0 0 0 0 0 0 0 0 0 0 0 0 0 0 data 7 0x10002 0x2a58a 0x0 0x0 0x9 0x1 0x0 oops 0 methods 0
ciMethodData com/android/tools/r8/internal/X0 <init> ()V 2 205772 orig 80 0 0 0 0 0 0 0 0 0 0 0 0 0 0 0 0 0 0 0 0 0 0 0 0 0 0 0 0 0 0 0 0 0 0 0 0 0 0 0 0 0 0 0 0 0 0 0 0 0 0 0 0 0 0 0 0 0 0 0 0 0 0 0 0 0 0 0 0 0 0 0 0 0 0 0 0 0 0 0 0 data 7 0x10002 0x322cd 0x0 0x0 0x9 0x1 0x0 oops 0 methods 0
ciMethodData com/android/tools/r8/internal/R0 <init> ()V 2 205773 orig 80 0 0 0 0 0 0 0 0 0 0 0 0 0 0 0 0 0 0 0 0 0 0 0 0 0 0 0 0 0 0 0 0 0 0 0 0 0 0 0 0 0 0 0 0 0 0 0 0 0 0 0 0 0 0 0 0 0 0 0 0 0 0 0 0 0 0 0 0 0 0 0 0 0 0 0 0 0 0 0 0 data 7 0x10002 0x322d0 0x0 0x0 0x9 0x1 0x0 oops 0 methods 0
ciMethod com/android/tools/r8/graph/z4 a (Lcom/android/tools/r8/graph/w5;Lcom/android/tools/r8/graph/w;)Lcom/android/tools/r8/utils/o2; 0 0 1 0 -1
ciMethod com/android/tools/r8/internal/Ko b ()Lcom/android/tools/r8/internal/f20; 256 0 128 0 0
ciMethod com/android/tools/r8/internal/Ko a (Lcom/android/tools/r8/internal/f20;Lcom/android/tools/r8/internal/f20;Ljava/util/Set;)V 4096 8898 166484 0 -1
ciMethod com/android/tools/r8/internal/Ko a (Lcom/android/tools/r8/internal/f20;Lcom/android/tools/r8/internal/f20;)V 164 0 86018 0 -1
ciMethod com/android/tools/r8/internal/Ko h ()Lcom/android/tools/r8/internal/J4; 512 0 2742156 0 64
ciMethod com/android/tools/r8/internal/Ko Q0 ()Ljava/util/Set; 512 0 1894542 0 -1
ciMethod com/android/tools/r8/internal/Ko u1 ()Z 270 0 135 0 -1
ciMethod com/android/tools/r8/internal/Ko I1 ()Z 260 0 130 0 -1
ciMethod com/android/tools/r8/internal/Ko U1 ()Z 256 0 128 0 -1
ciMethod com/android/tools/r8/internal/Ko b0 ()Lcom/android/tools/r8/internal/gt; 256 0 128 0 -1
ciMethod com/android/tools/r8/internal/Ko V1 ()Z 0 0 1 0 -1
ciMethod com/android/tools/r8/internal/Ko c0 ()Lcom/android/tools/r8/internal/ht; 0 0 1 0 -1
ciMethod com/android/tools/r8/internal/gt M2 ()Z 0 0 1 0 -1
ciMethod com/android/tools/r8/internal/gt N2 ()Lcom/android/tools/r8/graph/s2; 304 0 152 0 0
ciMethod com/android/tools/r8/internal/gt g (Lcom/android/tools/r8/graph/w;Lcom/android/tools/r8/graph/A5;)Lcom/android/tools/r8/graph/C0; 0 0 1 0 -1
ciMethod com/android/tools/r8/internal/KB a (Lcom/android/tools/r8/graph/s2;Ljava/util/List;)Z 4116 0 81061 0 0
ciMethod com/android/tools/r8/internal/ht O2 ()Lcom/android/tools/r8/internal/f20; 156 0 128053 0 -1
ciMethod com/android/tools/r8/internal/s20 a (Lcom/android/tools/r8/internal/O00;)Lcom/android/tools/r8/internal/s20; 480 0 164209 0 -1
ciMethod com/android/tools/r8/internal/pe <init> ()V 70 0 2016 0 -1
ciMethod com/android/tools/r8/internal/f20 a (Lcom/android/tools/r8/internal/s20;Lcom/android/tools/r8/graph/s2;Lcom/android/tools/r8/origin/Origin;Lcom/android/tools/r8/utils/Q2;)V 768 0 52679 0 -1
ciMethod com/android/tools/r8/internal/f20 g ()Lcom/android/tools/r8/internal/f20; 512 0 385872 0 -1
ciMethod com/android/tools/r8/internal/f20 q ()Lcom/android/tools/r8/graph/g0; 532 0 2276880 0 96
ciMethod com/android/tools/r8/internal/f20 w ()Z 384 0 1554037 0 96
ciMethod com/android/tools/r8/internal/f20 a (Lcom/android/tools/r8/graph/g0;)V 4098 0 35527 0 -1
ciMethod com/android/tools/r8/internal/f20 a0 ()Ljava/util/Set; 512 0 1503571 0 -1
ciMethod com/android/tools/r8/internal/f20 Z ()Ljava/util/Set; 526 0 1159301 0 320
ciMethod com/android/tools/r8/internal/f20 v ()Z 220 0 306546 0 192
ciMethod com/android/tools/r8/internal/f20 A ()Z 262 0 239706 0 0
ciMethod com/android/tools/r8/internal/f20 c ()V 270 0 222542 0 -1
ciMethod com/android/tools/r8/internal/f20 a ()Lcom/android/tools/r8/ir/optimize/a; 4096 2240 3454 0 -1
ciMethod com/android/tools/r8/internal/f20 f (Lcom/android/tools/r8/internal/f20;)V 224 0 228921 0 96
ciMethod com/android/tools/r8/internal/f20 a (Lcom/android/tools/r8/internal/f20;Ljava/util/Set;)V 224 242 215011 0 15648
ciMethod com/android/tools/r8/internal/f20 i ()Z 256 0 128 0 0
ciMethod com/android/tools/r8/internal/f20 l ()Lcom/android/tools/r8/internal/cM; 0 0 1 0 -1
ciMethod com/android/tools/r8/internal/f20 s ()Lcom/android/tools/r8/internal/O00; 256 0 128 0 -1
ciMethod com/android/tools/r8/internal/cM i ()Z 256 0 128 0 0
ciMethod com/android/tools/r8/internal/cM a (Lcom/android/tools/r8/internal/f20;Lcom/android/tools/r8/internal/f20;Ljava/util/Set;)V 4108 10952 40447 0 -1
ciMethod com/android/tools/r8/internal/cM d0 ()Z 1368 1962 921 0 -1
ciMethod com/android/tools/r8/internal/cM a (Lcom/android/tools/r8/internal/Kl;Ljava/util/Set;)Z 14762 515104 38999 0 -1
ciMethod com/android/tools/r8/ir/optimize/K a (Lcom/android/tools/r8/internal/Nl;)V 468 8192 50015 0 -1
ciMethod com/android/tools/r8/graph/U4 o ()Lcom/android/tools/r8/graph/U4$c; 0 0 1 0 -1
ciMethodData com/android/tools/r8/internal/ZS get (Ljava/lang/Object;)Ljava/lang/Object; 2 196281 orig 80 2 0 0 0 0 0 0 0 0 0 0 0 0 0 0 0 0 0 0 0 0 0 0 0 0 0 0 0 0 0 0 0 0 0 0 0 0 0 0 1 0 0 0 0 0 0 0 0 0 0 0 0 0 0 0 0 0 0 0 0 0 0 0 0 0 0 0 0 0 0 0 0 0 0 0 0 0 0 0 0 data 58 0xb0007 0x0 0x180 0x2f6da 0xf0007 0x1168 0x38 0x2e583 0x120003 0x2e589 0x140 0x170005 0x0 0x0 0x6819d880 0x1168 0x0 0x0 0x1a0002 0x1168 0x220007 0x1168 0xe0 0xc2e 0x2a0005 0x0 0x0 0x6819d880 0xc2e 0x0 0x0 0x80000006002d0007 0xc2f 0x38 0x2 0x350003 0x2 0x68 0x390005 0x0 0x0 0x64272170 0x215 0x68d46e50 0xa1a 0x3d0003 0xc2f 0xffffffffffffff38 0x0 0x0 0x0 0x0 0x0 0x0 0x9 0x2 0x0 0xffffffffffffffff oops 4 14 com/android/tools/r8/graph/s2 27 com/android/tools/r8/graph/s2 41 com/android/tools/r8/internal/Km 43 com/android/tools/r8/internal/Lm methods 0
ciMethodData com/android/tools/r8/graph/w p ()Z 2 1284557 orig 80 0 0 0 0 0 0 0 0 0 0 0 0 0 0 0 0 0 0 0 0 0 0 0 0 0 0 0 0 0 0 0 0 0 0 0 0 0 0 0 0 0 0 0 0 0 0 0 0 0 0 0 0 0 0 0 0 0 0 0 0 0 0 0 0 0 0 0 0 0 0 0 0 0 0 0 0 0 0 0 0 data 13 0x50007 0x1398fe 0x38 0x0 0x90003 0x0 0x18 0x0 0x0 0x0 0x9 0x1 0x0 oops 0 methods 0
ciMethod com/android/tools/r8/internal/J4 C ()Z 512 0 518147 0 -1
ciMethod com/android/tools/r8/internal/J4 x ()Lcom/android/tools/r8/internal/J4; 512 0 173618 0 -1
ciMethod com/android/tools/r8/internal/J4 n ()Ljava/util/List; 324 0 322217 0 -1
ciMethod com/android/tools/r8/internal/J4 t ()Ljava/util/List; 512 0 5779191 0 -1
ciMethod com/android/tools/r8/internal/J4 m ()Ljava/util/List; 388 0 375885 0 -1
ciMethod com/android/tools/r8/internal/J4 r ()Ljava/util/List; 268 0 134 0 0
ciMethod com/android/tools/r8/internal/J4 y ()Z 512 0 1800737 0 -1
ciMethod com/android/tools/r8/internal/J4 p ()I 858 0 5729422 0 64
ciMethod com/android/tools/r8/internal/J4 l ()Ljava/util/LinkedList; 256 0 128 0 0
ciMethod com/android/tools/r8/internal/J4 j ()Lcom/android/tools/r8/internal/ru; 512 0 5533 0 -1
ciMethod com/android/tools/r8/internal/J4 b (Lcom/android/tools/r8/internal/cM;)V 4114 0 145467 0 -1
ciMethod com/android/tools/r8/internal/J4 a (Lcom/android/tools/r8/internal/Nl;)Lcom/android/tools/r8/internal/No; 362 0 2290153 0 1184
ciMethod com/android/tools/r8/internal/No r ()V 0 0 1 0 -1
ciMethod com/android/tools/r8/internal/M4 <init> (Lcom/android/tools/r8/internal/Xl;Lcom/android/tools/r8/internal/J4;)V 382 0 5430 0 1376
ciMethod com/android/tools/r8/internal/M4 hasNext ()Z 532 0 478158 0 160
ciMethod com/android/tools/r8/internal/M4 remove ()V 512 50 172689 0 -1
ciMethod com/android/tools/r8/internal/M4 r ()V 270 0 162639 0 0
ciMethod com/android/tools/r8/internal/M4 a (Lcom/android/tools/r8/internal/Ko;Ljava/util/Set;)V 4096 5258 4009 0 -1
ciMethod com/android/tools/r8/internal/M4 next ()Ljava/lang/Object; 514 0 1147131 0 1024
ciMethod com/android/tools/r8/internal/Nl h ()Lcom/android/tools/r8/graph/A5; 256 0 128 0 0
ciMethod com/android/tools/r8/internal/Nl i ()Lcom/android/tools/r8/internal/J4; 732 0 544203 0 -1
ciMethod com/android/tools/r8/internal/Nl b (Lcom/android/tools/r8/graph/w;)Z 0 0 1 0 -1
ciMethod com/android/tools/r8/internal/Nl w ()V 4108 13950 69144 0 -1
ciMethod com/android/tools/r8/internal/Nl a (Lcom/android/tools/r8/internal/Kl;Ljava/util/Set;)Z 144 706 61319 0 0
ciMethod com/android/tools/r8/utils/Q3 b (Ljava/lang/Iterable;)V 8720 0 61275 0 0
ciMethod com/android/tools/r8/utils/Q3 b (Ljava/lang/Object;)Z 522 0 685596 0 608
ciMethod com/android/tools/r8/utils/Q3 b ()Z 512 0 2116526 0 96
ciMethod com/android/tools/r8/utils/Q3 d ()Ljava/lang/Object; 522 0 1425512 0 320
ciMethod com/android/tools/r8/utils/Q3 a ()Ljava/util/Set; 152 0 1465 0 0
ciMethod com/android/tools/r8/utils/Q3 <init> (Ljava/util/Set;)V 512 0 620904 0 -1
ciMethod com/android/tools/r8/utils/Q3 <init> (I)V 512 0 614045 0 0
ciMethodData com/android/tools/r8/internal/M4 hasNext ()Z 2 478158 orig 80 0 0 0 0 0 0 0 0 0 0 0 0 0 0 0 0 0 0 0 0 0 0 0 0 0 0 0 0 0 0 0 0 0 0 0 0 0 0 0 0 0 0 0 0 0 0 0 0 0 0 0 0 0 0 0 0 0 0 0 0 0 0 0 0 0 0 0 0 0 0 0 0 0 0 0 0 0 0 0 0 data 16 0x40005 0x0 0x0 0x681a6c40 0x74ac6 0x0 0x0 0x0 0x0 0x0 0x0 0x0 0x0 0x9 0x1 0x0 oops 1 3 java/util/LinkedList$ListItr methods 0
ciMethod com/android/tools/r8/internal/GJ <init> (Lcom/android/tools/r8/internal/Nk;)V 842 0 81147 0 0
ciMethod com/android/tools/r8/internal/GJ isEmpty ()Z 842 0 81145 0 0
ciMethodData com/android/tools/r8/internal/M4 next ()Ljava/lang/Object; 2 1147131 orig 80 0 0 0 0 0 0 0 0 0 0 0 0 0 0 0 0 0 0 0 0 0 0 0 0 0 0 0 0 0 0 0 0 0 0 0 0 0 0 0 0 0 0 0 0 0 0 0 0 0 0 0 0 0 0 0 0 0 0 0 0 0 0 0 0 0 0 0 0 0 0 0 0 0 0 0 0 0 0 0 0 data 23 0x40005 0x0 0x0 0x681a6c40 0x11802d 0x0 0x0 0x90004 0x0 0x0 0x681a7d70 0x3f47b 0x681a6e50 0x77c4 0x0 0x0 0x0 0x0 0x0 0x0 0x9 0x1 0xc oops 3 3 java/util/LinkedList$ListItr 10 com/android/tools/r8/internal/te 12 com/android/tools/r8/internal/bt methods 0
ciMethod com/android/tools/r8/internal/O0 <init> ()V 1024 0 81170 0 0
ciMethod com/android/tools/r8/internal/M0 <init> ()V 1024 0 81172 0 0
ciMethod com/android/tools/r8/ir/optimize/J <init> ()V 468 0 50013 0 0
ciMethod com/android/tools/r8/utils/H a ()Ljava/util/function/BiPredicate; 806 0 72344 0 0
ciMethod com/android/tools/r8/utils/H a (Ljava/lang/Object;Ljava/lang/Object;)Z 280 0 72201 0 0
ciMethod com/android/tools/r8/utils/H$$Lambda$399+0x0000000020202930 test (Ljava/lang/Object;Ljava/lang/Object;)Z 4108 0 74116 0 0
ciMethod com/android/tools/r8/internal/DJ <init> (Lcom/android/tools/r8/internal/GJ;)V 144 0 13762 0 0
ciMethodData com/android/tools/r8/internal/J4 a (Lcom/android/tools/r8/internal/Nl;)Lcom/android/tools/r8/internal/No; 2 2290299 orig 80 0 0 0 0 0 0 0 0 0 0 0 0 0 0 0 0 0 0 0 0 0 0 0 0 0 0 0 0 0 0 0 0 0 0 0 0 0 0 0 0 0 0 0 0 0 0 0 0 0 0 0 0 0 0 0 0 0 0 0 0 0 0 0 0 0 0 0 0 0 0 0 0 0 0 0 0 0 0 0 0 data 10 0xb0002 0x22efe6 0x0 0x0 0x0 0x0 0x9 0x2 0x0 0x0 oops 0 methods 0
ciMethodData com/android/tools/r8/internal/M4 <init> (Lcom/android/tools/r8/internal/Xl;Lcom/android/tools/r8/internal/J4;)V 2 5430 orig 80 0 0 0 0 0 0 0 0 0 0 0 0 0 0 0 0 0 0 0 0 0 0 0 0 0 0 0 0 0 0 0 0 0 0 0 0 0 0 0 0 0 0 0 0 0 0 0 0 0 0 0 0 0 0 0 0 0 0 0 0 0 0 0 0 0 0 0 0 0 0 0 0 0 0 0 0 0 0 0 0 data 27 0x80002 0x147e 0x120005 0x0 0x0 0x681a6cf0 0x147e 0x0 0x0 0x150005 0x0 0x0 0x681a6b90 0x147f 0x0 0x0 0x0 0x0 0x0 0x0 0x0 0x0 0x9 0x3 0x1e 0x0 0x0 oops 2 5 com/android/tools/r8/internal/J4 12 java/util/LinkedList methods 0
ciMethodData com/android/tools/r8/internal/f20 q ()Lcom/android/tools/r8/graph/g0; 2 2276880 orig 80 0 0 0 0 0 0 0 0 0 0 0 0 0 0 0 0 0 0 0 0 0 0 0 0 0 0 0 0 0 0 0 0 0 0 0 0 0 0 0 0 0 0 0 0 0 0 0 0 0 0 0 0 0 0 0 0 0 0 0 0 0 0 0 0 0 0 0 0 0 0 0 0 0 0 0 0 0 0 0 0 data 16 0x60007 0x128f1b 0x38 0x1033e6 0xa0003 0x1033f2 0x18 0x0 0x0 0x0 0x0 0x0 0x0 0x9 0x1 0x0 oops 0 methods 0
ciMethodData com/android/tools/r8/internal/J4 p ()I 2 5729446 orig 80 0 0 0 0 0 0 0 0 0 0 0 0 0 0 0 0 0 0 0 0 0 0 0 0 0 0 0 0 0 0 0 0 0 0 0 0 0 0 0 0 0 0 0 0 0 0 0 0 0 0 0 0 0 0 0 0 0 0 0 0 0 0 0 0 0 0 0 0 0 0 0 0 0 0 0 0 0 0 0 0 data 20 0x30007 0x576b85 0x68 0x0 0xa0007 0x0 0x38 0x0 0xd0003 0x0 0x28 0x140002 0x0 0x0 0x0 0x0 0x0 0x9 0x1 0x0 oops 0 methods 0
ciMethodData com/android/tools/r8/internal/Ko h ()Lcom/android/tools/r8/internal/J4; 2 2742182 orig 80 0 0 0 0 0 0 0 0 0 0 0 0 0 0 0 0 0 0 0 0 0 0 0 0 0 0 0 0 0 0 0 0 0 0 0 0 0 0 0 0 0 0 0 0 0 0 0 0 0 0 0 0 0 0 0 0 0 0 0 0 0 0 0 0 0 0 0 0 0 0 0 0 0 0 0 0 0 0 0 0 data 22 0x30007 0x29d79e 0x68 0x0 0xa0007 0x0 0x38 0x0 0xd0003 0x0 0x28 0x140002 0x0 0x0 0x0 0x0 0x0 0x0 0x0 0x9 0x1 0x0 oops 0 methods 0
ciMethodData com/android/tools/r8/internal/f20 w ()Z 2 1554039 orig 80 0 0 0 0 0 0 0 0 0 0 0 0 0 0 0 0 0 0 0 0 0 0 0 0 0 0 0 0 0 0 0 0 0 0 0 0 0 0 0 0 0 0 0 0 0 0 0 0 0 0 0 0 0 0 0 0 0 0 0 0 0 0 0 0 0 0 0 0 0 0 0 0 0 0 0 0 0 0 0 0 data 23 0x10005 0x17b687 0x0 0x0 0x0 0x0 0x0 0x40007 0xdc76b 0x38 0x9f25f 0x80003 0x9f265 0x18 0x0 0x0 0x0 0x0 0x0 0x0 0x9 0x1 0x0 oops 0 methods 0
ciMethodData com/android/tools/r8/utils/Q3 b ()Z 2 2117168 orig 80 0 0 0 0 0 0 0 0 0 0 0 0 0 0 0 0 0 0 0 0 0 0 0 0 0 0 0 0 0 0 0 0 0 0 0 0 0 0 0 0 0 0 0 0 0 0 0 0 0 0 0 0 0 0 0 0 0 0 0 0 0 0 0 0 0 0 0 0 0 0 0 0 0 0 0 0 0 0 0 0 data 16 0x40005 0x0 0x0 0x65bb7b00 0x204db4 0x0 0x0 0x0 0x0 0x0 0x0 0x0 0x0 0x9 0x1 0x0 oops 1 3 java/util/ArrayDeque methods 0
ciMethodData com/android/tools/r8/internal/f20 a0 ()Ljava/util/Set; 2 1503871 orig 80 1 0 0 0 0 0 0 0 0 0 0 0 0 0 0 0 0 0 0 0 0 0 0 0 0 0 0 0 0 0 0 0 0 0 0 0 0 0 0 0 0 0 0 0 0 0 0 0 0 0 0 0 0 0 0 0 0 0 0 0 0 0 0 0 0 0 0 0 0 0 0 0 0 0 0 0 0 0 0 0 data 15 0x60007 0x978e2 0x20 0xd7afc 0xf0002 0x978e8 0x0 0x0 0x0 0x0 0x0 0x0 0x9 0x1 0x10 oops 0 methods 0
ciMethodData com/android/tools/r8/utils/Q3 b (Ljava/lang/Object;)Z 2 685628 orig 80 0 0 0 0 0 0 0 0 0 0 0 0 0 0 0 0 0 0 0 0 0 0 0 0 0 0 0 0 0 0 0 0 0 0 0 0 0 0 0 0 0 0 0 0 0 0 0 0 0 0 0 0 0 0 0 0 0 0 0 0 0 0 0 0 0 0 0 0 0 0 0 0 0 0 0 0 0 0 0 0 data 28 0x50005 0x0 0x0 0x642729e0 0xa7552 0x0 0x0 0xa0007 0x935 0x58 0xa6c0c 0x120005 0x0 0x0 0x65bb7b00 0xa6c21 0x0 0x0 0x0 0x0 0x0 0x0 0x0 0x0 0x9 0x2 0x0 0xffffffffffffffff oops 2 3 java/util/Collections$SetFromMap 14 java/util/ArrayDeque methods 0
ciMethodData com/android/tools/r8/utils/Q3 d ()Ljava/lang/Object; 2 1426012 orig 80 0 0 0 0 0 0 0 0 0 0 0 0 0 0 0 0 0 0 0 0 0 0 0 0 0 0 0 0 0 0 0 0 0 0 0 0 0 0 0 0 0 0 0 0 0 0 0 0 0 0 0 0 0 0 0 0 0 0 0 0 0 0 0 0 0 0 0 0 0 0 0 0 0 0 0 0 0 0 0 0 data 36 0x30007 0x15c180 0xa0 0x0 0x70005 0x0 0x0 0x0 0x0 0x0 0x0 0xa0007 0x0 0x38 0x0 0xd0003 0x0 0x28 0x140002 0x0 0x1c0005 0x0 0x0 0x65bb7b00 0x15c184 0x0 0x0 0x0 0x0 0x0 0x0 0x0 0x0 0x9 0x1 0x0 oops 1 23 java/util/ArrayDeque methods 0
ciMethodData com/android/tools/r8/internal/f20 Z ()Ljava/util/Set; 2 1159556 orig 80 0 0 0 0 0 0 0 0 0 0 0 0 0 0 0 0 0 0 0 0 0 0 0 0 0 0 0 0 0 0 0 0 0 0 0 0 0 0 0 0 0 0 0 0 0 0 0 0 0 0 0 0 0 0 0 0 0 0 0 0 0 0 0 0 0 0 0 0 0 0 0 0 0 0 0 0 0 0 0 0 data 15 0x60007 0x89a76 0x20 0x917ee 0xf0002 0x89a76 0x0 0x0 0x0 0x0 0x0 0x0 0x9 0x1 0x20 oops 0 methods 0
ciMethodData com/android/tools/r8/utils/Q3 <init> (Ljava/util/Set;)V 2 621004 orig 80 0 0 0 0 0 0 0 0 0 0 0 0 0 0 0 0 0 0 0 0 0 0 0 0 0 0 0 0 0 0 0 0 0 0 0 0 0 0 0 0 0 0 0 0 0 0 0 0 0 0 0 0 0 0 0 0 0 0 0 0 0 0 0 0 0 0 0 0 0 0 0 0 0 0 0 0 0 0 0 0 data 12 0x30002 0x978e5 0xb0002 0x978af 0x0 0x0 0x0 0x0 0x9 0x2 0x6 0x0 oops 0 methods 0
ciMethodData com/android/tools/r8/utils/Q3 <init> (I)V 2 614144 orig 80 0 0 0 0 0 0 0 0 0 0 0 0 0 0 0 0 0 0 0 0 0 0 0 0 0 0 0 0 0 0 0 0 0 0 0 0 0 0 0 0 0 0 0 0 0 0 0 0 0 0 0 0 0 0 0 0 0 0 0 0 0 0 0 0 0 0 0 0 0 0 0 0 0 0 0 0 0 0 0 0 data 23 0x20007 0x95e1c 0x48 0x0 0xa0002 0x0 0xd0003 0x0 0x28 0x100002 0x95e1f 0x160002 0x95ee1 0x0 0x0 0x0 0x0 0x0 0x0 0x9 0x2 0x6 0x0 oops 0 methods 0
ciMethodData com/android/tools/r8/internal/f20 A ()Z 2 239723 orig 80 0 0 0 0 0 0 0 0 0 0 0 0 0 0 0 0 0 0 0 0 0 0 0 0 0 0 0 0 0 0 0 0 0 0 0 0 0 0 0 0 0 0 0 0 0 0 0 0 0 0 0 0 0 0 0 0 0 0 0 0 0 0 0 0 0 0 0 0 0 0 0 0 0 0 0 0 0 0 0 0 data 16 0x40005 0x0 0x0 0x681a6b90 0x3a7ea 0x0 0x0 0x0 0x0 0x0 0x0 0x0 0x0 0x9 0x1 0x0 oops 1 3 java/util/LinkedList methods 0
ciMethodData com/android/tools/r8/internal/f20 v ()Z 2 306546 orig 80 0 0 0 0 0 0 0 0 0 0 0 0 0 0 0 0 0 0 0 0 0 0 0 0 0 0 0 0 0 0 0 0 0 0 0 0 0 0 0 0 0 0 0 0 0 0 0 0 0 0 0 0 0 0 0 0 0 0 0 0 0 0 0 0 0 0 0 0 0 0 0 0 0 0 0 0 0 0 0 0 data 27 0x60007 0x3b945 0x90 0xf3da 0xd0005 0x0 0x0 0x642729e0 0xf3d8 0x0 0x0 0x120007 0x5202 0x38 0xa1da 0x160003 0xa1da 0x18 0x0 0x0 0x0 0x0 0x0 0x0 0x9 0x1 0x0 oops 1 7 java/util/Collections$SetFromMap methods 0
ciMethodData com/android/tools/r8/internal/cT contains (Ljava/lang/Object;)Z 2 161747 orig 80 0 0 0 0 0 0 0 0 0 0 0 0 0 0 0 0 0 0 0 0 0 0 0 0 0 0 0 0 0 0 0 0 0 0 0 0 0 0 0 0 0 0 0 0 0 0 0 0 0 0 0 0 0 0 0 0 0 0 0 0 0 0 0 0 0 0 0 0 0 0 0 0 0 0 0 0 0 0 0 0 data 41 0x60007 0x0 0xf8 0x276d1 0xb0007 0xd31c 0x38 0x1a3c0 0xe0003 0x1a3c0 0xb8 0x120002 0xd31d 0x230007 0x10dc4 0x20 0x94f3 0x2b0005 0x3289 0x0 0x6854c860 0x5bf7 0x6819d880 0x7f56 0x2e0007 0xcf9c 0x20 0x3e2e 0x360003 0xcf9c 0xffffffffffffff88 0x0 0x0 0x0 0x0 0x0 0x0 0x9 0x2 0x0 0xffffffffffffffff oops 2 20 com/android/tools/r8/graph/E2 22 com/android/tools/r8/graph/s2 methods 0
ciMethodData com/android/tools/r8/internal/hl a (Ljava/lang/Object;)I 2 112191 orig 80 0 0 0 0 0 0 0 0 0 0 0 0 0 0 0 0 0 0 0 0 0 0 0 0 0 0 0 0 0 0 0 0 0 0 0 0 0 0 0 0 0 0 0 0 0 0 0 0 0 0 0 0 0 0 0 0 0 0 0 0 0 0 0 0 0 0 0 0 0 0 0 0 0 0 0 0 0 0 0 0 data 25 0x10007 0x1b58b 0x38 0x0 0x50003 0x0 0x50 0x90005 0x122e6 0x0 0x6854c860 0x3d20 0x6819d880 0x5592 0xc0002 0x1b586 0x0 0x0 0x0 0x0 0x0 0x0 0x9 0x1 0xffffffffffffffff oops 2 10 com/android/tools/r8/graph/E2 12 com/android/tools/r8/graph/s2 methods 0
ciMethodData com/android/tools/r8/internal/KB a (Lcom/android/tools/r8/graph/s2;Ljava/util/List;)Z 2 81063 orig 80 0 0 0 0 0 0 0 0 0 0 0 0 0 0 0 0 0 0 0 0 0 0 0 0 0 0 0 0 0 0 0 0 0 0 0 0 0 0 0 1 0 0 0 0 0 0 0 0 0 0 0 0 0 0 0 0 0 0 0 0 0 0 0 0 0 0 0 0 0 0 0 0 0 0 0 0 0 0 0 0 data 59 0x50005 0x0 0x0 0x681a7060 0x1349d 0x0 0x0 0xa0007 0x1a28 0x148 0x11a78 0x120002 0x11a78 0x160005 0x0 0x0 0x642b5c30 0x11a79 0x0 0x0 0x1b0007 0x11a69 0x20 0x13 0x210004 0x0 0x0 0x642b5ce0 0x11a68 0x642b5d90 0x11 0x260005 0x2 0x0 0x642b5ce0 0x11a68 0x642b5d90 0x11 0x80000006002b0007 0x11a7b 0x38 0x2 0x2e0003 0x2 0x30 0x320003 0x11a7c 0x18 0x0 0x0 0x0 0x0 0x0 0x0 0x9 0x3 0x0 0x0 0x0 oops 6 3 com/android/tools/r8/internal/cT 16 com/android/tools/r8/internal/ZS 27 com/android/tools/r8/utils/H$$Lambda$399+0x0000000020202930 29 com/android/tools/r8/internal/KB$$Lambda$122+0x0000000020122160 34 com/android/tools/r8/utils/H$$Lambda$399+0x0000000020202930 36 com/android/tools/r8/internal/KB$$Lambda$122+0x0000000020122160 methods 0
ciMethodData com/android/tools/r8/utils/Q3 a ()Ljava/util/Set; 2 1465 orig 80 0 0 0 0 0 0 0 0 0 0 0 0 0 0 0 0 0 0 0 0 0 0 0 0 0 0 0 0 0 0 0 0 0 0 0 0 0 0 0 0 0 0 0 0 0 0 0 0 0 0 0 0 0 0 0 0 0 0 0 0 0 0 0 0 0 0 0 0 0 0 0 0 0 0 0 0 0 0 0 0 data 11 0x40002 0x56d 0x0 0x0 0x0 0x0 0x0 0x0 0x9 0x1 0x0 oops 0 methods 0
ciMethodData com/android/tools/r8/internal/cM a (Lcom/android/tools/r8/internal/Kl;Ljava/util/Set;)Z 2 1017139 orig 80 1 0 0 0 0 0 0 0 0 0 0 0 0 0 0 0 0 0 0 0 0 0 0 0 0 0 0 0 0 0 0 0 0 0 0 0 0 0 0 1 0 0 0 0 0 0 0 0 0 0 0 0 0 0 0 0 0 0 0 0 0 0 0 0 0 0 0 0 0 0 0 0 0 0 0 0 0 0 0 0 data 510 0x60005 0x0 0x0 0x64040470 0x7b82 0x0 0x0 0xd0005 0x0 0x0 0x681a71c0 0x1930a 0x0 0x0 0x120007 0x50ea 0x1c0 0x14232 0x170005 0x0 0x0 0x681a71c0 0x14232 0x0 0x0 0x1c0004 0x0 0x0 0x681a7270 0xda6c 0x681a7320 0x67d2 0x230007 0x8a75 0xffffffffffffff38 0xb7cc 0x290007 0xa611 0x38 0x11bd 0x2c0003 0x11bd 0xfffffffffffffef8 0x300007 0x7b83 0xc0 0x2a97 0x360007 0x2a97 0xa0 0x0 0x3a0005 0x0 0x0 0x0 0x0 0x0 0x0 0x3d0007 0x0 0x38 0x0 0x400003 0x0 0x28 0x470002 0x0 0x500003 0x7b83 0xfffffffffffffe20 0x590007 0x50ea 0xa0 0x0 0x5d0005 0x0 0x0 0x0 0x0 0x0 0x0 0x600007 0x0 0x38 0x0 0x630003 0x0 0x28 0x6a0002 0x0 0x6f0007 0x50ea 0x20 0x0 0x750005 0x50ea 0x0 0x0 0x0 0x0 0x0 0x790005 0x50ea 0x0 0x0 0x0 0x0 0x0 0x7c0007 0x5035 0x268 0xb5 0x800005 0xb5 0x0 0x0 0x0 0x0 0x0 0x830007 0x0 0x38 0xb5 0x860003 0xb5 0x1f0 0x8a0005 0x0 0x0 0x0 0x0 0x0 0x0 0x8d0007 0x0 0xa8 0x0 0x920005 0x0 0x0 0x0 0x0 0x0 0x0 0x950005 0x0 0x0 0x0 0x0 0x0 0x0 0x980003 0x0 0x110 0x9d0007 0x0 0xf8 0x0 0xa10005 0x0 0x0 0x0 0x0 0x0 0x0 0xa40007 0x0 0x90 0x0 0xa80005 0x0 0x0 0x0 0x0 0x0 0x0 0xab0007 0x0 0x38 0x0 0xae0003 0x0 0x28 0xb50002 0x0 0xbc0007 0x32 0x1f8 0x50b8 0xc30005 0x50b8 0x0 0x0 0x0 0x0 0x0 0xc60007 0x0 0x1a0 0x50b8 0xce0005 0x50b8 0x0 0x0 0x0 0x0 0x0 0xd20004 0xffffffffffffaf5e 0x0 0x642742d0 0xb 0x64274380 0x2d 0x8000000600d50007 0x17 0x110 0x50a2 0xdf0002 0x50a2 0xe70005 0x0 0x0 0x687a15a0 0x50a3 0x0 0x0 0xea0004 0x0 0x0 0x6819d880 0x50a4 0x0 0x0 0xfa0005 0x0 0x0 0x681a7110 0x50a4 0x0 0x0 0x1080005 0x0 0x0 0x681a7270 0x3c40 0x681a7320 0x1465 0x10c0007 0x50bc 0x90 0x32 0x1110005 0x32 0x0 0x0 0x0 0x0 0x0 0x1140005 0x0 0x0 0x642729e0 0x32 0x0 0x0 0x11e0005 0x0 0x0 0x64040470 0x50ee 0x0 0x0 0x1250005 0x0 0x0 0x681a71c0 0x134d3 0x0 0x0 0x12a0007 0x50ee 0xe0 0xe3f9 0x12f0005 0x0 0x0 0x681a71c0 0xe3f9 0x0 0x0 0x1340004 0x0 0x0 0x681a7270 0x97db 0x681a7320 0x4c21 0x13c0005 0x0 0x0 0x681a6b90 0xe3fa 0x0 0x0 0x1440003 0xe3fb 0xffffffffffffff00 0x14e0007 0x32 0x3c8 0x50bc 0x1530005 0x0 0x0 0x64040470 0x50bc 0x0 0x0 0x15a0005 0x0 0x0 0x681a71c0 0x144c6 0x0 0x0 0x15f0007 0x50ba 0x338 0xf422 0x1640005 0x0 0x0 0x681a71c0 0xf423 0x0 0x0 0x1690004 0x0 0x0 0x681a7a00 0xf423 0x0 0x0 0x16f0005 0x0 0x0 0x681a7a00 0xf423 0x0 0x0 0x1740005 0x0 0x0 0x64274430 0xf41f 0x0 0x0 0x17d0005 0x0 0x0 0x642744e0 0x9924f 0x0 0x0 0x1820007 0xf41a 0xfffffffffffffe90 0x89ea6 0x1870005 0x0 0x0 0x642744e0 0x89ea6 0x0 0x0 0x18c0004 0x0 0x0 0x66432180 0x89eb2 0x0 0x0 0x1920005 0x0 0x0 0x66432180 0x89eb3 0x0 0x0 0x1980007 0x7be4b 0xffffffffffffff00 0xe0d8 0x19f0005 0x0 0x0 0x66432180 0xe0d7 0x0 0x0 0x1a50005 0x0 0x0 0x681a7270 0xbbf2 0x681a7320 0x24ea 0x1a80007 0xbbf1 0xfffffffffffffe70 0x24ea 0x1ac0005 0x0 0x0 0x681a7320 0x24ea 0x0 0x0 0x1b40005 0x0 0x0 0x64040470 0x24ea 0x0 0x0 0x1b80003 0x24ea 0xfffffffffffffde0 0x1bc0005 0x50ec 0x0 0x0 0x0 0x0 0x0 0x1c10005 0x0 0x0 0x681a7320 0x50d5 0x6561b460 0x17 0x1c40005 0x0 0x0 0x681a7060 0x4563 0x64274590 0xb90 0x1cb0005 0x0 0x0 0x64274640 0x463d 0x642746f0 0x171f 0x1d00007 0x50f2 0xe0 0xc6a 0x1d40005 0x0 0x0 0x642746f0 0xb90 0x64274640 0xda 0x1d90004 0x0 0x0 0x681a7320 0xc6a 0x0 0x0 0x1de0005 0xc6a 0x0 0x0 0x0 0x0 0x0 0x1e20003 0xc69 0xffffffffffffff00 0x1ea0005 0x50f2 0x0 0x0 0x0 0x0 0x0 0x0 0x0 0x0 0x0 0x0 0x0 0x0 0x0 0x0 0x0 0x0 0x0 0x0 0x9 0x3 0x0 0x0 0x0 oops 43 3 java/util/ArrayList 10 java/util/ArrayList$Itr 21 java/util/ArrayList$Itr 28 com/android/tools/r8/internal/f20 30 com/android/tools/r8/internal/dM 210 com/android/tools/r8/internal/og 212 com/android/tools/r8/internal/mb 223 com/android/tools/r8/graph/A5 230 com/android/tools/r8/graph/s2 237 com/android/tools/r8/graph/w 244 com/android/tools/r8/internal/f20 246 com/android/tools/r8/internal/dM 262 java/util/Collections$SetFromMap 269 java/util/ArrayList 276 java/util/ArrayList$Itr 287 java/util/ArrayList$Itr 294 com/android/tools/r8/internal/f20 296 com/android/tools/r8/internal/dM 301 java/util/LinkedList 315 java/util/ArrayList 322 java/util/ArrayList$Itr 333 java/util/ArrayList$Itr 340 java/util/HashMap 347 java/util/HashMap 354 java/util/HashMap$EntrySet 361 java/util/HashMap$EntryIterator 372 java/util/HashMap$EntryIterator 379 java/util/HashMap$Node 386 java/util/HashMap$Node 397 java/util/HashMap$Node 404 com/android/tools/r8/internal/f20 406 com/android/tools/r8/internal/dM 415 com/android/tools/r8/internal/dM 422 java/util/ArrayList 439 com/android/tools/r8/internal/dM 441 com/android/tools/r8/internal/cM 446 com/android/tools/r8/internal/cT 448 com/android/tools/r8/internal/JV 453 com/android/tools/r8/internal/Mt 455 com/android/tools/r8/internal/Lt 464 com/android/tools/r8/internal/Lt 466 com/android/tools/r8/internal/Mt 471 com/android/tools/r8/internal/dM methods 0
ciMethodData com/android/tools/r8/internal/f20 f (Lcom/android/tools/r8/internal/f20;)V 2 228921 orig 80 0 0 0 0 0 0 0 0 0 0 0 0 0 0 0 0 0 0 0 0 0 0 0 0 0 0 0 0 0 0 0 0 0 0 0 0 0 0 0 0 0 0 0 0 0 0 0 0 0 0 0 0 0 0 0 0 0 0 0 0 0 0 0 0 0 0 0 0 0 0 0 0 0 0 0 0 0 0 0 0 data 17 0x30005 0x37dca 0x0 0x0 0x0 0x0 0x0 0x0 0x0 0x0 0x0 0x0 0x0 0x9 0x2 0xffffffffffffffff 0xffffffffffffffff oops 0 methods 0
ciMethodData com/android/tools/r8/internal/f20 a (Lcom/android/tools/r8/internal/f20;Ljava/util/Set;)V 2 288651 orig 80 1 0 0 0 0 0 0 0 0 0 0 0 0 0 0 0 0 0 0 0 4 0 0 0 0 0 0 0 0 0 0 0 0 0 0 0 0 0 0 0 0 0 0 0 0 0 0 0 0 0 0 0 0 0 0 0 0 0 0 0 0 0 0 0 0 0 0 0 0 0 0 0 0 0 0 0 0 0 0 0 data 173 0x20007 0x34772 0x20 0x0 0x70005 0x0 0x0 0x681a7320 0x1fdb6 0x681a7270 0x149c9 0xa0005 0x0 0x0 0x681a7060 0x241f2 0x64274590 0x10591 0x110005 0x0 0x0 0x64274640 0x3b760 0x642746f0 0x20b16 0x160007 0x34766 0xe0 0x27b19 0x1a0005 0x0 0x0 0x64274640 0x17593 0x642746f0 0x10593 0x1f0004 0x0 0x0 0x64275030 0x23cb 0x681a6fb0 0x80c1 0x250005 0x27b17 0x0 0x0 0x0 0x0 0x0 0x280003 0x27b11 0xffffffffffffff00 0x2c0005 0x34768 0x0 0x0 0x0 0x0 0x0 0x2f0005 0x0 0x0 0x681a7060 0x2bcab 0x64274590 0x8aca 0x360005 0x0 0x0 0x64274640 0x2cfc0 0x642746f0 0x11594 0x3b0007 0x34763 0xe0 0x9de0 0x3f0005 0x0 0x0 0x642746f0 0x8ac9 0x64274640 0x1317 0x8000000400440004 0x0 0x0 0x681a7320 0x9dd4 0x6561b460 0x10 0x4a0005 0x9de4 0x0 0x0 0x0 0x0 0x0 0x4d0003 0x9de2 0xffffffffffffff00 0x560007 0xfe13 0x1a8 0x24966 0x5d0005 0x0 0x0 0x642729e0 0x2496a 0x0 0x0 0x640005 0x0 0x0 0x642750e0 0x3978b 0x0 0x0 0x690007 0x2496b 0xe0 0x14e4b 0x6d0005 0x0 0x0 0x642750e0 0x14e48 0x0 0x0 0x720004 0x0 0x0 0x64275190 0xbe85 0x64275240 0x22c 0x770005 0x14e47 0x0 0x0 0x0 0x0 0x0 0x7a0003 0x14e4c 0xffffffffffffff00 0x840005 0x0 0x0 0x642729e0 0x2496c 0x0 0x0 0x8a0005 0x3477e 0x0 0x0 0x0 0x0 0x0 0x0 0x0 0x0 0x0 0x0 0x0 0x9 0x3 0x0 0x0 0x0 oops 24 7 com/android/tools/r8/internal/dM 9 com/android/tools/r8/internal/f20 14 com/android/tools/r8/internal/cT 16 com/android/tools/r8/internal/JV 21 com/android/tools/r8/internal/Mt 23 com/android/tools/r8/internal/Lt 32 com/android/tools/r8/internal/Mt 34 com/android/tools/r8/internal/Lt 39 com/android/tools/r8/internal/Co 41 com/android/tools/r8/internal/xt 63 com/android/tools/r8/internal/cT 65 com/android/tools/r8/internal/JV 70 com/android/tools/r8/internal/Mt 72 com/android/tools/r8/internal/Lt 81 com/android/tools/r8/internal/Lt 83 com/android/tools/r8/internal/Mt 88 com/android/tools/r8/internal/dM 90 com/android/tools/r8/internal/cM 109 java/util/Collections$SetFromMap 116 java/util/IdentityHashMap$KeyIterator 127 java/util/IdentityHashMap$KeyIterator 134 com/android/tools/r8/internal/mU 136 com/android/tools/r8/internal/et 151 java/util/Collections$SetFromMap methods 0
ciMethodData com/android/tools/r8/internal/Nl w ()V 2 342151 orig 80 0 0 0 0 0 0 0 0 0 0 0 0 0 0 0 0 0 0 0 0 0 0 0 0 0 0 0 0 0 0 0 0 0 0 0 0 0 0 0 0 0 0 0 0 0 0 0 0 0 0 0 0 0 0 0 0 0 0 0 0 0 0 0 0 0 0 0 0 0 0 0 0 0 0 0 0 0 0 0 0 data 444 0x60002 0x10611 0xc0005 0x0 0x0 0x681a6b90 0x10615 0x0 0x0 0x110005 0x0 0x0 0x681a6c40 0x622e4 0x0 0x0 0x160007 0x10610 0xce0 0x51d5a 0x1a0005 0x0 0x0 0x681a6c40 0x51d5a 0x0 0x0 0x1f0004 0x0 0x0 0x681a6cf0 0x51d5c 0x0 0x0 0x290007 0x51d5d 0xa0 0x0 0x2e0005 0x0 0x0 0x0 0x0 0x0 0x0 0x310007 0x0 0x38 0x0 0x340003 0x0 0x28 0x3b0002 0x0 0x400005 0x51d5d 0x0 0x0 0x0 0x0 0x0 0x430007 0x2d0e9 0xfffffffffffffe60 0x24cd6 0x470005 0x24cd6 0x0 0x0 0x0 0x0 0x0 0x4a0005 0x0 0x0 0x681a6cf0 0x24cdf 0x0 0x0 0x4d0005 0x0 0x0 0x658d9710 0x24ce5 0x0 0x0 0x530007 0x2372d 0xfffffffffffffd98 0x15b9 0x570005 0x0 0x0 0x681a6cf0 0x15b9 0x0 0x0 0x5a0005 0x0 0x0 0x681a6b90 0x15b9 0x0 0x0 0x5e0007 0x15b7 0xfffffffffffffd08 0x2 0x620005 0x0 0x0 0x681a6cf0 0x2 0x0 0x0 0x650005 0x0 0x0 0x658d97c0 0x2 0x0 0x0 0x680007 0x0 0xfffffffffffffc78 0x2 0x6c0005 0x0 0x0 0x681a6cf0 0x2 0x0 0x0 0x6f0005 0x2 0x0 0x0 0x0 0x0 0x0 0x720005 0x0 0x0 0x681a7060 0x2 0x0 0x0 0x770007 0x0 0xfffffffffffffbb0 0x2 0x7b0005 0x0 0x0 0x681a6cf0 0x2 0x0 0x0 0x7e0005 0x0 0x0 0x658d9710 0x2 0x0 0x0 0x830007 0x0 0xfffffffffffffb20 0x2 0x880007 0x2 0x110 0x0 0x8c0005 0x0 0x0 0x0 0x0 0x0 0x0 0x8f0005 0x0 0x0 0x0 0x0 0x0 0x0 0x920005 0x0 0x0 0x0 0x0 0x0 0x0 0x980007 0x0 0x38 0x0 0x9b0003 0x0 0x28 0xa20002 0x0 0xa80007 0x2 0x110 0x0 0xac0005 0x0 0x0 0x0 0x0 0x0 0x0 0xaf0005 0x0 0x0 0x0 0x0 0x0 0x0 0xb30005 0x0 0x0 0x0 0x0 0x0 0x0 0xb90007 0x0 0x38 0x0 0xbc0003 0x0 0x28 0xc30002 0x0 0xc90007 0x2 0x110 0x0 0xcd0005 0x0 0x0 0x0 0x0 0x0 0x0 0xd00005 0x0 0x0 0x0 0x0 0x0 0x0 0xd30005 0x0 0x0 0x0 0x0 0x0 0x0 0xd80007 0x0 0x38 0x0 0xdb0003 0x0 0x28 0xe20002 0x0 0xe80005 0x2 0x0 0x0 0x0 0x0 0x0 0xf00005 0x0 0x0 0x681a6cf0 0x2 0x0 0x0 0xf30005 0x0 0x0 0x64040470 0x2 0x0 0x0 0xf80005 0x0 0x0 0x681a6cf0 0x2 0x0 0x0 0xfc0005 0x0 0x0 0x681a6cf0 0x2 0x0 0x0 0xff0005 0x0 0x0 0x64040470 0x2 0x0 0x0 0x1050005 0x0 0x0 0x681a6cf0 0x2 0x0 0x0 0x1090005 0x0 0x0 0x681a6cf0 0x2 0x0 0x0 0x10c0005 0x0 0x0 0x64040470 0x2 0x0 0x0 0x1120005 0x0 0x0 0x681a6cf0 0x2 0x0 0x0 0x116000a 0x0 0x3 0x0 0x0 0x658d9870 0x11b0005 0x0 0x0 0x64040470 0x2 0x0 0x0 0x1210005 0x0 0x0 0x681a6cf0 0x2 0x0 0x0 0x127000a 0x0 0x5 0x0 0x0 0x1 0x0 0x658d9920 0x12c0005 0x0 0x0 0x658d9710 0x2 0x0 0x0 0x1320005 0x0 0x0 0x681a6cf0 0x2 0x0 0x0 0x1350005 0x0 0x0 0x64040470 0x2 0x0 0x0 0x13b0005 0x0 0x0 0x681a6cf0 0x2 0x0 0x0 0x13e0005 0x0 0x0 0x64040470 0x2 0x0 0x0 0x1440005 0x0 0x0 0x681a6cf0 0x2 0x0 0x0 0x1470005 0x0 0x0 0x64040470 0x2 0x0 0x0 0x14d0005 0x0 0x0 0x64040470 0x2 0x0 0x0 0x1510003 0x2 0xfffffffffffff300 0x1590005 0x0 0x0 0x681a6b90 0x10611 0x0 0x0 0x0 0x0 0x0 0x0 0x0 0x0 0x9 0x1 0x0 oops 36 5 java/util/LinkedList 12 java/util/LinkedList$ListItr 23 java/util/LinkedList$ListItr 30 com/android/tools/r8/internal/J4 75 com/android/tools/r8/internal/J4 82 java/util/Collections$UnmodifiableRandomAccessList 93 com/android/tools/r8/internal/J4 100 java/util/LinkedList 111 com/android/tools/r8/internal/J4 118 com/android/tools/r8/internal/xk 129 com/android/tools/r8/internal/J4 143 com/android/tools/r8/internal/cT 154 com/android/tools/r8/internal/J4 161 java/util/Collections$UnmodifiableRandomAccessList 281 com/android/tools/r8/internal/J4 288 java/util/ArrayList 295 com/android/tools/r8/internal/J4 302 com/android/tools/r8/internal/J4 309 java/util/ArrayList 316 com/android/tools/r8/internal/J4 323 com/android/tools/r8/internal/J4 330 java/util/ArrayList 337 com/android/tools/r8/internal/J4 346 com/android/tools/r8/internal/Nl$$Lambda$631+0x0000000020298a00 350 java/util/ArrayList 357 com/android/tools/r8/internal/J4 368 com/android/tools/r8/internal/Nl$$Lambda$632+0x0000000020298c30 372 java/util/Collections$UnmodifiableRandomAccessList 379 com/android/tools/r8/internal/J4 386 java/util/ArrayList 393 com/android/tools/r8/internal/J4 400 java/util/ArrayList 407 com/android/tools/r8/internal/J4 414 java/util/ArrayList 421 java/util/ArrayList 431 java/util/LinkedList methods 0
ciMethodData com/android/tools/r8/internal/f20 c ()V 2 222542 orig 80 0 0 0 0 0 0 0 0 0 0 0 0 0 0 0 0 0 0 0 0 0 0 0 0 0 0 0 0 0 0 0 0 0 0 0 0 0 0 0 0 0 0 0 0 0 0 0 0 0 0 0 0 0 0 0 0 0 0 0 0 0 0 0 0 0 0 0 0 0 0 0 0 0 0 0 0 0 0 0 0 data 34 0x70005 0x0 0x0 0x681a6b90 0x364c8 0x0 0x0 0x110005 0x0 0x0 0x681a6b90 0x364ca 0x0 0x0 0x1d0007 0x119bf 0x58 0x24b16 0x240005 0x0 0x0 0x642729e0 0x24b16 0x0 0x0 0x0 0x0 0x0 0x0 0x0 0x0 0x9 0x1 0x30 oops 3 3 java/util/LinkedList 10 java/util/LinkedList 21 java/util/Collections$SetFromMap methods 0
ciMethodData com/android/tools/r8/utils/Q3 b (Ljava/lang/Iterable;)V 2 61300 orig 80 0 0 0 0 0 0 0 0 0 0 0 0 0 0 0 0 0 0 0 0 0 0 0 0 0 0 0 0 0 0 0 0 0 0 0 0 0 0 0 0 0 0 0 0 0 0 0 0 0 0 0 0 0 0 0 0 0 0 0 0 0 0 0 0 0 0 0 0 0 0 0 0 0 0 0 0 0 0 0 0 data 23 0x2000a 0xde96 0x3 0x0 0x66832410 0x658d6da0 0x70005 0x2e4c 0x0 0x681a6b90 0xadda 0x64040470 0x274 0x0 0x0 0x0 0x0 0x0 0x0 0x9 0x2 0x0 0xffffffffffffffff oops 4 4 com/android/tools/r8/utils/Q3 5 com/android/tools/r8/utils/Q3$$Lambda$381+0x00000000201f5ba8 9 java/util/LinkedList 11 java/util/ArrayList methods 0
ciMethodData com/android/tools/r8/internal/Nl a (Lcom/android/tools/r8/internal/Kl;Ljava/util/Set;)Z 2 393679 orig 80 0 0 0 0 0 0 0 0 0 0 0 0 0 0 0 0 0 0 0 0 0 0 0 0 0 0 0 0 0 0 0 0 0 0 0 0 0 0 0 0 0 0 0 0 0 0 0 0 0 0 0 0 0 0 0 0 0 0 0 0 0 0 0 0 0 0 0 0 0 0 0 0 0 0 0 0 0 0 0 0 data 191 0x60005 0x0 0x0 0x681a6b90 0xef4c 0x0 0x0 0xb0005 0x0 0x0 0x681a6c40 0x649db 0x0 0x0 0x100007 0xef4d 0x530 0x55ab3 0x140005 0x0 0x0 0x681a6c40 0x55ab3 0x0 0x0 0x190004 0x0 0x0 0x681a6cf0 0x55abb 0x0 0x0 0x240005 0x0 0x0 0x681a6cf0 0x55ab6 0x0 0x0 0x270002 0x55ab6 0x2a0005 0x0 0x0 0x64040470 0x55ab6 0x0 0x0 0x310005 0x0 0x0 0x681a71c0 0x5ed8c 0x0 0x0 0x360007 0x55ab0 0xfffffffffffffe80 0x92eb 0x3b0005 0x0 0x0 0x681a71c0 0x92eb 0x0 0x0 0x400004 0x0 0x0 0x681a7320 0x92e0 0x6561b460 0xb 0x500002 0x92eb 0x530005 0x0 0x0 0x66832410 0x92eb 0x0 0x0 0x590005 0x0 0x0 0x66832410 0xa5d5 0x0 0x0 0x5c0007 0x48f 0x230 0xa148 0x610005 0x0 0x0 0x66832410 0xa148 0x0 0x0 0x640004 0x0 0x0 0x681a7320 0xa13d 0x6561b460 0xb 0x6a0005 0x0 0x0 0x681a7320 0xa13d 0x6561b460 0xb 0x6d0007 0x8387 0x118 0x1dc0 0x720005 0x1dc0 0x0 0x0 0x0 0x0 0x0 0x750007 0x12ec 0x38 0xad4 0x780003 0xad4 0xa0 0x7f0005 0x12ec 0x0 0x0 0x0 0x0 0x0 0x820005 0x0 0x0 0x66832410 0x12ec 0x0 0x0 0x850003 0x12ec 0xfffffffffffffe00 0x8d0005 0x8e5b 0x0 0x0 0x0 0x0 0x0 0x920003 0x8e5b 0xfffffffffffffca0 0x970005 0x0 0x0 0x66832410 0x48f 0x0 0x0 0x9a000a 0x0 0x1 0x65bb18b0 0x9f0005 0x0 0x0 0x65bb1960 0x48f 0x0 0x0 0xa60003 0x48f 0xfffffffffffffbf8 0x0 0x0 0x0 0x0 0x0 0x0 0x9 0x3 0x0 0x0 0x0 oops 21 3 java/util/LinkedList 10 java/util/LinkedList$ListItr 21 java/util/LinkedList$ListItr 28 com/android/tools/r8/internal/J4 35 com/android/tools/r8/internal/J4 44 java/util/ArrayList 51 java/util/ArrayList$Itr 62 java/util/ArrayList$Itr 69 com/android/tools/r8/internal/dM 71 com/android/tools/r8/internal/cM 78 com/android/tools/r8/utils/Q3 85 com/android/tools/r8/utils/Q3 96 com/android/tools/r8/utils/Q3 103 com/android/tools/r8/internal/dM 105 com/android/tools/r8/internal/cM 110 com/android/tools/r8/internal/dM 112 com/android/tools/r8/internal/cM 142 com/android/tools/r8/utils/Q3 162 com/android/tools/r8/utils/Q3 169 com/android/tools/r8/internal/Nl$$Lambda$568+0x000000002027b3b0 173 java/util/Collections$UnmodifiableSet methods 0
ciMethodData com/android/tools/r8/internal/M4 r ()V 2 162706 orig 80 0 0 0 0 0 0 0 0 0 0 0 0 0 0 0 0 0 0 0 0 0 0 0 0 0 0 0 0 0 0 0 0 0 0 0 0 0 0 0 0 0 0 0 0 0 0 0 0 0 0 0 0 0 0 0 0 0 0 0 0 0 0 0 0 0 0 0 0 0 0 0 0 0 0 0 0 0 0 0 0 data 52 0x60007 0x0 0x148 0x27b20 0xa0005 0x27b1f 0x0 0x0 0x0 0x0 0x0 0xd0005 0x0 0x0 0x681a7060 0x264c3 0x642729e0 0x1660 0x120007 0x97 0x70 0x27a7f 0x160005 0x27a85 0x0 0x0 0x0 0x0 0x0 0x190003 0x27a8c 0x60 0x220002 0x97 0x270005 0x97 0x0 0x0 0x0 0x0 0x0 0x2f0002 0x0 0x0 0x0 0x0 0x0 0x0 0x0 0x9 0x1 0xffffffffffffffff oops 2 14 com/android/tools/r8/internal/cT 16 java/util/Collections$SetFromMap methods 0
ciMethodData com/android/tools/r8/internal/Ko a (Lcom/android/tools/r8/internal/f20;Lcom/android/tools/r8/internal/f20;)V 2 86018 orig 80 0 0 0 0 0 0 0 0 0 0 0 0 0 0 0 0 0 0 0 0 0 0 0 0 0 0 0 0 0 0 0 0 0 0 0 0 0 0 0 0 0 0 0 0 0 0 0 0 0 0 0 0 0 0 0 0 0 0 0 0 0 0 0 0 0 0 0 0 0 0 0 0 0 0 0 0 0 0 0 0 data 142 0x50007 0x14faf 0xa0 0x0 0x90005 0x0 0x0 0x0 0x0 0x0 0x0 0xc0007 0x0 0x38 0x0 0xf0003 0x0 0x28 0x160002 0x0 0x1b0007 0x14faf 0xa0 0x0 0x1f0005 0x0 0x0 0x0 0x0 0x0 0x0 0x220007 0x0 0x38 0x0 0x250003 0x0 0x28 0x2c0002 0x0 0x310007 0x14faf 0x188 0x0 0x350005 0x0 0x0 0x0 0x0 0x0 0x0 0x390005 0x0 0x0 0x0 0x0 0x0 0x0 0x3c0007 0x0 0x38 0x0 0x3f0003 0x0 0xd8 0x470005 0x0 0x0 0x0 0x0 0x0 0x0 0x4b0005 0x0 0x0 0x0 0x0 0x0 0x0 0x4e000a 0x0 0x5 0x0 0x0 0x1 0x0 0x0 0x530002 0x0 0x5d0005 0x0 0x0 0x642729e0 0x14faf 0x0 0x0 0x630007 0x14fb0 0x68 0x0 0x670007 0x0 0x38 0x0 0x6a0003 0x0 0x28 0x710002 0x0 0x760007 0x0 0xb0 0x14fb1 0x7a0005 0x14fb1 0x0 0x0 0x0 0x0 0x0 0x7d0007 0x0 0x58 0x14fb1 0x820005 0x0 0x0 0x681a7270 0x1355f 0x681a7320 0x1a53 0x0 0x0 0x0 0x0 0x0 0x0 0x9 0x3 0xffffffffffffffff 0xffffffffffffffff 0xffffffffffffffff oops 3 92 java/util/Collections$SetFromMap 127 com/android/tools/r8/internal/f20 129 com/android/tools/r8/internal/dM methods 0
ciMethodData com/android/tools/r8/internal/cM a (Lcom/android/tools/r8/internal/f20;Lcom/android/tools/r8/internal/f20;Ljava/util/Set;)V 2 135010 orig 80 0 0 0 0 0 0 0 0 0 0 0 0 0 0 0 0 0 0 0 0 0 0 0 0 0 0 0 0 0 0 0 0 0 0 0 0 0 0 0 0 0 0 0 0 0 0 0 0 0 0 0 0 0 0 0 0 0 0 0 0 0 0 0 0 0 0 0 0 0 0 0 0 0 0 0 0 0 0 0 0 data 62 0x90005 0x0 0x0 0x64040470 0x28ff6 0x0 0x0 0xc0007 0x95f7 0x100 0x1f9ff 0x150005 0x0 0x0 0x64040470 0x1f9ff 0x0 0x0 0x190007 0x14f6b 0x90 0xaa95 0x250005 0x0 0x0 0x64040470 0xaa95 0x0 0x0 0x2d0005 0x0 0x0 0x681a6b90 0xaa96 0x0 0x0 0x380003 0x1f9ff 0xfffffffffffffee0 0x3c0007 0x95aa 0x58 0x4d 0x410005 0x0 0x0 0x68f55ea0 0x4d 0x0 0x0 0x0 0x0 0x0 0x0 0x0 0x0 0x9 0x4 0xffffffffffffffff 0x0 0x20 0xffffffffffffffff oops 5 3 java/util/ArrayList 14 java/util/ArrayList 25 java/util/ArrayList 32 java/util/LinkedList 46 com/android/tools/r8/ir/optimize/a methods 0
ciMethodData com/android/tools/r8/internal/GJ <init> (Lcom/android/tools/r8/internal/Nk;)V 2 81148 orig 80 0 0 0 0 0 0 0 0 0 0 0 0 0 0 0 0 0 0 0 0 0 0 0 0 0 0 0 0 0 0 0 0 0 0 0 0 0 0 0 0 0 0 0 0 0 0 0 0 0 0 0 0 0 0 0 0 0 0 0 0 0 0 0 0 0 0 0 0 0 0 0 0 0 0 0 0 0 0 0 0 data 16 0xe0002 0x13b58 0x1d0002 0x13b5b 0x2f0002 0x13b5c 0x0 0x0 0x0 0x0 0x0 0x0 0x9 0x2 0x0 0x0 oops 0 methods 0
ciMethodData com/android/tools/r8/internal/GJ isEmpty ()Z 2 81150 orig 80 0 0 0 0 0 0 0 0 0 0 0 0 0 0 0 0 0 0 0 0 0 0 0 0 0 0 0 0 0 0 0 0 0 0 0 0 0 0 0 0 0 0 0 0 0 0 0 0 0 0 0 0 0 0 0 0 0 0 0 0 0 0 0 0 0 0 0 0 0 0 0 0 0 0 0 0 0 0 0 0 data 13 0x40007 0x357a 0x38 0x105e1 0x80003 0x105e1 0x18 0x0 0x0 0x0 0x9 0x1 0x0 oops 0 methods 0
ciMethodData com/android/tools/r8/internal/DJ <init> (Lcom/android/tools/r8/internal/GJ;)V 2 13762 orig 80 0 0 0 0 0 0 0 0 0 0 0 0 0 0 0 0 0 0 0 0 0 0 0 0 0 0 0 0 0 0 0 0 0 0 0 0 0 0 0 0 0 0 0 0 0 0 0 0 0 0 0 0 0 0 0 0 0 0 0 0 0 0 0 0 0 0 0 0 0 0 0 0 0 0 0 0 0 0 0 0 data 9 0x60002 0x357a 0x0 0x0 0x0 0x9 0x2 0x6 0x0 oops 0 methods 0
ciMethod com/android/tools/r8/ir/optimize/K$$Lambda$516+0x000000002026c470 <init> (Lcom/android/tools/r8/internal/Nl;Ljava/util/Map;)V 2 0 121 0 0
ciMethodData com/android/tools/r8/ir/optimize/K a (Lcom/android/tools/r8/internal/Nl;)V 2 1265584 orig 80 1 0 0 0 0 0 0 0 0 0 0 0 0 0 0 0 0 0 0 0 0 0 0 0 0 0 0 0 0 0 0 0 0 0 0 0 0 0 0 0 0 0 0 0 0 0 0 0 0 0 0 0 0 0 0 0 0 0 0 0 0 0 0 0 0 0 0 0 0 0 0 0 0 0 0 0 0 0 0 0 data 834 0xb0002 0xc274 0xe0002 0xc274 0x110005 0x0 0x0 0x681a4810 0xc276 0x0 0x0 0x180005 0x0 0x0 0x681a6b90 0xc276 0x0 0x0 0x1f0005 0x0 0x0 0x681a6c40 0x414b0 0x0 0x0 0x240007 0xc272 0xfc0 0x3525a 0x290005 0x0 0x0 0x681a6c40 0x3525b 0x0 0x0 0x2e0004 0x0 0x0 0x681a6cf0 0x3525d 0x0 0x0 0x310005 0x0 0x0 0x681a6cf0 0x3525d 0x0 0x0 0x340005 0x0 0x0 0x681a6b90 0x3525e 0x0 0x0 0x3b0005 0x0 0x0 0x681a6c40 0x133e60 0x0 0x0 0x400007 0x35249 0xfffffffffffffe90 0xfecd6 0x450005 0x0 0x0 0x681a6c40 0xfece3 0x0 0x0 0x4a0004 0x0 0x0 0x681a6da0 0x58a6 0x681a6e50 0x7414 0x500005 0xf206c 0x0 0x681a6da0 0x58a6 0x681a6e50 0x7414 0x530007 0x274b4 0x38 0xd78ed 0x560003 0xd78e2 0xfffffffffffffee0 0x5b0005 0x15340 0x0 0x681a6e50 0x7414 0x681a6f00 0xad7f 0x610005 0x15340 0x0 0x681a6e50 0x7414 0x681a6f00 0xad7f 0x640007 0x16eba 0x38 0x10616 0x670003 0x10619 0xfffffffffffffe38 0x6c0005 0x408f 0x0 0x681a6f00 0x6bb3 0x681a6fb0 0xc284 0x6f0005 0x16eba 0x0 0x0 0x0 0x0 0x0 0x720007 0x13b92 0x38 0x332d 0x750003 0x332d 0xfffffffffffffd90 0x7b0005 0x3741 0x0 0x681a6f00 0x5c15 0x681a6fb0 0xa845 0x8e0005 0x13b94 0x0 0x0 0x0 0x0 0x0 0x920005 0x3741 0x0 0x681a6f00 0x5c15 0x681a6fb0 0xa847 0x9d0005 0x13b94 0x0 0x0 0x0 0x0 0x0 0xa00007 0x12091 0x90 0x1b0c 0xac0005 0x0 0x0 0x681a7060 0x1b0d 0x0 0x0 0xb10007 0xcd6 0x38 0xe37 0xb40003 0xe37 0x770 0xbb0005 0x0 0x0 0x681a7110 0x12d67 0x0 0x0 0xbe0007 0x0 0x38 0x12d67 0xc10003 0x12d67 0xfffffffffffffbb0 0xc70007 0x0 0xd8 0x0 0xce0005 0x0 0x0 0x0 0x0 0x0 0x0 0xd10005 0x0 0x0 0x0 0x0 0x0 0x0 0xd40007 0x0 0x38 0x0 0xd70003 0x0 0x28 0xde0002 0x0 0xe60005 0x0 0x0 0x0 0x0 0x0 0x0 0xec0005 0x0 0x0 0x0 0x0 0x0 0x0 0xef0004 0x0 0x0 0x0 0x0 0x0 0x0 0xf50005 0x0 0x0 0x0 0x0 0x0 0x0 0xfa0005 0x0 0x0 0x0 0x0 0x0 0x0 0x1000005 0x0 0x0 0x0 0x0 0x0 0x0 0x1030005 0x0 0x0 0x0 0x0 0x0 0x0 0x1090007 0x0 0xfffffffffffff938 0x0 0x1110005 0x0 0x0 0x0 0x0 0x0 0x0 0x1140005 0x0 0x0 0x0 0x0 0x0 0x0 0x1170007 0x0 0x38 0x0 0x11a0003 0x0 0xfffffffffffff888 0x1220005 0x0 0x0 0x0 0x0 0x0 0x0 0x1280007 0x0 0x38 0x0 0x12b0003 0x0 0xfffffffffffff818 0x1300005 0x0 0x0 0x0 0x0 0x0 0x0 0x1330004 0x0 0x0 0x0 0x0 0x0 0x0 0x1370005 0x0 0x0 0x0 0x0 0x0 0x0 0x1440005 0x0 0x0 0x0 0x0 0x0 0x0 0x1470005 0x0 0x0 0x0 0x0 0x0 0x0 0x14a0007 0x0 0xfffffffffffff6e8 0x0 0x14f0005 0x0 0x0 0x0 0x0 0x0 0x0 0x1520007 0x0 0x38 0x0 0x1550003 0x0 0xfffffffffffff670 0x15a0005 0x0 0x0 0x0 0x0 0x0 0x0 0x15d0007 0x0 0x170 0x0 0x1620005 0x0 0x0 0x0 0x0 0x0 0x0 0x1650005 0x0 0x0 0x0 0x0 0x0 0x0 0x1680005 0x0 0x0 0x0 0x0 0x0 0x0 0x16b0005 0x0 0x0 0x0 0x0 0x0 0x0 0x16e0005 0x0 0x0 0x0 0x0 0x0 0x0 0x1710007 0x0 0x38 0x0 0x1740003 0x0 0xfffffffffffff4c8 0x17c0005 0x0 0x0 0x64040470 0xe37 0x0 0x0 0x1830005 0x0 0x0 0x681a71c0 0xec0 0x0 0x0 0x1880007 0x89 0x1e8 0xe37 0x18d0005 0x0 0x0 0x681a71c0 0xe37 0x0 0x0 0x1920004 0x0 0x0 0x681a7270 0xbea 0x681a7320 0x24d 0x1980005 0x0 0x0 0x681a7270 0xbea 0x681a7320 0x24d 0x19b0007 0x24d 0xfffffffffffff378 0xbea 0x1a30005 0x9ff 0x0 0x681a6fb0 0x121 0x681a73d0 0xca 0x1a60007 0xb20 0xfffffffffffff320 0xca 0x1ae0005 0x0 0x0 0x681a73d0 0xca 0x0 0x0 0x1b10005 0x0 0x0 0x681a6cf0 0xca 0x0 0x0 0x1b40007 0x89 0xfffffffffffffe18 0x41 0x1b70003 0x41 0xfffffffffffff270 0x1bd000a 0x89 0x1 0x681a7480 0x1c20005 0x0 0x0 0x681a7530 0x89 0x0 0x0 0x1c70004 0x0 0x0 0x64040470 0x89 0x0 0x0 0x1cc0005 0x0 0x0 0x681a6f00 0x89 0x0 0x0 0x1cf0005 0x0 0x0 0x64040470 0x89 0x0 0x0 0x1d50003 0x89 0xfffffffffffff158 0x1d90005 0xc273 0x0 0x0 0x0 0x0 0x0 0x1dc0007 0x78 0x20 0xc1fb 0x1e30007 0x78 0xd8 0x0 0x1e70005 0x0 0x0 0x0 0x0 0x0 0x0 0x1ea0005 0x0 0x0 0x0 0x0 0x0 0x0 0x1ed0007 0x0 0x38 0x0 0x1f00003 0x0 0x28 0x1f70002 0x0 0x2010002 0x78 0x2070007 0x0 0x30 0x78 0x2120002 0x78 0x21f0005 0x0 0x0 0x681a75e0 0x78 0x0 0x0 0x224000a 0x78 0x1 0x681a7690 0x2290005 0x0 0x0 0x681a7740 0x78 0x0 0x0 0x22e000a 0x78 0x1 0x681a77f0 0x2330005 0x0 0x0 0x681a78a0 0x78 0x0 0x0 0x23b0005 0x0 0x0 0x681a7950 0x78 0x0 0x0 0x242000a 0x78 0x5 0x0 0x681a4810 0x1 0x681a7a00 0x681a7ab0 0x2470005 0x0 0x0 0x681a7b60 0x78 0x0 0x0 0x24c0005 0x0 0x0 0x681a7a00 0x78 0x0 0x0 0x24f0007 0x76 0x4b8 0x2 0x2560005 0x0 0x0 0x681a6b90 0x2 0x0 0x0 0x25b0005 0x0 0x0 0x681a6c40 0x27 0x0 0x0 0x2600007 0x2 0x428 0x25 0x2640005 0x0 0x0 0x681a6c40 0x25 0x0 0x0 0x2690004 0x0 0x0 0x681a6cf0 0x25 0x0 0x0 0x26d0005 0x0 0x0 0x681a6cf0 0x25 0x0 0x0 0x2740005 0x0 0x0 0x681a7c10 0xe4 0x0 0x0 0x2790007 0x25 0xfffffffffffffec8 0xbf 0x27e0005 0x0 0x0 0x681a7c10 0xbf 0x0 0x0 0x2830004 0x0 0x0 0x681a7cc0 0x3 0x681a7d70 0x37 0x2890005 0x85 0x0 0x681a7cc0 0x3 0x681a7d70 0x37 0x28c0007 0x35 0x38 0x8a 0x28f0003 0x8a 0xfffffffffffffee0 0x2950005 0x19 0x0 0x681a6fb0 0x13 0x681a6e50 0x9 0x29b0005 0x0 0x0 0x681a7a00 0x35 0x0 0x0 0x29e0007 0x31 0xfffffffffffffe58 0x4 0x2a40005 0x0 0x0 0x681a7a00 0x4 0x0 0x0 0x2a70004 0x0 0x0 0x681a7270 0x4 0x0 0x0 0x2af0007 0x4 0x68 0x0 0x2b40007 0x0 0x38 0x0 0x2b70003 0x0 0x28 0x2be0002 0x0 0x2c60005 0x0 0x0 0x681a6f00 0x4 0x0 0x0 0x2cb0005 0x0 0x0 0x681a7270 0x4 0x0 0x0 0x2ce0005 0x0 0x0 0x681a7c10 0x4 0x0 0x0 0x2d30003 0x4 0xfffffffffffffcb8 0x2da0005 0x78 0x0 0x0 0x0 0x0 0x0 0x2de0005 0x0 0x0 0x681a4810 0x78 0x0 0x0 0x2e40007 0x78 0xa0 0x0 0x2ec0005 0x0 0x0 0x0 0x0 0x0 0x0 0x2ef0007 0x0 0x38 0x0 0x2f20003 0x0 0x28 0x2f90002 0x0 0x0 0x0 0x0 0x0 0x0 0x0 0x0 0x0 0x0 0x0 0x0 0x0 0x9 0x2 0x0 0x0 oops 72 7 com/android/tools/r8/internal/Nl 14 java/util/LinkedList 21 java/util/LinkedList$ListItr 32 java/util/LinkedList$ListItr 39 com/android/tools/r8/internal/J4 46 com/android/tools/r8/internal/J4 53 java/util/LinkedList 60 java/util/LinkedList$ListItr 71 java/util/LinkedList$ListItr 78 com/android/tools/r8/internal/kd 80 com/android/tools/r8/internal/bt 85 com/android/tools/r8/internal/kd 87 com/android/tools/r8/internal/bt 99 com/android/tools/r8/internal/bt 101 com/android/tools/r8/internal/st 106 com/android/tools/r8/internal/bt 108 com/android/tools/r8/internal/st 120 com/android/tools/r8/internal/st 122 com/android/tools/r8/internal/xt 141 com/android/tools/r8/internal/st 143 com/android/tools/r8/internal/xt 155 com/android/tools/r8/internal/st 157 com/android/tools/r8/internal/xt 173 com/android/tools/r8/internal/cT 187 com/android/tools/r8/graph/w 422 java/util/ArrayList 429 java/util/ArrayList$Itr 440 java/util/ArrayList$Itr 447 com/android/tools/r8/internal/f20 449 com/android/tools/r8/internal/dM 454 com/android/tools/r8/internal/f20 456 com/android/tools/r8/internal/dM 465 com/android/tools/r8/internal/xt 467 com/android/tools/r8/internal/id 476 com/android/tools/r8/internal/id 483 com/android/tools/r8/internal/J4 497 com/android/tools/r8/ir/optimize/K$$Lambda$513+0x000000002026bd60 501 com/android/tools/r8/internal/GJ 508 java/util/ArrayList 515 com/android/tools/r8/internal/st 522 java/util/ArrayList 578 com/android/tools/r8/internal/DJ 585 com/android/tools/r8/ir/optimize/K$$Lambda$514+0x000000002026bf98 589 java/util/stream/ReferencePipeline$Head 596 com/android/tools/r8/ir/optimize/K$$Lambda$515+0x000000002026c1e0 600 java/util/stream/ReferencePipeline$2 607 java/util/stream/SortedOps$OfRef 615 com/android/tools/r8/internal/Nl 617 java/util/HashMap 618 com/android/tools/r8/ir/optimize/K$$Lambda$516+0x000000002026c470 622 java/util/stream/SliceOps$1 629 java/util/HashMap 640 java/util/LinkedList 647 java/util/LinkedList$ListItr 658 java/util/LinkedList$ListItr 665 com/android/tools/r8/internal/J4 672 com/android/tools/r8/internal/J4 679 com/android/tools/r8/internal/M4 690 com/android/tools/r8/internal/M4 697 com/android/tools/r8/internal/L2 699 com/android/tools/r8/internal/te 704 com/android/tools/r8/internal/L2 706 com/android/tools/r8/internal/te 718 com/android/tools/r8/internal/xt 720 com/android/tools/r8/internal/bt 725 java/util/HashMap 736 java/util/HashMap 743 com/android/tools/r8/internal/f20 763 com/android/tools/r8/internal/st 770 com/android/tools/r8/internal/f20 777 com/android/tools/r8/internal/M4 794 com/android/tools/r8/internal/Nl methods 0
ciMethodData com/android/tools/r8/ir/optimize/J <init> ()V 2 50013 orig 80 0 0 0 0 0 0 0 0 0 0 0 0 0 0 0 0 0 0 0 0 0 0 0 0 0 0 0 0 0 0 0 0 0 0 0 0 0 0 0 0 0 0 0 0 0 0 0 0 0 0 0 0 0 0 0 0 0 0 0 0 0 0 0 0 0 0 0 0 0 0 0 0 0 0 0 0 0 0 0 0 data 7 0x10002 0xc274 0x0 0x0 0x9 0x1 0x0 oops 0 methods 0
ciMethodData com/android/tools/r8/ir/optimize/K$$Lambda$516+0x000000002026c470 <init> (Lcom/android/tools/r8/internal/Nl;Ljava/util/Map;)V 1 121 orig 80 0 0 0 0 0 0 0 0 0 0 0 0 0 0 0 0 0 0 0 0 0 0 0 0 0 0 0 0 0 0 0 0 0 0 0 0 0 0 0 0 0 0 0 0 0 0 0 0 0 0 0 0 0 0 0 0 0 0 0 0 0 0 0 0 0 0 0 0 0 0 0 0 0 0 0 0 0 0 0 0 data 11 0x10002 0x78 0x0 0x0 0x0 0x0 0x9 0x3 0x6 0x0 0x0 oops 0 methods 0
ciMethodData com/android/tools/r8/internal/O0 <init> ()V 2 81170 orig 80 0 0 0 0 0 0 0 0 0 0 0 0 0 0 0 0 0 0 0 0 0 0 0 0 0 0 0 0 0 0 0 0 0 0 0 0 0 0 0 0 0 0 0 0 0 0 0 0 0 0 0 0 0 0 0 0 0 0 0 0 0 0 0 0 0 0 0 0 0 0 0 0 0 0 0 0 0 0 0 0 data 7 0x10002 0x13b14 0x0 0x0 0x9 0x1 0x0 oops 0 methods 0
ciMethodData com/android/tools/r8/internal/M0 <init> ()V 2 81172 orig 80 0 0 0 0 0 0 0 0 0 0 0 0 0 0 0 0 0 0 0 0 0 0 0 0 0 0 0 0 0 0 0 0 0 0 0 0 0 0 0 0 0 0 0 0 0 0 0 0 0 0 0 0 0 0 0 0 0 0 0 0 0 0 0 0 0 0 0 0 0 0 0 0 0 0 0 0 0 0 0 0 data 7 0x10002 0x13b15 0x0 0x0 0x9 0x1 0x0 oops 0 methods 0
ciMethodData com/android/tools/r8/utils/H a ()Ljava/util/function/BiPredicate; 2 72346 orig 80 0 0 0 0 0 0 0 0 0 0 0 0 0 0 0 0 0 0 0 0 0 0 0 0 0 0 0 0 0 0 0 0 0 0 0 0 0 0 0 0 0 0 0 0 0 0 0 0 0 0 0 0 0 0 0 0 0 0 0 0 0 0 0 0 0 0 0 0 0 0 0 0 0 0 0 0 0 0 0 0 data 7 0xa 0x11908 0x1 0x642b5ce0 0x0 0x9 0x0 oops 1 3 com/android/tools/r8/utils/H$$Lambda$399+0x0000000020202930 methods 0
ciMethodData com/android/tools/r8/utils/H$$Lambda$399+0x0000000020202930 test (Ljava/lang/Object;Ljava/lang/Object;)Z 2 74116 orig 80 0 0 0 0 0 0 0 0 0 0 0 0 0 0 0 0 0 0 0 0 0 0 0 0 0 0 0 0 0 0 0 0 0 0 0 0 0 0 0 0 0 0 0 0 0 0 0 0 0 0 0 0 0 0 0 0 0 0 0 0 0 0 0 0 0 0 0 0 0 0 0 0 0 0 0 0 0 0 0 0 data 13 0x20002 0x1197e 0x0 0x0 0x0 0x0 0x0 0x0 0x9 0x3 0x0 0x0 0x0 oops 0 methods 0
ciMethodData com/android/tools/r8/utils/H a (Ljava/lang/Object;Ljava/lang/Object;)Z 2 72201 orig 80 0 0 0 0 0 0 0 0 0 0 0 0 0 0 0 0 0 0 0 0 0 0 0 0 0 0 0 0 0 0 0 0 0 0 0 0 0 0 0 0 0 0 0 0 0 0 0 0 0 0 0 0 0 0 0 0 0 0 0 0 0 0 0 0 0 0 0 0 0 0 0 0 0 0 0 0 0 0 0 0 data 5 0x0 0x9 0x2 0x0 0x0 oops 0 methods 0
compile com/android/tools/r8/ir/optimize/K a (Lcom/android/tools/r8/internal/Nl;)V -1 4 inline 221 0 -1 com/android/tools/r8/ir/optimize/K a (Lcom/android/tools/r8/internal/Nl;)V 1 11 com/android/tools/r8/ir/optimize/J <init> ()V 2 1 java/lang/Object <init> ()V 1 14 com/android/tools/r8/internal/GJ <init> (Lcom/android/tools/r8/internal/Nk;)V 2 14 com/android/tools/r8/internal/O0 <init> ()V 3 1 com/android/tools/r8/internal/M0 <init> ()V 4 1 java/lang/Object <init> ()V 2 29 com/android/tools/r8/internal/cl a (IF)I 3 9 com/android/tools/r8/internal/cl b (J)J 3 17 java/lang/Math max (JJ)J 2 47 com/android/tools/r8/internal/cl b (IF)I 1 17 com/android/tools/r8/internal/Nl h ()Lcom/android/tools/r8/graph/A5; 1 24 java/util/AbstractSequentialList iterator ()Ljava/util/Iterator; 2 1 java/util/AbstractList listIterator ()Ljava/util/ListIterator; 3 2 java/util/LinkedList listIterator (I)Ljava/util/ListIterator; 4 2 java/util/LinkedList checkPositionIndex (I)V 5 2 java/util/LinkedList isPositionIndex (I)Z 4 11 java/util/LinkedList$ListItr <init> (Ljava/util/LinkedList;I)V 5 6 java/lang/Object <init> ()V 5 35 java/util/LinkedList node (I)Ljava/util/LinkedList$Node; 1 31 java/util/LinkedList$ListItr hasNext ()Z 1 41 java/util/LinkedList$ListItr next ()Ljava/lang/Object; 2 1 java/util/LinkedList$ListItr checkForComodification ()V 2 5 java/util/LinkedList$ListItr hasNext ()Z 1 49 com/android/tools/r8/internal/J4 l ()Ljava/util/LinkedList; 1 52 java/util/AbstractSequentialList iterator ()Ljava/util/Iterator; 2 1 java/util/AbstractList listIterator ()Ljava/util/ListIterator; 3 2 java/util/LinkedList listIterator (I)Ljava/util/ListIterator; 4 2 java/util/LinkedList checkPositionIndex (I)V 5 2 java/util/LinkedList isPositionIndex (I)Z 4 11 java/util/LinkedList$ListItr <init> (Ljava/util/LinkedList;I)V 5 6 java/lang/Object <init> ()V 5 35 java/util/LinkedList node (I)Ljava/util/LinkedList$Node; 1 59 java/util/LinkedList$ListItr hasNext ()Z 1 69 java/util/LinkedList$ListItr next ()Ljava/lang/Object; 2 1 java/util/LinkedList$ListItr checkForComodification ()V 2 5 java/util/LinkedList$ListItr hasNext ()Z 1 97 com/android/tools/r8/internal/Ko b ()Lcom/android/tools/r8/internal/f20; 1 108 com/android/tools/r8/internal/Ko b ()Lcom/android/tools/r8/internal/f20; 1 111 com/android/tools/r8/internal/f20 w ()Z 2 1 com/android/tools/r8/internal/f20 q ()Lcom/android/tools/r8/graph/g0; 1 123 com/android/tools/r8/internal/gt N2 ()Lcom/android/tools/r8/graph/s2; 1 146 com/android/tools/r8/internal/gt N2 ()Lcom/android/tools/r8/graph/s2; 1 157 com/android/tools/r8/internal/KB a (Lcom/android/tools/r8/graph/s2;Ljava/util/List;)Z 2 5 com/android/tools/r8/internal/cT contains (Ljava/lang/Object;)Z 3 18 com/android/tools/r8/internal/hl a (Ljava/lang/Object;)I 4 9 com/android/tools/r8/graph/C hashCode ()I 5 11 com/android/tools/r8/graph/s2 o0 ()I 6 6 com/android/tools/r8/graph/C hashCode ()I 7 11 com/android/tools/r8/graph/E2 o0 ()I 6 16 com/android/tools/r8/graph/C hashCode ()I 7 11 com/android/tools/r8/graph/A2 o0 ()I 8 28 com/android/tools/r8/graph/G2 hashCode ()I 9 4 java/util/Arrays hashCode ([Ljava/lang/Object;)I 6 28 com/android/tools/r8/graph/C hashCode ()I 7 11 com/android/tools/r8/graph/D2 o0 ()I 8 12 java/util/Arrays hashCode ([B)I 4 12 com/android/tools/r8/internal/hl a (I)I 5 9 java/lang/Integer rotateLeft (II)I 2 18 com/android/tools/r8/utils/H a ()Ljava/util/function/BiPredicate; 3 0 java/lang/invoke/Invokers$Holder linkToTargetMethod (Ljava/lang/Object;)Ljava/lang/Object; 4 4 java/lang/invoke/LambdaForm$MH+0x0000000020000400 invoke (Ljava/lang/Object;)Ljava/lang/Object; 2 38 com/android/tools/r8/utils/H$$Lambda$399+0x0000000020202930 test (Ljava/lang/Object;Ljava/lang/Object;)Z 3 2 com/android/tools/r8/utils/H a (Ljava/lang/Object;Ljava/lang/Object;)Z 1 172 com/android/tools/r8/internal/cT contains (Ljava/lang/Object;)Z 2 18 com/android/tools/r8/internal/hl a (Ljava/lang/Object;)I 3 9 com/android/tools/r8/graph/C hashCode ()I 4 11 com/android/tools/r8/graph/s2 o0 ()I 5 6 com/android/tools/r8/graph/C hashCode ()I 6 11 com/android/tools/r8/graph/E2 o0 ()I 5 16 com/android/tools/r8/graph/C hashCode ()I 6 11 com/android/tools/r8/graph/A2 o0 ()I 7 28 com/android/tools/r8/graph/G2 hashCode ()I 8 4 java/util/Arrays hashCode ([Ljava/lang/Object;)I 5 28 com/android/tools/r8/graph/C hashCode ()I 6 11 com/android/tools/r8/graph/D2 o0 ()I 7 12 java/util/Arrays hashCode ([B)I 3 12 com/android/tools/r8/internal/hl a (I)I 4 9 java/lang/Integer rotateLeft (II)I 1 187 com/android/tools/r8/graph/w p ()Z 1 380 java/util/ArrayList iterator ()Ljava/util/Iterator; 2 5 java/util/ArrayList$Itr <init> (Ljava/util/ArrayList;)V 3 6 java/lang/Object <init> ()V 1 387 java/util/ArrayList$Itr hasNext ()Z 1 397 java/util/ArrayList$Itr next ()Ljava/lang/Object; 2 1 java/util/ArrayList$Itr checkForComodification ()V 1 408 com/android/tools/r8/internal/f20 i ()Z 1 408 com/android/tools/r8/internal/cM i ()Z 1 430 com/android/tools/r8/internal/Ko h ()Lcom/android/tools/r8/internal/J4; 1 433 com/android/tools/r8/internal/J4 p ()I 1 445 java/lang/invoke/Invokers$Holder linkToTargetMethod (Ljava/lang/Object;)Ljava/lang/Object; 2 4 java/lang/invoke/LambdaForm$MH+0x0000000020000400 invoke (Ljava/lang/Object;)Ljava/lang/Object; 1 460 com/android/tools/r8/internal/Ko b ()Lcom/android/tools/r8/internal/f20; 1 463 java/util/ArrayList add (Ljava/lang/Object;)Z 2 20 java/util/ArrayList add (Ljava/lang/Object;[Ljava/lang/Object;I)V 3 7 java/util/ArrayList grow ()[Ljava/lang/Object; 4 7 java/util/ArrayList grow (I)[Ljava/lang/Object; 5 27 jdk/internal/util/ArraysSupport newLength (III)I 1 473 com/android/tools/r8/internal/GJ isEmpty ()Z 1 513 java/util/HashMap <init> ()V 2 1 java/util/AbstractMap <init> ()V 3 1 java/lang/Object <init> ()V 1 530 com/android/tools/r8/internal/DJ <init> (Lcom/android/tools/r8/internal/GJ;)V 2 6 com/android/tools/r8/internal/Y0 <init> ()V 3 1 com/android/tools/r8/internal/X0 <init> ()V 4 1 com/android/tools/r8/internal/R0 <init> ()V 5 1 java/util/AbstractCollection <init> ()V 6 1 java/lang/Object <init> ()V 1 543 java/util/Collection stream ()Ljava/util/stream/Stream; 2 1 java/util/SortedSet spliterator ()Ljava/util/Spliterator; 3 8 java/util/SortedSet$1 <init> (Ljava/util/SortedSet;Ljava/util/Collection;I)V 4 8 java/util/Spliterators$IteratorSpliterator <init> (Ljava/util/Collection;I)V 5 1 java/lang/Object <init> ()V 2 7 java/util/stream/StreamSupport stream (Ljava/util/Spliterator;Z)Ljava/util/stream/Stream; 3 1 java/util/Objects requireNonNull (Ljava/lang/Object;)Ljava/lang/Object; 3 11 java/util/stream/StreamOpFlag fromCharacteristics (Ljava/util/Spliterator;)I 4 14 java/util/SortedSet$1 getComparator ()Ljava/util/Comparator; 3 15 java/util/stream/ReferencePipeline$Head <init> (Ljava/util/Spliterator;IZ)V 4 4 java/util/stream/ReferencePipeline <init> (Ljava/util/Spliterator;IZ)V 5 4 java/util/stream/AbstractPipeline <init> (Ljava/util/Spliterator;IZ)V 6 1 java/util/stream/PipelineHelper <init> ()V 7 1 java/lang/Object <init> ()V 1 548 java/lang/invoke/Invokers$Holder linkToTargetMethod (Ljava/lang/Object;)Ljava/lang/Object; 2 4 java/lang/invoke/LambdaForm$MH+0x0000000020000400 invoke (Ljava/lang/Object;)Ljava/lang/Object; 1 553 java/util/stream/ReferencePipeline filter (Ljava/util/function/Predicate;)Ljava/util/stream/Stream; 2 1 java/util/Objects requireNonNull (Ljava/lang/Object;)Ljava/lang/Object; 2 18 java/util/stream/ReferencePipeline$2 <init> (Ljava/util/stream/ReferencePipeline;Ljava/util/stream/AbstractPipeline;Ljava/util/stream/StreamShape;ILjava/util/function/Predicate;)V 3 16 java/util/stream/ReferencePipeline$StatelessOp <init> (Ljava/util/stream/AbstractPipeline;Ljava/util/stream/StreamShape;I)V 4 3 java/util/stream/ReferencePipeline <init> (Ljava/util/stream/AbstractPipeline;I)V 5 3 java/util/stream/AbstractPipeline <init> (Ljava/util/stream/AbstractPipeline;I)V 6 1 java/util/stream/PipelineHelper <init> ()V 7 1 java/lang/Object <init> ()V 6 51 java/util/stream/StreamOpFlag combineOpFlags (II)I 7 2 java/util/stream/StreamOpFlag getMask (I)I 6 66 java/util/stream/ReferencePipeline$StatelessOp opIsStateful ()Z 1 558 java/lang/invoke/Invokers$Holder linkToTargetMethod (Ljava/lang/Object;)Ljava/lang/Object; 2 4 java/lang/invoke/LambdaForm$MH+0x0000000020000400 invoke (Ljava/lang/Object;)Ljava/lang/Object; 1 563 java/util/stream/ReferencePipeline sorted (Ljava/util/Comparator;)Ljava/util/stream/Stream; 2 2 java/util/stream/SortedOps makeRef (Ljava/util/stream/AbstractPipeline;Ljava/util/Comparator;)Ljava/util/stream/Stream; 3 6 java/util/stream/SortedOps$OfRef <init> (Ljava/util/stream/AbstractPipeline;Ljava/util/Comparator;)V 4 12 java/util/stream/ReferencePipeline$StatefulOp <init> (Ljava/util/stream/AbstractPipeline;Ljava/util/stream/StreamShape;I)V 5 3 java/util/stream/ReferencePipeline <init> (Ljava/util/stream/AbstractPipeline;I)V 6 3 java/util/stream/AbstractPipeline <init> (Ljava/util/stream/AbstractPipeline;I)V 7 1 java/util/stream/PipelineHelper <init> ()V 8 1 java/lang/Object <init> ()V 7 51 java/util/stream/StreamOpFlag combineOpFlags (II)I 8 2 java/util/stream/StreamOpFlag getMask (I)I 7 66 java/util/stream/ReferencePipeline$StatefulOp opIsStateful ()Z 4 22 java/util/Objects requireNonNull (Ljava/lang/Object;)Ljava/lang/Object; 1 571 java/util/stream/ReferencePipeline limit (J)Ljava/util/stream/Stream; 2 21 java/util/stream/SliceOps makeRef (Ljava/util/stream/AbstractPipeline;JJ)Ljava/util/stream/Stream; 3 57 java/util/stream/SliceOps flags (J)I 3 64 java/util/stream/SliceOps$1 <init> (Ljava/util/stream/AbstractPipeline;Ljava/util/stream/StreamShape;IJJJ)V 4 22 java/util/stream/ReferencePipeline$StatefulOp <init> (Ljava/util/stream/AbstractPipeline;Ljava/util/stream/StreamShape;I)V 5 3 java/util/stream/ReferencePipeline <init> (Ljava/util/stream/AbstractPipeline;I)V 6 3 java/util/stream/AbstractPipeline <init> (Ljava/util/stream/AbstractPipeline;I)V 7 1 java/util/stream/PipelineHelper <init> ()V 8 1 java/lang/Object <init> ()V 7 51 java/util/stream/StreamOpFlag combineOpFlags (II)I 8 2 java/util/stream/StreamOpFlag getMask (I)I 7 66 java/util/stream/ReferencePipeline$StatefulOp opIsStateful ()Z 1 578 java/lang/invoke/Invokers$Holder linkToTargetMethod (Ljava/lang/Object;Ljava/lang/Object;Ljava/lang/Object;)Ljava/lang/Object; 2 6 java/lang/invoke/DirectMethodHandle$Holder newInvokeSpecial (Ljava/lang/Object;Ljava/lang/Object;Ljava/lang/Object;)Ljava/lang/Object; 3 1 java/lang/invoke/DirectMethodHandle allocateInstance (Ljava/lang/Object;)Ljava/lang/Object; 3 6 java/lang/invoke/DirectMethodHandle constructorMethod (Ljava/lang/Object;)Ljava/lang/Object; 3 19 com/android/tools/r8/ir/optimize/K$$Lambda$516+0x000000002026c470 <init> (Lcom/android/tools/r8/internal/Nl;Ljava/util/Map;)V 4 1 java/lang/Object <init> ()V 1 583 java/util/stream/ReferencePipeline forEach (Ljava/util/function/Consumer;)V 2 3 java/util/stream/ForEachOps makeRef (Ljava/util/function/Consumer;Z)Ljava/util/stream/TerminalOp; 3 1 java/util/Objects requireNonNull (Ljava/lang/Object;)Ljava/lang/Object; 3 11 java/util/stream/ForEachOps$ForEachOp$OfRef <init> (Ljava/util/function/Consumer;Z)V 4 2 java/util/stream/ForEachOps$ForEachOp <init> (Z)V 5 1 java/lang/Object <init> ()V 2 6 java/util/stream/AbstractPipeline evaluate (Ljava/util/stream/TerminalOp;)Ljava/lang/Object; 3 50 java/util/stream/AbstractPipeline isParallel ()Z 3 85 java/util/stream/AbstractPipeline sourceSpliterator (I)Ljava/util/Spliterator; 4 79 java/util/stream/AbstractPipeline isParallel ()Z 4 257 java/util/stream/StreamOpFlag combineOpFlags (II)I 5 2 java/util/stream/StreamOpFlag getMask (I)I 1 588 java/util/HashMap isEmpty ()Z 1 598 java/util/AbstractSequentialList iterator ()Ljava/util/Iterator; 2 1 java/util/AbstractList listIterator ()Ljava/util/ListIterator; 3 2 java/util/LinkedList listIterator (I)Ljava/util/ListIterator; 4 2 java/util/LinkedList checkPositionIndex (I)V 5 2 java/util/LinkedList isPositionIndex (I)Z 4 11 java/util/LinkedList$ListItr <init> (Ljava/util/LinkedList;I)V 5 6 java/lang/Object <init> ()V 5 35 java/util/LinkedList node (I)Ljava/util/LinkedList$Node; 1 603 java/util/LinkedList$ListItr hasNext ()Z 1 621 com/android/tools/r8/internal/J4 a (Lcom/android/tools/r8/internal/Nl;)Lcom/android/tools/r8/internal/No; 2 11 com/android/tools/r8/internal/M4 <init> (Lcom/android/tools/r8/internal/Xl;Lcom/android/tools/r8/internal/J4;)V 3 8 java/lang/Object <init> ()V 3 18 com/android/tools/r8/internal/J4 l ()Ljava/util/LinkedList; 3 21 java/util/AbstractList listIterator ()Ljava/util/ListIterator; 4 2 java/util/LinkedList listIterator (I)Ljava/util/ListIterator; 5 2 java/util/LinkedList checkPositionIndex (I)V 6 2 java/util/LinkedList isPositionIndex (I)Z 5 11 java/util/LinkedList$ListItr <init> (Ljava/util/LinkedList;I)V 6 6 java/lang/Object <init> ()V 6 35 java/util/LinkedList node (I)Ljava/util/LinkedList$Node; 1 628 com/android/tools/r8/internal/M4 hasNext ()Z 2 4 java/util/LinkedList$ListItr hasNext ()Z 1 638 com/android/tools/r8/internal/M4 next ()Ljava/lang/Object; 2 4 java/util/LinkedList$ListItr next ()Ljava/lang/Object; 3 1 java/util/LinkedList$ListItr checkForComodification ()V 3 5 java/util/LinkedList$ListItr hasNext ()Z 1 710 com/android/tools/r8/internal/Ko b ()Lcom/android/tools/r8/internal/f20; 1 715 com/android/tools/r8/internal/f20 f (Lcom/android/tools/r8/internal/f20;)V 1 730 com/android/tools/r8/internal/Nl a (Lcom/android/tools/r8/internal/Kl;Ljava/util/Set;)Z 2 6 java/util/AbstractSequentialList iterator ()Ljava/util/Iterator; 3 1 java/util/AbstractList listIterator ()Ljava/util/ListIterator; 4 2 java/util/LinkedList listIterator (I)Ljava/util/ListIterator; 5 2 java/util/LinkedList checkPositionIndex (I)V 6 2 java/util/LinkedList isPositionIndex (I)Z 5 11 java/util/LinkedList$ListItr <init> (Ljava/util/LinkedList;I)V 6 6 java/lang/Object <init> ()V 6 35 java/util/LinkedList node (I)Ljava/util/LinkedList$Node; 2 11 java/util/LinkedList$ListItr hasNext ()Z 2 36 com/android/tools/r8/internal/J4 r ()Ljava/util/List; 2 154 java/lang/invoke/Invokers$Holder linkToTargetMethod (Ljava/lang/Object;)Ljava/lang/Object; 3 4 java/lang/invoke/LambdaForm$MH+0x0000000020000400 invoke (Ljava/lang/Object;)Ljava/lang/Object;
